customer_code,customer_name,customer_region,sales_person,cluster_2026,growth_class,source_sheet,budget_month,budget_amount_usd,version_label,currency_code,source_file_name,extract_type,load_ts
25000,West Coast Lifestyles Inc.; CA,West,Erin,Lost,Lose,West,2026-01-01,0.0,us_budget_v2_manual_check,USD,2026.01.22 US Spa Sales Budget 2026 FINAL.xlsx,us_budget_v2_monthly,2026-03-24T16:24:00+00:00
25000,West Coast Lifestyles Inc.; CA,West,Erin,Lost,Lose,West,2026-02-01,0.0,us_budget_v2_manual_check,USD,2026.01.22 US Spa Sales Budget 2026 FINAL.xlsx,us_budget_v2_monthly,2026-03-24T16:24:00+00:00
25000,West Coast Lifestyles Inc.; CA,West,Erin,Lost,Lose,West,2026-03-01,0.0,us_budget_v2_manual_check,USD,2026.01.22 US Spa Sales Budget 2026 FINAL.xlsx,us_budget_v2_monthly,2026-03-24T16:24:00+00:00
25000,West Coast Lifestyles Inc.; CA,West,Erin,Lost,Lose,West,2026-04-01,0.0,us_budget_v2_manual_check,USD,2026.01.22 US Spa Sales Budget 2026 FINAL.xlsx,us_budget_v2_monthly,2026-03-24T16:24:00+00:00
25000,West Coast Lifestyles Inc.; CA,West,Erin,Lost,Lose,West,2026-05-01,0.0,us_budget_v2_manual_check,USD,2026.01.22 US Spa Sales Budget 2026 FINAL.xlsx,us_budget_v2_monthly,2026-03-24T16:24:00+00:00
25000,West Coast Lifestyles Inc.; CA,West,Erin,Lost,Lose,West,2026-06-01,0.0,us_budget_v2_manual_check,USD,2026.01.22 US Spa Sales Budget 2026 FINAL.xlsx,us_budget_v2_monthly,2026-03-24T16:24:00+00:00
25000,West Coast Lifestyles Inc.; CA,West,Erin,Lost,Lose,West,2026-07-01,0.0,us_budget_v2_manual_check,USD,2026.01.22 US Spa Sales Budget 2026 FINAL.xlsx,us_budget_v2_monthly,2026-03-24T16:24:00+00:00
25000,West Coast Lifestyles Inc.; CA,West,Erin,Lost,Lose,West,2026-08-01,0.0,us_budget_v2_manual_check,USD,2026.01.22 US Spa Sales Budget 2026 FINAL.xlsx,us_budget_v2_monthly,2026-03-24T16:24:00+00:00
25000,West Coast Lifestyles Inc.; CA,West,Erin,Lost,Lose,West,2026-09-01,0.0,us_budget_v2_manual_check,USD,2026.01.22 US Spa Sales Budget 2026 FINAL.xlsx,us_budget_v2_monthly,2026-03-24T16:24:00+00:00
25000,West Coast Lifestyles Inc.; CA,West,Erin,Lost,Lose,West,2026-10-01,0.0,us_budget_v2_manual_check,USD,2026.01.22 US Spa Sales Budget 2026 FINAL.xlsx,us_budget_v2_monthly,2026-03-24T16:24:00+00:00
25000,West Coast Lifestyles Inc.; CA,West,Erin,Lost,Lose,West,2026-11-01,0.0,us_budget_v2_manual_check,USD,2026.01.22 US Spa Sales Budget 2026 FINAL.xlsx,us_budget_v2_monthly,2026-03-24T16:24:00+00:00
25000,West Coast Lifestyles Inc.; CA,West,Erin,Lost,Lose,West,2026-12-01,0.0,us_budget_v2_manual_check,USD,2026.01.22 US Spa Sales Budget 2026 FINAL.xlsx,us_budget_v2_monthly,2026-03-24T16:24:00+00:00
25001,Four Seasons Hotel Philadelphia; PA,Northeast,Marcus,A+,Grow,Northeast,2026-01-01,2400.0,us_budget_v2_manual_check,USD,2026.01.22 US Spa Sales Budget 2026 FINAL.xlsx,us_budget_v2_monthly,2026-03-24T16:24:00+00:00
25001,Four Seasons Hotel Philadelphia; PA,Northeast,Marcus,A+,Grow,Northeast,2026-02-01,2400.0,us_budget_v2_manual_check,USD,2026.01.22 US Spa Sales Budget 2026 FINAL.xlsx,us_budget_v2_monthly,2026-03-24T16:24:00+00:00
25001,Four Seasons Hotel Philadelphia; PA,Northeast,Marcus,A+,Grow,Northeast,2026-03-01,2700.0,us_budget_v2_manual_check,USD,2026.01.22 US Spa Sales Budget 2026 FINAL.xlsx,us_budget_v2_monthly,2026-03-24T16:24:00+00:00
25001,Four Seasons Hotel Philadelphia; PA,Northeast,Marcus,A+,Grow,Northeast,2026-04-01,2700.0,us_budget_v2_manual_check,USD,2026.01.22 US Spa Sales Budget 2026 FINAL.xlsx,us_budget_v2_monthly,2026-03-24T16:24:00+00:00
25001,Four Seasons Hotel Philadelphia; PA,Northeast,Marcus,A+,Grow,Northeast,2026-05-01,2700.0,us_budget_v2_manual_check,USD,2026.01.22 US Spa Sales Budget 2026 FINAL.xlsx,us_budget_v2_monthly,2026-03-24T16:24:00+00:00
25001,Four Seasons Hotel Philadelphia; PA,Northeast,Marcus,A+,Grow,Northeast,2026-06-01,2400.0,us_budget_v2_manual_check,USD,2026.01.22 US Spa Sales Budget 2026 FINAL.xlsx,us_budget_v2_monthly,2026-03-24T16:24:00+00:00
25001,Four Seasons Hotel Philadelphia; PA,Northeast,Marcus,A+,Grow,Northeast,2026-07-01,2400.0,us_budget_v2_manual_check,USD,2026.01.22 US Spa Sales Budget 2026 FINAL.xlsx,us_budget_v2_monthly,2026-03-24T16:24:00+00:00
25001,Four Seasons Hotel Philadelphia; PA,Northeast,Marcus,A+,Grow,Northeast,2026-08-01,1800.0,us_budget_v2_manual_check,USD,2026.01.22 US Spa Sales Budget 2026 FINAL.xlsx,us_budget_v2_monthly,2026-03-24T16:24:00+00:00
25001,Four Seasons Hotel Philadelphia; PA,Northeast,Marcus,A+,Grow,Northeast,2026-09-01,2700.0,us_budget_v2_manual_check,USD,2026.01.22 US Spa Sales Budget 2026 FINAL.xlsx,us_budget_v2_monthly,2026-03-24T16:24:00+00:00
25001,Four Seasons Hotel Philadelphia; PA,Northeast,Marcus,A+,Grow,Northeast,2026-10-01,3000.0,us_budget_v2_manual_check,USD,2026.01.22 US Spa Sales Budget 2026 FINAL.xlsx,us_budget_v2_monthly,2026-03-24T16:24:00+00:00
25001,Four Seasons Hotel Philadelphia; PA,Northeast,Marcus,A+,Grow,Northeast,2026-11-01,2700.0,us_budget_v2_manual_check,USD,2026.01.22 US Spa Sales Budget 2026 FINAL.xlsx,us_budget_v2_monthly,2026-03-24T16:24:00+00:00
25001,Four Seasons Hotel Philadelphia; PA,Northeast,Marcus,A+,Grow,Northeast,2026-12-01,2100.0,us_budget_v2_manual_check,USD,2026.01.22 US Spa Sales Budget 2026 FINAL.xlsx,us_budget_v2_monthly,2026-03-24T16:24:00+00:00
25002,Porto Vita/Villa Grande Club; Fl,Southeast,Bethany,A,Grow,Southeast,2026-01-01,2160.0,us_budget_v2_manual_check,USD,2026.01.22 US Spa Sales Budget 2026 FINAL.xlsx,us_budget_v2_monthly,2026-03-24T16:24:00+00:00
25002,Porto Vita/Villa Grande Club; Fl,Southeast,Bethany,A,Grow,Southeast,2026-02-01,2160.0,us_budget_v2_manual_check,USD,2026.01.22 US Spa Sales Budget 2026 FINAL.xlsx,us_budget_v2_monthly,2026-03-24T16:24:00+00:00
25002,Porto Vita/Villa Grande Club; Fl,Southeast,Bethany,A,Grow,Southeast,2026-03-01,2430.0,us_budget_v2_manual_check,USD,2026.01.22 US Spa Sales Budget 2026 FINAL.xlsx,us_budget_v2_monthly,2026-03-24T16:24:00+00:00
25002,Porto Vita/Villa Grande Club; Fl,Southeast,Bethany,A,Grow,Southeast,2026-04-01,2430.0,us_budget_v2_manual_check,USD,2026.01.22 US Spa Sales Budget 2026 FINAL.xlsx,us_budget_v2_monthly,2026-03-24T16:24:00+00:00
25002,Porto Vita/Villa Grande Club; Fl,Southeast,Bethany,A,Grow,Southeast,2026-05-01,2430.0,us_budget_v2_manual_check,USD,2026.01.22 US Spa Sales Budget 2026 FINAL.xlsx,us_budget_v2_monthly,2026-03-24T16:24:00+00:00
25002,Porto Vita/Villa Grande Club; Fl,Southeast,Bethany,A,Grow,Southeast,2026-06-01,2160.0,us_budget_v2_manual_check,USD,2026.01.22 US Spa Sales Budget 2026 FINAL.xlsx,us_budget_v2_monthly,2026-03-24T16:24:00+00:00
25002,Porto Vita/Villa Grande Club; Fl,Southeast,Bethany,A,Grow,Southeast,2026-07-01,2160.0,us_budget_v2_manual_check,USD,2026.01.22 US Spa Sales Budget 2026 FINAL.xlsx,us_budget_v2_monthly,2026-03-24T16:24:00+00:00
25002,Porto Vita/Villa Grande Club; Fl,Southeast,Bethany,A,Grow,Southeast,2026-08-01,1620.0,us_budget_v2_manual_check,USD,2026.01.22 US Spa Sales Budget 2026 FINAL.xlsx,us_budget_v2_monthly,2026-03-24T16:24:00+00:00
25002,Porto Vita/Villa Grande Club; Fl,Southeast,Bethany,A,Grow,Southeast,2026-09-01,2430.0,us_budget_v2_manual_check,USD,2026.01.22 US Spa Sales Budget 2026 FINAL.xlsx,us_budget_v2_monthly,2026-03-24T16:24:00+00:00
25002,Porto Vita/Villa Grande Club; Fl,Southeast,Bethany,A,Grow,Southeast,2026-10-01,2700.0,us_budget_v2_manual_check,USD,2026.01.22 US Spa Sales Budget 2026 FINAL.xlsx,us_budget_v2_monthly,2026-03-24T16:24:00+00:00
25002,Porto Vita/Villa Grande Club; Fl,Southeast,Bethany,A,Grow,Southeast,2026-11-01,2430.0,us_budget_v2_manual_check,USD,2026.01.22 US Spa Sales Budget 2026 FINAL.xlsx,us_budget_v2_monthly,2026-03-24T16:24:00+00:00
25002,Porto Vita/Villa Grande Club; Fl,Southeast,Bethany,A,Grow,Southeast,2026-12-01,1890.0000000000002,us_budget_v2_manual_check,USD,2026.01.22 US Spa Sales Budget 2026 FINAL.xlsx,us_budget_v2_monthly,2026-03-24T16:24:00+00:00
25004,Teton Mountain Lodge,West,Erin,C,Maintain,West,2026-01-01,480.0,us_budget_v2_manual_check,USD,2026.01.22 US Spa Sales Budget 2026 FINAL.xlsx,us_budget_v2_monthly,2026-03-24T16:24:00+00:00
25004,Teton Mountain Lodge,West,Erin,C,Maintain,West,2026-02-01,480.0,us_budget_v2_manual_check,USD,2026.01.22 US Spa Sales Budget 2026 FINAL.xlsx,us_budget_v2_monthly,2026-03-24T16:24:00+00:00
25004,Teton Mountain Lodge,West,Erin,C,Maintain,West,2026-03-01,540.0,us_budget_v2_manual_check,USD,2026.01.22 US Spa Sales Budget 2026 FINAL.xlsx,us_budget_v2_monthly,2026-03-24T16:24:00+00:00
25004,Teton Mountain Lodge,West,Erin,C,Maintain,West,2026-04-01,540.0,us_budget_v2_manual_check,USD,2026.01.22 US Spa Sales Budget 2026 FINAL.xlsx,us_budget_v2_monthly,2026-03-24T16:24:00+00:00
25004,Teton Mountain Lodge,West,Erin,C,Maintain,West,2026-05-01,540.0,us_budget_v2_manual_check,USD,2026.01.22 US Spa Sales Budget 2026 FINAL.xlsx,us_budget_v2_monthly,2026-03-24T16:24:00+00:00
25004,Teton Mountain Lodge,West,Erin,C,Maintain,West,2026-06-01,480.0,us_budget_v2_manual_check,USD,2026.01.22 US Spa Sales Budget 2026 FINAL.xlsx,us_budget_v2_monthly,2026-03-24T16:24:00+00:00
25004,Teton Mountain Lodge,West,Erin,C,Maintain,West,2026-07-01,480.0,us_budget_v2_manual_check,USD,2026.01.22 US Spa Sales Budget 2026 FINAL.xlsx,us_budget_v2_monthly,2026-03-24T16:24:00+00:00
25004,Teton Mountain Lodge,West,Erin,C,Maintain,West,2026-08-01,360.0,us_budget_v2_manual_check,USD,2026.01.22 US Spa Sales Budget 2026 FINAL.xlsx,us_budget_v2_monthly,2026-03-24T16:24:00+00:00
25004,Teton Mountain Lodge,West,Erin,C,Maintain,West,2026-09-01,540.0,us_budget_v2_manual_check,USD,2026.01.22 US Spa Sales Budget 2026 FINAL.xlsx,us_budget_v2_monthly,2026-03-24T16:24:00+00:00
25004,Teton Mountain Lodge,West,Erin,C,Maintain,West,2026-10-01,600.0,us_budget_v2_manual_check,USD,2026.01.22 US Spa Sales Budget 2026 FINAL.xlsx,us_budget_v2_monthly,2026-03-24T16:24:00+00:00
25004,Teton Mountain Lodge,West,Erin,C,Maintain,West,2026-11-01,540.0,us_budget_v2_manual_check,USD,2026.01.22 US Spa Sales Budget 2026 FINAL.xlsx,us_budget_v2_monthly,2026-03-24T16:24:00+00:00
25004,Teton Mountain Lodge,West,Erin,C,Maintain,West,2026-12-01,420.00000000000006,us_budget_v2_manual_check,USD,2026.01.22 US Spa Sales Budget 2026 FINAL.xlsx,us_budget_v2_monthly,2026-03-24T16:24:00+00:00
25008,"Stars Skincare Med Spa, Florida",Southeast,Bethany,Lost,Lose,Southeast,2026-01-01,0.0,us_budget_v2_manual_check,USD,2026.01.22 US Spa Sales Budget 2026 FINAL.xlsx,us_budget_v2_monthly,2026-03-24T16:24:00+00:00
25008,"Stars Skincare Med Spa, Florida",Southeast,Bethany,Lost,Lose,Southeast,2026-02-01,0.0,us_budget_v2_manual_check,USD,2026.01.22 US Spa Sales Budget 2026 FINAL.xlsx,us_budget_v2_monthly,2026-03-24T16:24:00+00:00
25008,"Stars Skincare Med Spa, Florida",Southeast,Bethany,Lost,Lose,Southeast,2026-03-01,0.0,us_budget_v2_manual_check,USD,2026.01.22 US Spa Sales Budget 2026 FINAL.xlsx,us_budget_v2_monthly,2026-03-24T16:24:00+00:00
25008,"Stars Skincare Med Spa, Florida",Southeast,Bethany,Lost,Lose,Southeast,2026-04-01,0.0,us_budget_v2_manual_check,USD,2026.01.22 US Spa Sales Budget 2026 FINAL.xlsx,us_budget_v2_monthly,2026-03-24T16:24:00+00:00
25008,"Stars Skincare Med Spa, Florida",Southeast,Bethany,Lost,Lose,Southeast,2026-05-01,0.0,us_budget_v2_manual_check,USD,2026.01.22 US Spa Sales Budget 2026 FINAL.xlsx,us_budget_v2_monthly,2026-03-24T16:24:00+00:00
25008,"Stars Skincare Med Spa, Florida",Southeast,Bethany,Lost,Lose,Southeast,2026-06-01,0.0,us_budget_v2_manual_check,USD,2026.01.22 US Spa Sales Budget 2026 FINAL.xlsx,us_budget_v2_monthly,2026-03-24T16:24:00+00:00
25008,"Stars Skincare Med Spa, Florida",Southeast,Bethany,Lost,Lose,Southeast,2026-07-01,0.0,us_budget_v2_manual_check,USD,2026.01.22 US Spa Sales Budget 2026 FINAL.xlsx,us_budget_v2_monthly,2026-03-24T16:24:00+00:00
25008,"Stars Skincare Med Spa, Florida",Southeast,Bethany,Lost,Lose,Southeast,2026-08-01,0.0,us_budget_v2_manual_check,USD,2026.01.22 US Spa Sales Budget 2026 FINAL.xlsx,us_budget_v2_monthly,2026-03-24T16:24:00+00:00
25008,"Stars Skincare Med Spa, Florida",Southeast,Bethany,Lost,Lose,Southeast,2026-09-01,0.0,us_budget_v2_manual_check,USD,2026.01.22 US Spa Sales Budget 2026 FINAL.xlsx,us_budget_v2_monthly,2026-03-24T16:24:00+00:00
25008,"Stars Skincare Med Spa, Florida",Southeast,Bethany,Lost,Lose,Southeast,2026-10-01,0.0,us_budget_v2_manual_check,USD,2026.01.22 US Spa Sales Budget 2026 FINAL.xlsx,us_budget_v2_monthly,2026-03-24T16:24:00+00:00
25008,"Stars Skincare Med Spa, Florida",Southeast,Bethany,Lost,Lose,Southeast,2026-11-01,0.0,us_budget_v2_manual_check,USD,2026.01.22 US Spa Sales Budget 2026 FINAL.xlsx,us_budget_v2_monthly,2026-03-24T16:24:00+00:00
25008,"Stars Skincare Med Spa, Florida",Southeast,Bethany,Lost,Lose,Southeast,2026-12-01,0.0,us_budget_v2_manual_check,USD,2026.01.22 US Spa Sales Budget 2026 FINAL.xlsx,us_budget_v2_monthly,2026-03-24T16:24:00+00:00
25010,"Four Seasons Hotel, Fort Lauderdale; FL",Southeast,Bethany,A+++,Grow,Southeast,2026-01-01,3600.0,us_budget_v2_manual_check,USD,2026.01.22 US Spa Sales Budget 2026 FINAL.xlsx,us_budget_v2_monthly,2026-03-24T16:24:00+00:00
25010,"Four Seasons Hotel, Fort Lauderdale; FL",Southeast,Bethany,A+++,Grow,Southeast,2026-02-01,3600.0,us_budget_v2_manual_check,USD,2026.01.22 US Spa Sales Budget 2026 FINAL.xlsx,us_budget_v2_monthly,2026-03-24T16:24:00+00:00
25010,"Four Seasons Hotel, Fort Lauderdale; FL",Southeast,Bethany,A+++,Grow,Southeast,2026-03-01,4050.0,us_budget_v2_manual_check,USD,2026.01.22 US Spa Sales Budget 2026 FINAL.xlsx,us_budget_v2_monthly,2026-03-24T16:24:00+00:00
25010,"Four Seasons Hotel, Fort Lauderdale; FL",Southeast,Bethany,A+++,Grow,Southeast,2026-04-01,4050.0,us_budget_v2_manual_check,USD,2026.01.22 US Spa Sales Budget 2026 FINAL.xlsx,us_budget_v2_monthly,2026-03-24T16:24:00+00:00
25010,"Four Seasons Hotel, Fort Lauderdale; FL",Southeast,Bethany,A+++,Grow,Southeast,2026-05-01,4050.0,us_budget_v2_manual_check,USD,2026.01.22 US Spa Sales Budget 2026 FINAL.xlsx,us_budget_v2_monthly,2026-03-24T16:24:00+00:00
25010,"Four Seasons Hotel, Fort Lauderdale; FL",Southeast,Bethany,A+++,Grow,Southeast,2026-06-01,3600.0,us_budget_v2_manual_check,USD,2026.01.22 US Spa Sales Budget 2026 FINAL.xlsx,us_budget_v2_monthly,2026-03-24T16:24:00+00:00
25010,"Four Seasons Hotel, Fort Lauderdale; FL",Southeast,Bethany,A+++,Grow,Southeast,2026-07-01,3600.0,us_budget_v2_manual_check,USD,2026.01.22 US Spa Sales Budget 2026 FINAL.xlsx,us_budget_v2_monthly,2026-03-24T16:24:00+00:00
25010,"Four Seasons Hotel, Fort Lauderdale; FL",Southeast,Bethany,A+++,Grow,Southeast,2026-08-01,2700.0,us_budget_v2_manual_check,USD,2026.01.22 US Spa Sales Budget 2026 FINAL.xlsx,us_budget_v2_monthly,2026-03-24T16:24:00+00:00
25010,"Four Seasons Hotel, Fort Lauderdale; FL",Southeast,Bethany,A+++,Grow,Southeast,2026-09-01,4050.0,us_budget_v2_manual_check,USD,2026.01.22 US Spa Sales Budget 2026 FINAL.xlsx,us_budget_v2_monthly,2026-03-24T16:24:00+00:00
25010,"Four Seasons Hotel, Fort Lauderdale; FL",Southeast,Bethany,A+++,Grow,Southeast,2026-10-01,4500.0,us_budget_v2_manual_check,USD,2026.01.22 US Spa Sales Budget 2026 FINAL.xlsx,us_budget_v2_monthly,2026-03-24T16:24:00+00:00
25010,"Four Seasons Hotel, Fort Lauderdale; FL",Southeast,Bethany,A+++,Grow,Southeast,2026-11-01,4050.0,us_budget_v2_manual_check,USD,2026.01.22 US Spa Sales Budget 2026 FINAL.xlsx,us_budget_v2_monthly,2026-03-24T16:24:00+00:00
25010,"Four Seasons Hotel, Fort Lauderdale; FL",Southeast,Bethany,A+++,Grow,Southeast,2026-12-01,3150.0000000000005,us_budget_v2_manual_check,USD,2026.01.22 US Spa Sales Budget 2026 FINAL.xlsx,us_budget_v2_monthly,2026-03-24T16:24:00+00:00
25012,"Rosewood Sense Spa, CA",West,Erin,Lost,Lose,West,2026-01-01,0.0,us_budget_v2_manual_check,USD,2026.01.22 US Spa Sales Budget 2026 FINAL.xlsx,us_budget_v2_monthly,2026-03-24T16:24:00+00:00
25012,"Rosewood Sense Spa, CA",West,Erin,Lost,Lose,West,2026-02-01,0.0,us_budget_v2_manual_check,USD,2026.01.22 US Spa Sales Budget 2026 FINAL.xlsx,us_budget_v2_monthly,2026-03-24T16:24:00+00:00
25012,"Rosewood Sense Spa, CA",West,Erin,Lost,Lose,West,2026-03-01,0.0,us_budget_v2_manual_check,USD,2026.01.22 US Spa Sales Budget 2026 FINAL.xlsx,us_budget_v2_monthly,2026-03-24T16:24:00+00:00
25012,"Rosewood Sense Spa, CA",West,Erin,Lost,Lose,West,2026-04-01,0.0,us_budget_v2_manual_check,USD,2026.01.22 US Spa Sales Budget 2026 FINAL.xlsx,us_budget_v2_monthly,2026-03-24T16:24:00+00:00
25012,"Rosewood Sense Spa, CA",West,Erin,Lost,Lose,West,2026-05-01,0.0,us_budget_v2_manual_check,USD,2026.01.22 US Spa Sales Budget 2026 FINAL.xlsx,us_budget_v2_monthly,2026-03-24T16:24:00+00:00
25012,"Rosewood Sense Spa, CA",West,Erin,Lost,Lose,West,2026-06-01,0.0,us_budget_v2_manual_check,USD,2026.01.22 US Spa Sales Budget 2026 FINAL.xlsx,us_budget_v2_monthly,2026-03-24T16:24:00+00:00
25012,"Rosewood Sense Spa, CA",West,Erin,Lost,Lose,West,2026-07-01,0.0,us_budget_v2_manual_check,USD,2026.01.22 US Spa Sales Budget 2026 FINAL.xlsx,us_budget_v2_monthly,2026-03-24T16:24:00+00:00
25012,"Rosewood Sense Spa, CA",West,Erin,Lost,Lose,West,2026-08-01,0.0,us_budget_v2_manual_check,USD,2026.01.22 US Spa Sales Budget 2026 FINAL.xlsx,us_budget_v2_monthly,2026-03-24T16:24:00+00:00
25012,"Rosewood Sense Spa, CA",West,Erin,Lost,Lose,West,2026-09-01,0.0,us_budget_v2_manual_check,USD,2026.01.22 US Spa Sales Budget 2026 FINAL.xlsx,us_budget_v2_monthly,2026-03-24T16:24:00+00:00
25012,"Rosewood Sense Spa, CA",West,Erin,Lost,Lose,West,2026-10-01,0.0,us_budget_v2_manual_check,USD,2026.01.22 US Spa Sales Budget 2026 FINAL.xlsx,us_budget_v2_monthly,2026-03-24T16:24:00+00:00
25012,"Rosewood Sense Spa, CA",West,Erin,Lost,Lose,West,2026-11-01,0.0,us_budget_v2_manual_check,USD,2026.01.22 US Spa Sales Budget 2026 FINAL.xlsx,us_budget_v2_monthly,2026-03-24T16:24:00+00:00
25012,"Rosewood Sense Spa, CA",West,Erin,Lost,Lose,West,2026-12-01,0.0,us_budget_v2_manual_check,USD,2026.01.22 US Spa Sales Budget 2026 FINAL.xlsx,us_budget_v2_monthly,2026-03-24T16:24:00+00:00
25015,Gateway Canyon Resort & Spa; CO,West,Erin,C,,West,2026-01-01,0.0,us_budget_v2_manual_check,USD,2026.01.22 US Spa Sales Budget 2026 FINAL.xlsx,us_budget_v2_monthly,2026-03-24T16:24:00+00:00
25015,Gateway Canyon Resort & Spa; CO,West,Erin,C,,West,2026-02-01,0.0,us_budget_v2_manual_check,USD,2026.01.22 US Spa Sales Budget 2026 FINAL.xlsx,us_budget_v2_monthly,2026-03-24T16:24:00+00:00
25015,Gateway Canyon Resort & Spa; CO,West,Erin,C,,West,2026-03-01,0.0,us_budget_v2_manual_check,USD,2026.01.22 US Spa Sales Budget 2026 FINAL.xlsx,us_budget_v2_monthly,2026-03-24T16:24:00+00:00
25015,Gateway Canyon Resort & Spa; CO,West,Erin,C,,West,2026-04-01,0.0,us_budget_v2_manual_check,USD,2026.01.22 US Spa Sales Budget 2026 FINAL.xlsx,us_budget_v2_monthly,2026-03-24T16:24:00+00:00
25015,Gateway Canyon Resort & Spa; CO,West,Erin,C,,West,2026-05-01,0.0,us_budget_v2_manual_check,USD,2026.01.22 US Spa Sales Budget 2026 FINAL.xlsx,us_budget_v2_monthly,2026-03-24T16:24:00+00:00
25015,Gateway Canyon Resort & Spa; CO,West,Erin,C,,West,2026-06-01,0.0,us_budget_v2_manual_check,USD,2026.01.22 US Spa Sales Budget 2026 FINAL.xlsx,us_budget_v2_monthly,2026-03-24T16:24:00+00:00
25015,Gateway Canyon Resort & Spa; CO,West,Erin,C,,West,2026-07-01,0.0,us_budget_v2_manual_check,USD,2026.01.22 US Spa Sales Budget 2026 FINAL.xlsx,us_budget_v2_monthly,2026-03-24T16:24:00+00:00
25015,Gateway Canyon Resort & Spa; CO,West,Erin,C,,West,2026-08-01,0.0,us_budget_v2_manual_check,USD,2026.01.22 US Spa Sales Budget 2026 FINAL.xlsx,us_budget_v2_monthly,2026-03-24T16:24:00+00:00
25015,Gateway Canyon Resort & Spa; CO,West,Erin,C,,West,2026-09-01,0.0,us_budget_v2_manual_check,USD,2026.01.22 US Spa Sales Budget 2026 FINAL.xlsx,us_budget_v2_monthly,2026-03-24T16:24:00+00:00
25015,Gateway Canyon Resort & Spa; CO,West,Erin,C,,West,2026-10-01,0.0,us_budget_v2_manual_check,USD,2026.01.22 US Spa Sales Budget 2026 FINAL.xlsx,us_budget_v2_monthly,2026-03-24T16:24:00+00:00
25015,Gateway Canyon Resort & Spa; CO,West,Erin,C,,West,2026-11-01,0.0,us_budget_v2_manual_check,USD,2026.01.22 US Spa Sales Budget 2026 FINAL.xlsx,us_budget_v2_monthly,2026-03-24T16:24:00+00:00
25015,Gateway Canyon Resort & Spa; CO,West,Erin,C,,West,2026-12-01,0.0,us_budget_v2_manual_check,USD,2026.01.22 US Spa Sales Budget 2026 FINAL.xlsx,us_budget_v2_monthly,2026-03-24T16:24:00+00:00
25016,"Williams Island POA, Inc.Florida",Southeast,Bethany,C,Maintain,Southeast,2026-01-01,400.0,us_budget_v2_manual_check,USD,2026.01.22 US Spa Sales Budget 2026 FINAL.xlsx,us_budget_v2_monthly,2026-03-24T16:24:00+00:00
25016,"Williams Island POA, Inc.Florida",Southeast,Bethany,C,Maintain,Southeast,2026-02-01,400.0,us_budget_v2_manual_check,USD,2026.01.22 US Spa Sales Budget 2026 FINAL.xlsx,us_budget_v2_monthly,2026-03-24T16:24:00+00:00
25016,"Williams Island POA, Inc.Florida",Southeast,Bethany,C,Maintain,Southeast,2026-03-01,450.0,us_budget_v2_manual_check,USD,2026.01.22 US Spa Sales Budget 2026 FINAL.xlsx,us_budget_v2_monthly,2026-03-24T16:24:00+00:00
25016,"Williams Island POA, Inc.Florida",Southeast,Bethany,C,Maintain,Southeast,2026-04-01,450.0,us_budget_v2_manual_check,USD,2026.01.22 US Spa Sales Budget 2026 FINAL.xlsx,us_budget_v2_monthly,2026-03-24T16:24:00+00:00
25016,"Williams Island POA, Inc.Florida",Southeast,Bethany,C,Maintain,Southeast,2026-05-01,450.0,us_budget_v2_manual_check,USD,2026.01.22 US Spa Sales Budget 2026 FINAL.xlsx,us_budget_v2_monthly,2026-03-24T16:24:00+00:00
25016,"Williams Island POA, Inc.Florida",Southeast,Bethany,C,Maintain,Southeast,2026-06-01,400.0,us_budget_v2_manual_check,USD,2026.01.22 US Spa Sales Budget 2026 FINAL.xlsx,us_budget_v2_monthly,2026-03-24T16:24:00+00:00
25016,"Williams Island POA, Inc.Florida",Southeast,Bethany,C,Maintain,Southeast,2026-07-01,400.0,us_budget_v2_manual_check,USD,2026.01.22 US Spa Sales Budget 2026 FINAL.xlsx,us_budget_v2_monthly,2026-03-24T16:24:00+00:00
25016,"Williams Island POA, Inc.Florida",Southeast,Bethany,C,Maintain,Southeast,2026-08-01,300.0,us_budget_v2_manual_check,USD,2026.01.22 US Spa Sales Budget 2026 FINAL.xlsx,us_budget_v2_monthly,2026-03-24T16:24:00+00:00
25016,"Williams Island POA, Inc.Florida",Southeast,Bethany,C,Maintain,Southeast,2026-09-01,450.0,us_budget_v2_manual_check,USD,2026.01.22 US Spa Sales Budget 2026 FINAL.xlsx,us_budget_v2_monthly,2026-03-24T16:24:00+00:00
25016,"Williams Island POA, Inc.Florida",Southeast,Bethany,C,Maintain,Southeast,2026-10-01,500.0,us_budget_v2_manual_check,USD,2026.01.22 US Spa Sales Budget 2026 FINAL.xlsx,us_budget_v2_monthly,2026-03-24T16:24:00+00:00
25016,"Williams Island POA, Inc.Florida",Southeast,Bethany,C,Maintain,Southeast,2026-11-01,450.0,us_budget_v2_manual_check,USD,2026.01.22 US Spa Sales Budget 2026 FINAL.xlsx,us_budget_v2_monthly,2026-03-24T16:24:00+00:00
25016,"Williams Island POA, Inc.Florida",Southeast,Bethany,C,Maintain,Southeast,2026-12-01,350.00000000000006,us_budget_v2_manual_check,USD,2026.01.22 US Spa Sales Budget 2026 FINAL.xlsx,us_budget_v2_monthly,2026-03-24T16:24:00+00:00
25024,"Mt. Bailey Holdings, LLC; Four Seasons Hotel Atlanta",Southeast,Bethany,Lost,Lose,Southeast,2026-01-01,0.0,us_budget_v2_manual_check,USD,2026.01.22 US Spa Sales Budget 2026 FINAL.xlsx,us_budget_v2_monthly,2026-03-24T16:24:00+00:00
25024,"Mt. Bailey Holdings, LLC; Four Seasons Hotel Atlanta",Southeast,Bethany,Lost,Lose,Southeast,2026-02-01,0.0,us_budget_v2_manual_check,USD,2026.01.22 US Spa Sales Budget 2026 FINAL.xlsx,us_budget_v2_monthly,2026-03-24T16:24:00+00:00
25024,"Mt. Bailey Holdings, LLC; Four Seasons Hotel Atlanta",Southeast,Bethany,Lost,Lose,Southeast,2026-03-01,0.0,us_budget_v2_manual_check,USD,2026.01.22 US Spa Sales Budget 2026 FINAL.xlsx,us_budget_v2_monthly,2026-03-24T16:24:00+00:00
25024,"Mt. Bailey Holdings, LLC; Four Seasons Hotel Atlanta",Southeast,Bethany,Lost,Lose,Southeast,2026-04-01,0.0,us_budget_v2_manual_check,USD,2026.01.22 US Spa Sales Budget 2026 FINAL.xlsx,us_budget_v2_monthly,2026-03-24T16:24:00+00:00
25024,"Mt. Bailey Holdings, LLC; Four Seasons Hotel Atlanta",Southeast,Bethany,Lost,Lose,Southeast,2026-05-01,0.0,us_budget_v2_manual_check,USD,2026.01.22 US Spa Sales Budget 2026 FINAL.xlsx,us_budget_v2_monthly,2026-03-24T16:24:00+00:00
25024,"Mt. Bailey Holdings, LLC; Four Seasons Hotel Atlanta",Southeast,Bethany,Lost,Lose,Southeast,2026-06-01,0.0,us_budget_v2_manual_check,USD,2026.01.22 US Spa Sales Budget 2026 FINAL.xlsx,us_budget_v2_monthly,2026-03-24T16:24:00+00:00
25024,"Mt. Bailey Holdings, LLC; Four Seasons Hotel Atlanta",Southeast,Bethany,Lost,Lose,Southeast,2026-07-01,0.0,us_budget_v2_manual_check,USD,2026.01.22 US Spa Sales Budget 2026 FINAL.xlsx,us_budget_v2_monthly,2026-03-24T16:24:00+00:00
25024,"Mt. Bailey Holdings, LLC; Four Seasons Hotel Atlanta",Southeast,Bethany,Lost,Lose,Southeast,2026-08-01,0.0,us_budget_v2_manual_check,USD,2026.01.22 US Spa Sales Budget 2026 FINAL.xlsx,us_budget_v2_monthly,2026-03-24T16:24:00+00:00
25024,"Mt. Bailey Holdings, LLC; Four Seasons Hotel Atlanta",Southeast,Bethany,Lost,Lose,Southeast,2026-09-01,0.0,us_budget_v2_manual_check,USD,2026.01.22 US Spa Sales Budget 2026 FINAL.xlsx,us_budget_v2_monthly,2026-03-24T16:24:00+00:00
25024,"Mt. Bailey Holdings, LLC; Four Seasons Hotel Atlanta",Southeast,Bethany,Lost,Lose,Southeast,2026-10-01,0.0,us_budget_v2_manual_check,USD,2026.01.22 US Spa Sales Budget 2026 FINAL.xlsx,us_budget_v2_monthly,2026-03-24T16:24:00+00:00
25024,"Mt. Bailey Holdings, LLC; Four Seasons Hotel Atlanta",Southeast,Bethany,Lost,Lose,Southeast,2026-11-01,0.0,us_budget_v2_manual_check,USD,2026.01.22 US Spa Sales Budget 2026 FINAL.xlsx,us_budget_v2_monthly,2026-03-24T16:24:00+00:00
25024,"Mt. Bailey Holdings, LLC; Four Seasons Hotel Atlanta",Southeast,Bethany,Lost,Lose,Southeast,2026-12-01,0.0,us_budget_v2_manual_check,USD,2026.01.22 US Spa Sales Budget 2026 FINAL.xlsx,us_budget_v2_monthly,2026-03-24T16:24:00+00:00
25026,JW Marriott Miami Turnberry,Southeast,Bethany,C,Maintain,Southeast,2026-01-01,400.0,us_budget_v2_manual_check,USD,2026.01.22 US Spa Sales Budget 2026 FINAL.xlsx,us_budget_v2_monthly,2026-03-24T16:24:00+00:00
25026,JW Marriott Miami Turnberry,Southeast,Bethany,C,Maintain,Southeast,2026-02-01,400.0,us_budget_v2_manual_check,USD,2026.01.22 US Spa Sales Budget 2026 FINAL.xlsx,us_budget_v2_monthly,2026-03-24T16:24:00+00:00
25026,JW Marriott Miami Turnberry,Southeast,Bethany,C,Maintain,Southeast,2026-03-01,450.0,us_budget_v2_manual_check,USD,2026.01.22 US Spa Sales Budget 2026 FINAL.xlsx,us_budget_v2_monthly,2026-03-24T16:24:00+00:00
25026,JW Marriott Miami Turnberry,Southeast,Bethany,C,Maintain,Southeast,2026-04-01,450.0,us_budget_v2_manual_check,USD,2026.01.22 US Spa Sales Budget 2026 FINAL.xlsx,us_budget_v2_monthly,2026-03-24T16:24:00+00:00
25026,JW Marriott Miami Turnberry,Southeast,Bethany,C,Maintain,Southeast,2026-05-01,450.0,us_budget_v2_manual_check,USD,2026.01.22 US Spa Sales Budget 2026 FINAL.xlsx,us_budget_v2_monthly,2026-03-24T16:24:00+00:00
25026,JW Marriott Miami Turnberry,Southeast,Bethany,C,Maintain,Southeast,2026-06-01,400.0,us_budget_v2_manual_check,USD,2026.01.22 US Spa Sales Budget 2026 FINAL.xlsx,us_budget_v2_monthly,2026-03-24T16:24:00+00:00
25026,JW Marriott Miami Turnberry,Southeast,Bethany,C,Maintain,Southeast,2026-07-01,400.0,us_budget_v2_manual_check,USD,2026.01.22 US Spa Sales Budget 2026 FINAL.xlsx,us_budget_v2_monthly,2026-03-24T16:24:00+00:00
25026,JW Marriott Miami Turnberry,Southeast,Bethany,C,Maintain,Southeast,2026-08-01,300.0,us_budget_v2_manual_check,USD,2026.01.22 US Spa Sales Budget 2026 FINAL.xlsx,us_budget_v2_monthly,2026-03-24T16:24:00+00:00
25026,JW Marriott Miami Turnberry,Southeast,Bethany,C,Maintain,Southeast,2026-09-01,450.0,us_budget_v2_manual_check,USD,2026.01.22 US Spa Sales Budget 2026 FINAL.xlsx,us_budget_v2_monthly,2026-03-24T16:24:00+00:00
25026,JW Marriott Miami Turnberry,Southeast,Bethany,C,Maintain,Southeast,2026-10-01,500.0,us_budget_v2_manual_check,USD,2026.01.22 US Spa Sales Budget 2026 FINAL.xlsx,us_budget_v2_monthly,2026-03-24T16:24:00+00:00
25026,JW Marriott Miami Turnberry,Southeast,Bethany,C,Maintain,Southeast,2026-11-01,450.0,us_budget_v2_manual_check,USD,2026.01.22 US Spa Sales Budget 2026 FINAL.xlsx,us_budget_v2_monthly,2026-03-24T16:24:00+00:00
25026,JW Marriott Miami Turnberry,Southeast,Bethany,C,Maintain,Southeast,2026-12-01,350.00000000000006,us_budget_v2_manual_check,USD,2026.01.22 US Spa Sales Budget 2026 FINAL.xlsx,us_budget_v2_monthly,2026-03-24T16:24:00+00:00
25027,San Manuel Entert.; Yaamava Resort; Highland,West,Erin,A+++,Grow,West,2026-01-01,9600.0,us_budget_v2_manual_check,USD,2026.01.22 US Spa Sales Budget 2026 FINAL.xlsx,us_budget_v2_monthly,2026-03-24T16:24:00+00:00
25027,San Manuel Entert.; Yaamava Resort; Highland,West,Erin,A+++,Grow,West,2026-02-01,9600.0,us_budget_v2_manual_check,USD,2026.01.22 US Spa Sales Budget 2026 FINAL.xlsx,us_budget_v2_monthly,2026-03-24T16:24:00+00:00
25027,San Manuel Entert.; Yaamava Resort; Highland,West,Erin,A+++,Grow,West,2026-03-01,10800.0,us_budget_v2_manual_check,USD,2026.01.22 US Spa Sales Budget 2026 FINAL.xlsx,us_budget_v2_monthly,2026-03-24T16:24:00+00:00
25027,San Manuel Entert.; Yaamava Resort; Highland,West,Erin,A+++,Grow,West,2026-04-01,10800.0,us_budget_v2_manual_check,USD,2026.01.22 US Spa Sales Budget 2026 FINAL.xlsx,us_budget_v2_monthly,2026-03-24T16:24:00+00:00
25027,San Manuel Entert.; Yaamava Resort; Highland,West,Erin,A+++,Grow,West,2026-05-01,10800.0,us_budget_v2_manual_check,USD,2026.01.22 US Spa Sales Budget 2026 FINAL.xlsx,us_budget_v2_monthly,2026-03-24T16:24:00+00:00
25027,San Manuel Entert.; Yaamava Resort; Highland,West,Erin,A+++,Grow,West,2026-06-01,9600.0,us_budget_v2_manual_check,USD,2026.01.22 US Spa Sales Budget 2026 FINAL.xlsx,us_budget_v2_monthly,2026-03-24T16:24:00+00:00
25027,San Manuel Entert.; Yaamava Resort; Highland,West,Erin,A+++,Grow,West,2026-07-01,9600.0,us_budget_v2_manual_check,USD,2026.01.22 US Spa Sales Budget 2026 FINAL.xlsx,us_budget_v2_monthly,2026-03-24T16:24:00+00:00
25027,San Manuel Entert.; Yaamava Resort; Highland,West,Erin,A+++,Grow,West,2026-08-01,7200.0,us_budget_v2_manual_check,USD,2026.01.22 US Spa Sales Budget 2026 FINAL.xlsx,us_budget_v2_monthly,2026-03-24T16:24:00+00:00
25027,San Manuel Entert.; Yaamava Resort; Highland,West,Erin,A+++,Grow,West,2026-09-01,10800.0,us_budget_v2_manual_check,USD,2026.01.22 US Spa Sales Budget 2026 FINAL.xlsx,us_budget_v2_monthly,2026-03-24T16:24:00+00:00
25027,San Manuel Entert.; Yaamava Resort; Highland,West,Erin,A+++,Grow,West,2026-10-01,12000.0,us_budget_v2_manual_check,USD,2026.01.22 US Spa Sales Budget 2026 FINAL.xlsx,us_budget_v2_monthly,2026-03-24T16:24:00+00:00
25027,San Manuel Entert.; Yaamava Resort; Highland,West,Erin,A+++,Grow,West,2026-11-01,10800.0,us_budget_v2_manual_check,USD,2026.01.22 US Spa Sales Budget 2026 FINAL.xlsx,us_budget_v2_monthly,2026-03-24T16:24:00+00:00
25027,San Manuel Entert.; Yaamava Resort; Highland,West,Erin,A+++,Grow,West,2026-12-01,8400.0,us_budget_v2_manual_check,USD,2026.01.22 US Spa Sales Budget 2026 FINAL.xlsx,us_budget_v2_monthly,2026-03-24T16:24:00+00:00
25029,Ana Molinari Inc.; FL,Southeast,Bethany,C,Maintain,Southeast,2026-01-01,400.0,us_budget_v2_manual_check,USD,2026.01.22 US Spa Sales Budget 2026 FINAL.xlsx,us_budget_v2_monthly,2026-03-24T16:24:00+00:00
25029,Ana Molinari Inc.; FL,Southeast,Bethany,C,Maintain,Southeast,2026-02-01,400.0,us_budget_v2_manual_check,USD,2026.01.22 US Spa Sales Budget 2026 FINAL.xlsx,us_budget_v2_monthly,2026-03-24T16:24:00+00:00
25029,Ana Molinari Inc.; FL,Southeast,Bethany,C,Maintain,Southeast,2026-03-01,450.0,us_budget_v2_manual_check,USD,2026.01.22 US Spa Sales Budget 2026 FINAL.xlsx,us_budget_v2_monthly,2026-03-24T16:24:00+00:00
25029,Ana Molinari Inc.; FL,Southeast,Bethany,C,Maintain,Southeast,2026-04-01,450.0,us_budget_v2_manual_check,USD,2026.01.22 US Spa Sales Budget 2026 FINAL.xlsx,us_budget_v2_monthly,2026-03-24T16:24:00+00:00
25029,Ana Molinari Inc.; FL,Southeast,Bethany,C,Maintain,Southeast,2026-05-01,450.0,us_budget_v2_manual_check,USD,2026.01.22 US Spa Sales Budget 2026 FINAL.xlsx,us_budget_v2_monthly,2026-03-24T16:24:00+00:00
25029,Ana Molinari Inc.; FL,Southeast,Bethany,C,Maintain,Southeast,2026-06-01,400.0,us_budget_v2_manual_check,USD,2026.01.22 US Spa Sales Budget 2026 FINAL.xlsx,us_budget_v2_monthly,2026-03-24T16:24:00+00:00
25029,Ana Molinari Inc.; FL,Southeast,Bethany,C,Maintain,Southeast,2026-07-01,400.0,us_budget_v2_manual_check,USD,2026.01.22 US Spa Sales Budget 2026 FINAL.xlsx,us_budget_v2_monthly,2026-03-24T16:24:00+00:00
25029,Ana Molinari Inc.; FL,Southeast,Bethany,C,Maintain,Southeast,2026-08-01,300.0,us_budget_v2_manual_check,USD,2026.01.22 US Spa Sales Budget 2026 FINAL.xlsx,us_budget_v2_monthly,2026-03-24T16:24:00+00:00
25029,Ana Molinari Inc.; FL,Southeast,Bethany,C,Maintain,Southeast,2026-09-01,450.0,us_budget_v2_manual_check,USD,2026.01.22 US Spa Sales Budget 2026 FINAL.xlsx,us_budget_v2_monthly,2026-03-24T16:24:00+00:00
25029,Ana Molinari Inc.; FL,Southeast,Bethany,C,Maintain,Southeast,2026-10-01,500.0,us_budget_v2_manual_check,USD,2026.01.22 US Spa Sales Budget 2026 FINAL.xlsx,us_budget_v2_monthly,2026-03-24T16:24:00+00:00
25029,Ana Molinari Inc.; FL,Southeast,Bethany,C,Maintain,Southeast,2026-11-01,450.0,us_budget_v2_manual_check,USD,2026.01.22 US Spa Sales Budget 2026 FINAL.xlsx,us_budget_v2_monthly,2026-03-24T16:24:00+00:00
25029,Ana Molinari Inc.; FL,Southeast,Bethany,C,Maintain,Southeast,2026-12-01,350.00000000000006,us_budget_v2_manual_check,USD,2026.01.22 US Spa Sales Budget 2026 FINAL.xlsx,us_budget_v2_monthly,2026-03-24T16:24:00+00:00
25032,Four Seasons Hotel Las Vegas,West,Erin,A+,Grow,West,2026-01-01,4000.0,us_budget_v2_manual_check,USD,2026.01.22 US Spa Sales Budget 2026 FINAL.xlsx,us_budget_v2_monthly,2026-03-24T16:24:00+00:00
25032,Four Seasons Hotel Las Vegas,West,Erin,A+,Grow,West,2026-02-01,4000.0,us_budget_v2_manual_check,USD,2026.01.22 US Spa Sales Budget 2026 FINAL.xlsx,us_budget_v2_monthly,2026-03-24T16:24:00+00:00
25032,Four Seasons Hotel Las Vegas,West,Erin,A+,Grow,West,2026-03-01,4500.0,us_budget_v2_manual_check,USD,2026.01.22 US Spa Sales Budget 2026 FINAL.xlsx,us_budget_v2_monthly,2026-03-24T16:24:00+00:00
25032,Four Seasons Hotel Las Vegas,West,Erin,A+,Grow,West,2026-04-01,4500.0,us_budget_v2_manual_check,USD,2026.01.22 US Spa Sales Budget 2026 FINAL.xlsx,us_budget_v2_monthly,2026-03-24T16:24:00+00:00
25032,Four Seasons Hotel Las Vegas,West,Erin,A+,Grow,West,2026-05-01,4500.0,us_budget_v2_manual_check,USD,2026.01.22 US Spa Sales Budget 2026 FINAL.xlsx,us_budget_v2_monthly,2026-03-24T16:24:00+00:00
25032,Four Seasons Hotel Las Vegas,West,Erin,A+,Grow,West,2026-06-01,4000.0,us_budget_v2_manual_check,USD,2026.01.22 US Spa Sales Budget 2026 FINAL.xlsx,us_budget_v2_monthly,2026-03-24T16:24:00+00:00
25032,Four Seasons Hotel Las Vegas,West,Erin,A+,Grow,West,2026-07-01,4000.0,us_budget_v2_manual_check,USD,2026.01.22 US Spa Sales Budget 2026 FINAL.xlsx,us_budget_v2_monthly,2026-03-24T16:24:00+00:00
25032,Four Seasons Hotel Las Vegas,West,Erin,A+,Grow,West,2026-08-01,3000.0,us_budget_v2_manual_check,USD,2026.01.22 US Spa Sales Budget 2026 FINAL.xlsx,us_budget_v2_monthly,2026-03-24T16:24:00+00:00
25032,Four Seasons Hotel Las Vegas,West,Erin,A+,Grow,West,2026-09-01,4500.0,us_budget_v2_manual_check,USD,2026.01.22 US Spa Sales Budget 2026 FINAL.xlsx,us_budget_v2_monthly,2026-03-24T16:24:00+00:00
25032,Four Seasons Hotel Las Vegas,West,Erin,A+,Grow,West,2026-10-01,5000.0,us_budget_v2_manual_check,USD,2026.01.22 US Spa Sales Budget 2026 FINAL.xlsx,us_budget_v2_monthly,2026-03-24T16:24:00+00:00
25032,Four Seasons Hotel Las Vegas,West,Erin,A+,Grow,West,2026-11-01,4500.0,us_budget_v2_manual_check,USD,2026.01.22 US Spa Sales Budget 2026 FINAL.xlsx,us_budget_v2_monthly,2026-03-24T16:24:00+00:00
25032,Four Seasons Hotel Las Vegas,West,Erin,A+,Grow,West,2026-12-01,3500.0000000000005,us_budget_v2_manual_check,USD,2026.01.22 US Spa Sales Budget 2026 FINAL.xlsx,us_budget_v2_monthly,2026-03-24T16:24:00+00:00
25035,Rosewood Little Dix Bay; Helen Lugo,Other,Melissa,Lost,Lose,Other,2026-01-01,0.0,us_budget_v2_manual_check,USD,2026.01.22 US Spa Sales Budget 2026 FINAL.xlsx,us_budget_v2_monthly,2026-03-24T16:24:00+00:00
25035,Rosewood Little Dix Bay; Helen Lugo,Other,Melissa,Lost,Lose,Other,2026-02-01,0.0,us_budget_v2_manual_check,USD,2026.01.22 US Spa Sales Budget 2026 FINAL.xlsx,us_budget_v2_monthly,2026-03-24T16:24:00+00:00
25035,Rosewood Little Dix Bay; Helen Lugo,Other,Melissa,Lost,Lose,Other,2026-03-01,0.0,us_budget_v2_manual_check,USD,2026.01.22 US Spa Sales Budget 2026 FINAL.xlsx,us_budget_v2_monthly,2026-03-24T16:24:00+00:00
25035,Rosewood Little Dix Bay; Helen Lugo,Other,Melissa,Lost,Lose,Other,2026-04-01,0.0,us_budget_v2_manual_check,USD,2026.01.22 US Spa Sales Budget 2026 FINAL.xlsx,us_budget_v2_monthly,2026-03-24T16:24:00+00:00
25035,Rosewood Little Dix Bay; Helen Lugo,Other,Melissa,Lost,Lose,Other,2026-05-01,0.0,us_budget_v2_manual_check,USD,2026.01.22 US Spa Sales Budget 2026 FINAL.xlsx,us_budget_v2_monthly,2026-03-24T16:24:00+00:00
25035,Rosewood Little Dix Bay; Helen Lugo,Other,Melissa,Lost,Lose,Other,2026-06-01,0.0,us_budget_v2_manual_check,USD,2026.01.22 US Spa Sales Budget 2026 FINAL.xlsx,us_budget_v2_monthly,2026-03-24T16:24:00+00:00
25035,Rosewood Little Dix Bay; Helen Lugo,Other,Melissa,Lost,Lose,Other,2026-07-01,0.0,us_budget_v2_manual_check,USD,2026.01.22 US Spa Sales Budget 2026 FINAL.xlsx,us_budget_v2_monthly,2026-03-24T16:24:00+00:00
25035,Rosewood Little Dix Bay; Helen Lugo,Other,Melissa,Lost,Lose,Other,2026-08-01,0.0,us_budget_v2_manual_check,USD,2026.01.22 US Spa Sales Budget 2026 FINAL.xlsx,us_budget_v2_monthly,2026-03-24T16:24:00+00:00
25035,Rosewood Little Dix Bay; Helen Lugo,Other,Melissa,Lost,Lose,Other,2026-09-01,0.0,us_budget_v2_manual_check,USD,2026.01.22 US Spa Sales Budget 2026 FINAL.xlsx,us_budget_v2_monthly,2026-03-24T16:24:00+00:00
25035,Rosewood Little Dix Bay; Helen Lugo,Other,Melissa,Lost,Lose,Other,2026-10-01,0.0,us_budget_v2_manual_check,USD,2026.01.22 US Spa Sales Budget 2026 FINAL.xlsx,us_budget_v2_monthly,2026-03-24T16:24:00+00:00
25035,Rosewood Little Dix Bay; Helen Lugo,Other,Melissa,Lost,Lose,Other,2026-11-01,0.0,us_budget_v2_manual_check,USD,2026.01.22 US Spa Sales Budget 2026 FINAL.xlsx,us_budget_v2_monthly,2026-03-24T16:24:00+00:00
25035,Rosewood Little Dix Bay; Helen Lugo,Other,Melissa,Lost,Lose,Other,2026-12-01,0.0,us_budget_v2_manual_check,USD,2026.01.22 US Spa Sales Budget 2026 FINAL.xlsx,us_budget_v2_monthly,2026-03-24T16:24:00+00:00
25036,MacArthur Place; LÁuberge de Sonoma LLC; CA,West,Erin,C,,West,2026-01-01,0.0,us_budget_v2_manual_check,USD,2026.01.22 US Spa Sales Budget 2026 FINAL.xlsx,us_budget_v2_monthly,2026-03-24T16:24:00+00:00
25036,MacArthur Place; LÁuberge de Sonoma LLC; CA,West,Erin,C,,West,2026-02-01,0.0,us_budget_v2_manual_check,USD,2026.01.22 US Spa Sales Budget 2026 FINAL.xlsx,us_budget_v2_monthly,2026-03-24T16:24:00+00:00
25036,MacArthur Place; LÁuberge de Sonoma LLC; CA,West,Erin,C,,West,2026-03-01,0.0,us_budget_v2_manual_check,USD,2026.01.22 US Spa Sales Budget 2026 FINAL.xlsx,us_budget_v2_monthly,2026-03-24T16:24:00+00:00
25036,MacArthur Place; LÁuberge de Sonoma LLC; CA,West,Erin,C,,West,2026-04-01,0.0,us_budget_v2_manual_check,USD,2026.01.22 US Spa Sales Budget 2026 FINAL.xlsx,us_budget_v2_monthly,2026-03-24T16:24:00+00:00
25036,MacArthur Place; LÁuberge de Sonoma LLC; CA,West,Erin,C,,West,2026-05-01,0.0,us_budget_v2_manual_check,USD,2026.01.22 US Spa Sales Budget 2026 FINAL.xlsx,us_budget_v2_monthly,2026-03-24T16:24:00+00:00
25036,MacArthur Place; LÁuberge de Sonoma LLC; CA,West,Erin,C,,West,2026-06-01,0.0,us_budget_v2_manual_check,USD,2026.01.22 US Spa Sales Budget 2026 FINAL.xlsx,us_budget_v2_monthly,2026-03-24T16:24:00+00:00
25036,MacArthur Place; LÁuberge de Sonoma LLC; CA,West,Erin,C,,West,2026-07-01,0.0,us_budget_v2_manual_check,USD,2026.01.22 US Spa Sales Budget 2026 FINAL.xlsx,us_budget_v2_monthly,2026-03-24T16:24:00+00:00
25036,MacArthur Place; LÁuberge de Sonoma LLC; CA,West,Erin,C,,West,2026-08-01,0.0,us_budget_v2_manual_check,USD,2026.01.22 US Spa Sales Budget 2026 FINAL.xlsx,us_budget_v2_monthly,2026-03-24T16:24:00+00:00
25036,MacArthur Place; LÁuberge de Sonoma LLC; CA,West,Erin,C,,West,2026-09-01,0.0,us_budget_v2_manual_check,USD,2026.01.22 US Spa Sales Budget 2026 FINAL.xlsx,us_budget_v2_monthly,2026-03-24T16:24:00+00:00
25036,MacArthur Place; LÁuberge de Sonoma LLC; CA,West,Erin,C,,West,2026-10-01,0.0,us_budget_v2_manual_check,USD,2026.01.22 US Spa Sales Budget 2026 FINAL.xlsx,us_budget_v2_monthly,2026-03-24T16:24:00+00:00
25036,MacArthur Place; LÁuberge de Sonoma LLC; CA,West,Erin,C,,West,2026-11-01,0.0,us_budget_v2_manual_check,USD,2026.01.22 US Spa Sales Budget 2026 FINAL.xlsx,us_budget_v2_monthly,2026-03-24T16:24:00+00:00
25036,MacArthur Place; LÁuberge de Sonoma LLC; CA,West,Erin,C,,West,2026-12-01,0.0,us_budget_v2_manual_check,USD,2026.01.22 US Spa Sales Budget 2026 FINAL.xlsx,us_budget_v2_monthly,2026-03-24T16:24:00+00:00
25037,Equinox Holdings Inc; Boston,Northeast,Marcus,C,Maintain,Northeast,2026-01-01,480.0,us_budget_v2_manual_check,USD,2026.01.22 US Spa Sales Budget 2026 FINAL.xlsx,us_budget_v2_monthly,2026-03-24T16:24:00+00:00
25037,Equinox Holdings Inc; Boston,Northeast,Marcus,C,Maintain,Northeast,2026-02-01,480.0,us_budget_v2_manual_check,USD,2026.01.22 US Spa Sales Budget 2026 FINAL.xlsx,us_budget_v2_monthly,2026-03-24T16:24:00+00:00
25037,Equinox Holdings Inc; Boston,Northeast,Marcus,C,Maintain,Northeast,2026-03-01,540.0,us_budget_v2_manual_check,USD,2026.01.22 US Spa Sales Budget 2026 FINAL.xlsx,us_budget_v2_monthly,2026-03-24T16:24:00+00:00
25037,Equinox Holdings Inc; Boston,Northeast,Marcus,C,Maintain,Northeast,2026-04-01,540.0,us_budget_v2_manual_check,USD,2026.01.22 US Spa Sales Budget 2026 FINAL.xlsx,us_budget_v2_monthly,2026-03-24T16:24:00+00:00
25037,Equinox Holdings Inc; Boston,Northeast,Marcus,C,Maintain,Northeast,2026-05-01,540.0,us_budget_v2_manual_check,USD,2026.01.22 US Spa Sales Budget 2026 FINAL.xlsx,us_budget_v2_monthly,2026-03-24T16:24:00+00:00
25037,Equinox Holdings Inc; Boston,Northeast,Marcus,C,Maintain,Northeast,2026-06-01,480.0,us_budget_v2_manual_check,USD,2026.01.22 US Spa Sales Budget 2026 FINAL.xlsx,us_budget_v2_monthly,2026-03-24T16:24:00+00:00
25037,Equinox Holdings Inc; Boston,Northeast,Marcus,C,Maintain,Northeast,2026-07-01,480.0,us_budget_v2_manual_check,USD,2026.01.22 US Spa Sales Budget 2026 FINAL.xlsx,us_budget_v2_monthly,2026-03-24T16:24:00+00:00
25037,Equinox Holdings Inc; Boston,Northeast,Marcus,C,Maintain,Northeast,2026-08-01,360.0,us_budget_v2_manual_check,USD,2026.01.22 US Spa Sales Budget 2026 FINAL.xlsx,us_budget_v2_monthly,2026-03-24T16:24:00+00:00
25037,Equinox Holdings Inc; Boston,Northeast,Marcus,C,Maintain,Northeast,2026-09-01,540.0,us_budget_v2_manual_check,USD,2026.01.22 US Spa Sales Budget 2026 FINAL.xlsx,us_budget_v2_monthly,2026-03-24T16:24:00+00:00
25037,Equinox Holdings Inc; Boston,Northeast,Marcus,C,Maintain,Northeast,2026-10-01,600.0,us_budget_v2_manual_check,USD,2026.01.22 US Spa Sales Budget 2026 FINAL.xlsx,us_budget_v2_monthly,2026-03-24T16:24:00+00:00
25037,Equinox Holdings Inc; Boston,Northeast,Marcus,C,Maintain,Northeast,2026-11-01,540.0,us_budget_v2_manual_check,USD,2026.01.22 US Spa Sales Budget 2026 FINAL.xlsx,us_budget_v2_monthly,2026-03-24T16:24:00+00:00
25037,Equinox Holdings Inc; Boston,Northeast,Marcus,C,Maintain,Northeast,2026-12-01,420.00000000000006,us_budget_v2_manual_check,USD,2026.01.22 US Spa Sales Budget 2026 FINAL.xlsx,us_budget_v2_monthly,2026-03-24T16:24:00+00:00
25038,"Lemon & Honey Day Spa; Orange, CA",West,Erin,B,Maintain,West,2026-01-01,1040.0,us_budget_v2_manual_check,USD,2026.01.22 US Spa Sales Budget 2026 FINAL.xlsx,us_budget_v2_monthly,2026-03-24T16:24:00+00:00
25038,"Lemon & Honey Day Spa; Orange, CA",West,Erin,B,Maintain,West,2026-02-01,1040.0,us_budget_v2_manual_check,USD,2026.01.22 US Spa Sales Budget 2026 FINAL.xlsx,us_budget_v2_monthly,2026-03-24T16:24:00+00:00
25038,"Lemon & Honey Day Spa; Orange, CA",West,Erin,B,Maintain,West,2026-03-01,1170.0,us_budget_v2_manual_check,USD,2026.01.22 US Spa Sales Budget 2026 FINAL.xlsx,us_budget_v2_monthly,2026-03-24T16:24:00+00:00
25038,"Lemon & Honey Day Spa; Orange, CA",West,Erin,B,Maintain,West,2026-04-01,1170.0,us_budget_v2_manual_check,USD,2026.01.22 US Spa Sales Budget 2026 FINAL.xlsx,us_budget_v2_monthly,2026-03-24T16:24:00+00:00
25038,"Lemon & Honey Day Spa; Orange, CA",West,Erin,B,Maintain,West,2026-05-01,1170.0,us_budget_v2_manual_check,USD,2026.01.22 US Spa Sales Budget 2026 FINAL.xlsx,us_budget_v2_monthly,2026-03-24T16:24:00+00:00
25038,"Lemon & Honey Day Spa; Orange, CA",West,Erin,B,Maintain,West,2026-06-01,1040.0,us_budget_v2_manual_check,USD,2026.01.22 US Spa Sales Budget 2026 FINAL.xlsx,us_budget_v2_monthly,2026-03-24T16:24:00+00:00
25038,"Lemon & Honey Day Spa; Orange, CA",West,Erin,B,Maintain,West,2026-07-01,1040.0,us_budget_v2_manual_check,USD,2026.01.22 US Spa Sales Budget 2026 FINAL.xlsx,us_budget_v2_monthly,2026-03-24T16:24:00+00:00
25038,"Lemon & Honey Day Spa; Orange, CA",West,Erin,B,Maintain,West,2026-08-01,780.0,us_budget_v2_manual_check,USD,2026.01.22 US Spa Sales Budget 2026 FINAL.xlsx,us_budget_v2_monthly,2026-03-24T16:24:00+00:00
25038,"Lemon & Honey Day Spa; Orange, CA",West,Erin,B,Maintain,West,2026-09-01,1170.0,us_budget_v2_manual_check,USD,2026.01.22 US Spa Sales Budget 2026 FINAL.xlsx,us_budget_v2_monthly,2026-03-24T16:24:00+00:00
25038,"Lemon & Honey Day Spa; Orange, CA",West,Erin,B,Maintain,West,2026-10-01,1300.0,us_budget_v2_manual_check,USD,2026.01.22 US Spa Sales Budget 2026 FINAL.xlsx,us_budget_v2_monthly,2026-03-24T16:24:00+00:00
25038,"Lemon & Honey Day Spa; Orange, CA",West,Erin,B,Maintain,West,2026-11-01,1170.0,us_budget_v2_manual_check,USD,2026.01.22 US Spa Sales Budget 2026 FINAL.xlsx,us_budget_v2_monthly,2026-03-24T16:24:00+00:00
25038,"Lemon & Honey Day Spa; Orange, CA",West,Erin,B,Maintain,West,2026-12-01,910.0000000000001,us_budget_v2_manual_check,USD,2026.01.22 US Spa Sales Budget 2026 FINAL.xlsx,us_budget_v2_monthly,2026-03-24T16:24:00+00:00
25039,Four Seasons Hotel Austin; DTRS Austin LLC,Central,Emily,Lost,Lose,Central,2026-01-01,0.0,us_budget_v2_manual_check,USD,2026.01.22 US Spa Sales Budget 2026 FINAL.xlsx,us_budget_v2_monthly,2026-03-24T16:24:00+00:00
25039,Four Seasons Hotel Austin; DTRS Austin LLC,Central,Emily,Lost,Lose,Central,2026-02-01,0.0,us_budget_v2_manual_check,USD,2026.01.22 US Spa Sales Budget 2026 FINAL.xlsx,us_budget_v2_monthly,2026-03-24T16:24:00+00:00
25039,Four Seasons Hotel Austin; DTRS Austin LLC,Central,Emily,Lost,Lose,Central,2026-03-01,0.0,us_budget_v2_manual_check,USD,2026.01.22 US Spa Sales Budget 2026 FINAL.xlsx,us_budget_v2_monthly,2026-03-24T16:24:00+00:00
25039,Four Seasons Hotel Austin; DTRS Austin LLC,Central,Emily,Lost,Lose,Central,2026-04-01,0.0,us_budget_v2_manual_check,USD,2026.01.22 US Spa Sales Budget 2026 FINAL.xlsx,us_budget_v2_monthly,2026-03-24T16:24:00+00:00
25039,Four Seasons Hotel Austin; DTRS Austin LLC,Central,Emily,Lost,Lose,Central,2026-05-01,0.0,us_budget_v2_manual_check,USD,2026.01.22 US Spa Sales Budget 2026 FINAL.xlsx,us_budget_v2_monthly,2026-03-24T16:24:00+00:00
25039,Four Seasons Hotel Austin; DTRS Austin LLC,Central,Emily,Lost,Lose,Central,2026-06-01,0.0,us_budget_v2_manual_check,USD,2026.01.22 US Spa Sales Budget 2026 FINAL.xlsx,us_budget_v2_monthly,2026-03-24T16:24:00+00:00
25039,Four Seasons Hotel Austin; DTRS Austin LLC,Central,Emily,Lost,Lose,Central,2026-07-01,0.0,us_budget_v2_manual_check,USD,2026.01.22 US Spa Sales Budget 2026 FINAL.xlsx,us_budget_v2_monthly,2026-03-24T16:24:00+00:00
25039,Four Seasons Hotel Austin; DTRS Austin LLC,Central,Emily,Lost,Lose,Central,2026-08-01,0.0,us_budget_v2_manual_check,USD,2026.01.22 US Spa Sales Budget 2026 FINAL.xlsx,us_budget_v2_monthly,2026-03-24T16:24:00+00:00
25039,Four Seasons Hotel Austin; DTRS Austin LLC,Central,Emily,Lost,Lose,Central,2026-09-01,0.0,us_budget_v2_manual_check,USD,2026.01.22 US Spa Sales Budget 2026 FINAL.xlsx,us_budget_v2_monthly,2026-03-24T16:24:00+00:00
25039,Four Seasons Hotel Austin; DTRS Austin LLC,Central,Emily,Lost,Lose,Central,2026-10-01,0.0,us_budget_v2_manual_check,USD,2026.01.22 US Spa Sales Budget 2026 FINAL.xlsx,us_budget_v2_monthly,2026-03-24T16:24:00+00:00
25039,Four Seasons Hotel Austin; DTRS Austin LLC,Central,Emily,Lost,Lose,Central,2026-11-01,0.0,us_budget_v2_manual_check,USD,2026.01.22 US Spa Sales Budget 2026 FINAL.xlsx,us_budget_v2_monthly,2026-03-24T16:24:00+00:00
25039,Four Seasons Hotel Austin; DTRS Austin LLC,Central,Emily,Lost,Lose,Central,2026-12-01,0.0,us_budget_v2_manual_check,USD,2026.01.22 US Spa Sales Budget 2026 FINAL.xlsx,us_budget_v2_monthly,2026-03-24T16:24:00+00:00
25040,"AMG Investments LLC, Hurram Hammam; Fl",Southeast,Bethany,B,Maintain,Southeast,2026-01-01,800.0,us_budget_v2_manual_check,USD,2026.01.22 US Spa Sales Budget 2026 FINAL.xlsx,us_budget_v2_monthly,2026-03-24T16:24:00+00:00
25040,"AMG Investments LLC, Hurram Hammam; Fl",Southeast,Bethany,B,Maintain,Southeast,2026-02-01,800.0,us_budget_v2_manual_check,USD,2026.01.22 US Spa Sales Budget 2026 FINAL.xlsx,us_budget_v2_monthly,2026-03-24T16:24:00+00:00
25040,"AMG Investments LLC, Hurram Hammam; Fl",Southeast,Bethany,B,Maintain,Southeast,2026-03-01,900.0,us_budget_v2_manual_check,USD,2026.01.22 US Spa Sales Budget 2026 FINAL.xlsx,us_budget_v2_monthly,2026-03-24T16:24:00+00:00
25040,"AMG Investments LLC, Hurram Hammam; Fl",Southeast,Bethany,B,Maintain,Southeast,2026-04-01,900.0,us_budget_v2_manual_check,USD,2026.01.22 US Spa Sales Budget 2026 FINAL.xlsx,us_budget_v2_monthly,2026-03-24T16:24:00+00:00
25040,"AMG Investments LLC, Hurram Hammam; Fl",Southeast,Bethany,B,Maintain,Southeast,2026-05-01,900.0,us_budget_v2_manual_check,USD,2026.01.22 US Spa Sales Budget 2026 FINAL.xlsx,us_budget_v2_monthly,2026-03-24T16:24:00+00:00
25040,"AMG Investments LLC, Hurram Hammam; Fl",Southeast,Bethany,B,Maintain,Southeast,2026-06-01,800.0,us_budget_v2_manual_check,USD,2026.01.22 US Spa Sales Budget 2026 FINAL.xlsx,us_budget_v2_monthly,2026-03-24T16:24:00+00:00
25040,"AMG Investments LLC, Hurram Hammam; Fl",Southeast,Bethany,B,Maintain,Southeast,2026-07-01,800.0,us_budget_v2_manual_check,USD,2026.01.22 US Spa Sales Budget 2026 FINAL.xlsx,us_budget_v2_monthly,2026-03-24T16:24:00+00:00
25040,"AMG Investments LLC, Hurram Hammam; Fl",Southeast,Bethany,B,Maintain,Southeast,2026-08-01,600.0,us_budget_v2_manual_check,USD,2026.01.22 US Spa Sales Budget 2026 FINAL.xlsx,us_budget_v2_monthly,2026-03-24T16:24:00+00:00
25040,"AMG Investments LLC, Hurram Hammam; Fl",Southeast,Bethany,B,Maintain,Southeast,2026-09-01,900.0,us_budget_v2_manual_check,USD,2026.01.22 US Spa Sales Budget 2026 FINAL.xlsx,us_budget_v2_monthly,2026-03-24T16:24:00+00:00
25040,"AMG Investments LLC, Hurram Hammam; Fl",Southeast,Bethany,B,Maintain,Southeast,2026-10-01,1000.0,us_budget_v2_manual_check,USD,2026.01.22 US Spa Sales Budget 2026 FINAL.xlsx,us_budget_v2_monthly,2026-03-24T16:24:00+00:00
25040,"AMG Investments LLC, Hurram Hammam; Fl",Southeast,Bethany,B,Maintain,Southeast,2026-11-01,900.0,us_budget_v2_manual_check,USD,2026.01.22 US Spa Sales Budget 2026 FINAL.xlsx,us_budget_v2_monthly,2026-03-24T16:24:00+00:00
25040,"AMG Investments LLC, Hurram Hammam; Fl",Southeast,Bethany,B,Maintain,Southeast,2026-12-01,700.0000000000001,us_budget_v2_manual_check,USD,2026.01.22 US Spa Sales Budget 2026 FINAL.xlsx,us_budget_v2_monthly,2026-03-24T16:24:00+00:00
25042,Eau Spa Palm Beach; Fl,Southeast,Bethany,A+++,Grow,Other,2026-01-01,5600.0,us_budget_v2_manual_check,USD,2026.01.22 US Spa Sales Budget 2026 FINAL.xlsx,us_budget_v2_monthly,2026-03-24T16:24:00+00:00
25042,Eau Spa Palm Beach; Fl,Southeast,Bethany,A+++,Grow,Other,2026-02-01,5600.0,us_budget_v2_manual_check,USD,2026.01.22 US Spa Sales Budget 2026 FINAL.xlsx,us_budget_v2_monthly,2026-03-24T16:24:00+00:00
25042,Eau Spa Palm Beach; Fl,Southeast,Bethany,A+++,Grow,Other,2026-03-01,6300.0,us_budget_v2_manual_check,USD,2026.01.22 US Spa Sales Budget 2026 FINAL.xlsx,us_budget_v2_monthly,2026-03-24T16:24:00+00:00
25042,Eau Spa Palm Beach; Fl,Southeast,Bethany,A+++,Grow,Other,2026-04-01,6300.0,us_budget_v2_manual_check,USD,2026.01.22 US Spa Sales Budget 2026 FINAL.xlsx,us_budget_v2_monthly,2026-03-24T16:24:00+00:00
25042,Eau Spa Palm Beach; Fl,Southeast,Bethany,A+++,Grow,Other,2026-05-01,6300.0,us_budget_v2_manual_check,USD,2026.01.22 US Spa Sales Budget 2026 FINAL.xlsx,us_budget_v2_monthly,2026-03-24T16:24:00+00:00
25042,Eau Spa Palm Beach; Fl,Southeast,Bethany,A+++,Grow,Other,2026-06-01,5600.0,us_budget_v2_manual_check,USD,2026.01.22 US Spa Sales Budget 2026 FINAL.xlsx,us_budget_v2_monthly,2026-03-24T16:24:00+00:00
25042,Eau Spa Palm Beach; Fl,Southeast,Bethany,A+++,Grow,Other,2026-07-01,5600.0,us_budget_v2_manual_check,USD,2026.01.22 US Spa Sales Budget 2026 FINAL.xlsx,us_budget_v2_monthly,2026-03-24T16:24:00+00:00
25042,Eau Spa Palm Beach; Fl,Southeast,Bethany,A+++,Grow,Other,2026-08-01,4200.0,us_budget_v2_manual_check,USD,2026.01.22 US Spa Sales Budget 2026 FINAL.xlsx,us_budget_v2_monthly,2026-03-24T16:24:00+00:00
25042,Eau Spa Palm Beach; Fl,Southeast,Bethany,A+++,Grow,Other,2026-09-01,6300.0,us_budget_v2_manual_check,USD,2026.01.22 US Spa Sales Budget 2026 FINAL.xlsx,us_budget_v2_monthly,2026-03-24T16:24:00+00:00
25042,Eau Spa Palm Beach; Fl,Southeast,Bethany,A+++,Grow,Other,2026-10-01,7000.0,us_budget_v2_manual_check,USD,2026.01.22 US Spa Sales Budget 2026 FINAL.xlsx,us_budget_v2_monthly,2026-03-24T16:24:00+00:00
25042,Eau Spa Palm Beach; Fl,Southeast,Bethany,A+++,Grow,Other,2026-11-01,6300.0,us_budget_v2_manual_check,USD,2026.01.22 US Spa Sales Budget 2026 FINAL.xlsx,us_budget_v2_monthly,2026-03-24T16:24:00+00:00
25042,Eau Spa Palm Beach; Fl,Southeast,Bethany,A+++,Grow,Other,2026-12-01,4900.000000000001,us_budget_v2_manual_check,USD,2026.01.22 US Spa Sales Budget 2026 FINAL.xlsx,us_budget_v2_monthly,2026-03-24T16:24:00+00:00
25043,"Jupiter Island Holdings, Inc.; Fl",Southeast,Bethany,C,Maintain,Southeast,2026-01-01,400.0,us_budget_v2_manual_check,USD,2026.01.22 US Spa Sales Budget 2026 FINAL.xlsx,us_budget_v2_monthly,2026-03-24T16:24:00+00:00
25043,"Jupiter Island Holdings, Inc.; Fl",Southeast,Bethany,C,Maintain,Southeast,2026-02-01,400.0,us_budget_v2_manual_check,USD,2026.01.22 US Spa Sales Budget 2026 FINAL.xlsx,us_budget_v2_monthly,2026-03-24T16:24:00+00:00
25043,"Jupiter Island Holdings, Inc.; Fl",Southeast,Bethany,C,Maintain,Southeast,2026-03-01,450.0,us_budget_v2_manual_check,USD,2026.01.22 US Spa Sales Budget 2026 FINAL.xlsx,us_budget_v2_monthly,2026-03-24T16:24:00+00:00
25043,"Jupiter Island Holdings, Inc.; Fl",Southeast,Bethany,C,Maintain,Southeast,2026-04-01,450.0,us_budget_v2_manual_check,USD,2026.01.22 US Spa Sales Budget 2026 FINAL.xlsx,us_budget_v2_monthly,2026-03-24T16:24:00+00:00
25043,"Jupiter Island Holdings, Inc.; Fl",Southeast,Bethany,C,Maintain,Southeast,2026-05-01,450.0,us_budget_v2_manual_check,USD,2026.01.22 US Spa Sales Budget 2026 FINAL.xlsx,us_budget_v2_monthly,2026-03-24T16:24:00+00:00
25043,"Jupiter Island Holdings, Inc.; Fl",Southeast,Bethany,C,Maintain,Southeast,2026-06-01,400.0,us_budget_v2_manual_check,USD,2026.01.22 US Spa Sales Budget 2026 FINAL.xlsx,us_budget_v2_monthly,2026-03-24T16:24:00+00:00
25043,"Jupiter Island Holdings, Inc.; Fl",Southeast,Bethany,C,Maintain,Southeast,2026-07-01,400.0,us_budget_v2_manual_check,USD,2026.01.22 US Spa Sales Budget 2026 FINAL.xlsx,us_budget_v2_monthly,2026-03-24T16:24:00+00:00
25043,"Jupiter Island Holdings, Inc.; Fl",Southeast,Bethany,C,Maintain,Southeast,2026-08-01,300.0,us_budget_v2_manual_check,USD,2026.01.22 US Spa Sales Budget 2026 FINAL.xlsx,us_budget_v2_monthly,2026-03-24T16:24:00+00:00
25043,"Jupiter Island Holdings, Inc.; Fl",Southeast,Bethany,C,Maintain,Southeast,2026-09-01,450.0,us_budget_v2_manual_check,USD,2026.01.22 US Spa Sales Budget 2026 FINAL.xlsx,us_budget_v2_monthly,2026-03-24T16:24:00+00:00
25043,"Jupiter Island Holdings, Inc.; Fl",Southeast,Bethany,C,Maintain,Southeast,2026-10-01,500.0,us_budget_v2_manual_check,USD,2026.01.22 US Spa Sales Budget 2026 FINAL.xlsx,us_budget_v2_monthly,2026-03-24T16:24:00+00:00
25043,"Jupiter Island Holdings, Inc.; Fl",Southeast,Bethany,C,Maintain,Southeast,2026-11-01,450.0,us_budget_v2_manual_check,USD,2026.01.22 US Spa Sales Budget 2026 FINAL.xlsx,us_budget_v2_monthly,2026-03-24T16:24:00+00:00
25043,"Jupiter Island Holdings, Inc.; Fl",Southeast,Bethany,C,Maintain,Southeast,2026-12-01,350.00000000000006,us_budget_v2_manual_check,USD,2026.01.22 US Spa Sales Budget 2026 FINAL.xlsx,us_budget_v2_monthly,2026-03-24T16:24:00+00:00
25044,The Elms Hotel and Spa; Missouri,Central,Emily,A,Grow,Central,2026-01-01,2240.0,us_budget_v2_manual_check,USD,2026.01.22 US Spa Sales Budget 2026 FINAL.xlsx,us_budget_v2_monthly,2026-03-24T16:24:00+00:00
25044,The Elms Hotel and Spa; Missouri,Central,Emily,A,Grow,Central,2026-02-01,2240.0,us_budget_v2_manual_check,USD,2026.01.22 US Spa Sales Budget 2026 FINAL.xlsx,us_budget_v2_monthly,2026-03-24T16:24:00+00:00
25044,The Elms Hotel and Spa; Missouri,Central,Emily,A,Grow,Central,2026-03-01,2520.0,us_budget_v2_manual_check,USD,2026.01.22 US Spa Sales Budget 2026 FINAL.xlsx,us_budget_v2_monthly,2026-03-24T16:24:00+00:00
25044,The Elms Hotel and Spa; Missouri,Central,Emily,A,Grow,Central,2026-04-01,2520.0,us_budget_v2_manual_check,USD,2026.01.22 US Spa Sales Budget 2026 FINAL.xlsx,us_budget_v2_monthly,2026-03-24T16:24:00+00:00
25044,The Elms Hotel and Spa; Missouri,Central,Emily,A,Grow,Central,2026-05-01,2520.0,us_budget_v2_manual_check,USD,2026.01.22 US Spa Sales Budget 2026 FINAL.xlsx,us_budget_v2_monthly,2026-03-24T16:24:00+00:00
25044,The Elms Hotel and Spa; Missouri,Central,Emily,A,Grow,Central,2026-06-01,2240.0,us_budget_v2_manual_check,USD,2026.01.22 US Spa Sales Budget 2026 FINAL.xlsx,us_budget_v2_monthly,2026-03-24T16:24:00+00:00
25044,The Elms Hotel and Spa; Missouri,Central,Emily,A,Grow,Central,2026-07-01,2240.0,us_budget_v2_manual_check,USD,2026.01.22 US Spa Sales Budget 2026 FINAL.xlsx,us_budget_v2_monthly,2026-03-24T16:24:00+00:00
25044,The Elms Hotel and Spa; Missouri,Central,Emily,A,Grow,Central,2026-08-01,1680.0,us_budget_v2_manual_check,USD,2026.01.22 US Spa Sales Budget 2026 FINAL.xlsx,us_budget_v2_monthly,2026-03-24T16:24:00+00:00
25044,The Elms Hotel and Spa; Missouri,Central,Emily,A,Grow,Central,2026-09-01,2520.0,us_budget_v2_manual_check,USD,2026.01.22 US Spa Sales Budget 2026 FINAL.xlsx,us_budget_v2_monthly,2026-03-24T16:24:00+00:00
25044,The Elms Hotel and Spa; Missouri,Central,Emily,A,Grow,Central,2026-10-01,2800.0,us_budget_v2_manual_check,USD,2026.01.22 US Spa Sales Budget 2026 FINAL.xlsx,us_budget_v2_monthly,2026-03-24T16:24:00+00:00
25044,The Elms Hotel and Spa; Missouri,Central,Emily,A,Grow,Central,2026-11-01,2520.0,us_budget_v2_manual_check,USD,2026.01.22 US Spa Sales Budget 2026 FINAL.xlsx,us_budget_v2_monthly,2026-03-24T16:24:00+00:00
25044,The Elms Hotel and Spa; Missouri,Central,Emily,A,Grow,Central,2026-12-01,1960.0000000000002,us_budget_v2_manual_check,USD,2026.01.22 US Spa Sales Budget 2026 FINAL.xlsx,us_budget_v2_monthly,2026-03-24T16:24:00+00:00
25045,dba Haven Spa,Northeast,Marcus,C,Maintain,Northeast,2026-01-01,480.0,us_budget_v2_manual_check,USD,2026.01.22 US Spa Sales Budget 2026 FINAL.xlsx,us_budget_v2_monthly,2026-03-24T16:24:00+00:00
25045,dba Haven Spa,Northeast,Marcus,C,Maintain,Northeast,2026-02-01,480.0,us_budget_v2_manual_check,USD,2026.01.22 US Spa Sales Budget 2026 FINAL.xlsx,us_budget_v2_monthly,2026-03-24T16:24:00+00:00
25045,dba Haven Spa,Northeast,Marcus,C,Maintain,Northeast,2026-03-01,540.0,us_budget_v2_manual_check,USD,2026.01.22 US Spa Sales Budget 2026 FINAL.xlsx,us_budget_v2_monthly,2026-03-24T16:24:00+00:00
25045,dba Haven Spa,Northeast,Marcus,C,Maintain,Northeast,2026-04-01,540.0,us_budget_v2_manual_check,USD,2026.01.22 US Spa Sales Budget 2026 FINAL.xlsx,us_budget_v2_monthly,2026-03-24T16:24:00+00:00
25045,dba Haven Spa,Northeast,Marcus,C,Maintain,Northeast,2026-05-01,540.0,us_budget_v2_manual_check,USD,2026.01.22 US Spa Sales Budget 2026 FINAL.xlsx,us_budget_v2_monthly,2026-03-24T16:24:00+00:00
25045,dba Haven Spa,Northeast,Marcus,C,Maintain,Northeast,2026-06-01,480.0,us_budget_v2_manual_check,USD,2026.01.22 US Spa Sales Budget 2026 FINAL.xlsx,us_budget_v2_monthly,2026-03-24T16:24:00+00:00
25045,dba Haven Spa,Northeast,Marcus,C,Maintain,Northeast,2026-07-01,480.0,us_budget_v2_manual_check,USD,2026.01.22 US Spa Sales Budget 2026 FINAL.xlsx,us_budget_v2_monthly,2026-03-24T16:24:00+00:00
25045,dba Haven Spa,Northeast,Marcus,C,Maintain,Northeast,2026-08-01,360.0,us_budget_v2_manual_check,USD,2026.01.22 US Spa Sales Budget 2026 FINAL.xlsx,us_budget_v2_monthly,2026-03-24T16:24:00+00:00
25045,dba Haven Spa,Northeast,Marcus,C,Maintain,Northeast,2026-09-01,540.0,us_budget_v2_manual_check,USD,2026.01.22 US Spa Sales Budget 2026 FINAL.xlsx,us_budget_v2_monthly,2026-03-24T16:24:00+00:00
25045,dba Haven Spa,Northeast,Marcus,C,Maintain,Northeast,2026-10-01,600.0,us_budget_v2_manual_check,USD,2026.01.22 US Spa Sales Budget 2026 FINAL.xlsx,us_budget_v2_monthly,2026-03-24T16:24:00+00:00
25045,dba Haven Spa,Northeast,Marcus,C,Maintain,Northeast,2026-11-01,540.0,us_budget_v2_manual_check,USD,2026.01.22 US Spa Sales Budget 2026 FINAL.xlsx,us_budget_v2_monthly,2026-03-24T16:24:00+00:00
25045,dba Haven Spa,Northeast,Marcus,C,Maintain,Northeast,2026-12-01,420.00000000000006,us_budget_v2_manual_check,USD,2026.01.22 US Spa Sales Budget 2026 FINAL.xlsx,us_budget_v2_monthly,2026-03-24T16:24:00+00:00
25046,"Beverly Wilshire,Four Seasons Hotel, CA",West,Erin,Lost,Lose,West,2026-01-01,0.0,us_budget_v2_manual_check,USD,2026.01.22 US Spa Sales Budget 2026 FINAL.xlsx,us_budget_v2_monthly,2026-03-24T16:24:00+00:00
25046,"Beverly Wilshire,Four Seasons Hotel, CA",West,Erin,Lost,Lose,West,2026-02-01,0.0,us_budget_v2_manual_check,USD,2026.01.22 US Spa Sales Budget 2026 FINAL.xlsx,us_budget_v2_monthly,2026-03-24T16:24:00+00:00
25046,"Beverly Wilshire,Four Seasons Hotel, CA",West,Erin,Lost,Lose,West,2026-03-01,0.0,us_budget_v2_manual_check,USD,2026.01.22 US Spa Sales Budget 2026 FINAL.xlsx,us_budget_v2_monthly,2026-03-24T16:24:00+00:00
25046,"Beverly Wilshire,Four Seasons Hotel, CA",West,Erin,Lost,Lose,West,2026-04-01,0.0,us_budget_v2_manual_check,USD,2026.01.22 US Spa Sales Budget 2026 FINAL.xlsx,us_budget_v2_monthly,2026-03-24T16:24:00+00:00
25046,"Beverly Wilshire,Four Seasons Hotel, CA",West,Erin,Lost,Lose,West,2026-05-01,0.0,us_budget_v2_manual_check,USD,2026.01.22 US Spa Sales Budget 2026 FINAL.xlsx,us_budget_v2_monthly,2026-03-24T16:24:00+00:00
25046,"Beverly Wilshire,Four Seasons Hotel, CA",West,Erin,Lost,Lose,West,2026-06-01,0.0,us_budget_v2_manual_check,USD,2026.01.22 US Spa Sales Budget 2026 FINAL.xlsx,us_budget_v2_monthly,2026-03-24T16:24:00+00:00
25046,"Beverly Wilshire,Four Seasons Hotel, CA",West,Erin,Lost,Lose,West,2026-07-01,0.0,us_budget_v2_manual_check,USD,2026.01.22 US Spa Sales Budget 2026 FINAL.xlsx,us_budget_v2_monthly,2026-03-24T16:24:00+00:00
25046,"Beverly Wilshire,Four Seasons Hotel, CA",West,Erin,Lost,Lose,West,2026-08-01,0.0,us_budget_v2_manual_check,USD,2026.01.22 US Spa Sales Budget 2026 FINAL.xlsx,us_budget_v2_monthly,2026-03-24T16:24:00+00:00
25046,"Beverly Wilshire,Four Seasons Hotel, CA",West,Erin,Lost,Lose,West,2026-09-01,0.0,us_budget_v2_manual_check,USD,2026.01.22 US Spa Sales Budget 2026 FINAL.xlsx,us_budget_v2_monthly,2026-03-24T16:24:00+00:00
25046,"Beverly Wilshire,Four Seasons Hotel, CA",West,Erin,Lost,Lose,West,2026-10-01,0.0,us_budget_v2_manual_check,USD,2026.01.22 US Spa Sales Budget 2026 FINAL.xlsx,us_budget_v2_monthly,2026-03-24T16:24:00+00:00
25046,"Beverly Wilshire,Four Seasons Hotel, CA",West,Erin,Lost,Lose,West,2026-11-01,0.0,us_budget_v2_manual_check,USD,2026.01.22 US Spa Sales Budget 2026 FINAL.xlsx,us_budget_v2_monthly,2026-03-24T16:24:00+00:00
25046,"Beverly Wilshire,Four Seasons Hotel, CA",West,Erin,Lost,Lose,West,2026-12-01,0.0,us_budget_v2_manual_check,USD,2026.01.22 US Spa Sales Budget 2026 FINAL.xlsx,us_budget_v2_monthly,2026-03-24T16:24:00+00:00
25047,"Four Seasons Resort Orlando,FL",Southeast,Bethany,A+,Grow,Southeast,2026-01-01,2800.0,us_budget_v2_manual_check,USD,2026.01.22 US Spa Sales Budget 2026 FINAL.xlsx,us_budget_v2_monthly,2026-03-24T16:24:00+00:00
25047,"Four Seasons Resort Orlando,FL",Southeast,Bethany,A+,Grow,Southeast,2026-02-01,2800.0,us_budget_v2_manual_check,USD,2026.01.22 US Spa Sales Budget 2026 FINAL.xlsx,us_budget_v2_monthly,2026-03-24T16:24:00+00:00
25047,"Four Seasons Resort Orlando,FL",Southeast,Bethany,A+,Grow,Southeast,2026-03-01,3150.0,us_budget_v2_manual_check,USD,2026.01.22 US Spa Sales Budget 2026 FINAL.xlsx,us_budget_v2_monthly,2026-03-24T16:24:00+00:00
25047,"Four Seasons Resort Orlando,FL",Southeast,Bethany,A+,Grow,Southeast,2026-04-01,3150.0,us_budget_v2_manual_check,USD,2026.01.22 US Spa Sales Budget 2026 FINAL.xlsx,us_budget_v2_monthly,2026-03-24T16:24:00+00:00
25047,"Four Seasons Resort Orlando,FL",Southeast,Bethany,A+,Grow,Southeast,2026-05-01,3150.0,us_budget_v2_manual_check,USD,2026.01.22 US Spa Sales Budget 2026 FINAL.xlsx,us_budget_v2_monthly,2026-03-24T16:24:00+00:00
25047,"Four Seasons Resort Orlando,FL",Southeast,Bethany,A+,Grow,Southeast,2026-06-01,2800.0,us_budget_v2_manual_check,USD,2026.01.22 US Spa Sales Budget 2026 FINAL.xlsx,us_budget_v2_monthly,2026-03-24T16:24:00+00:00
25047,"Four Seasons Resort Orlando,FL",Southeast,Bethany,A+,Grow,Southeast,2026-07-01,2800.0,us_budget_v2_manual_check,USD,2026.01.22 US Spa Sales Budget 2026 FINAL.xlsx,us_budget_v2_monthly,2026-03-24T16:24:00+00:00
25047,"Four Seasons Resort Orlando,FL",Southeast,Bethany,A+,Grow,Southeast,2026-08-01,2100.0,us_budget_v2_manual_check,USD,2026.01.22 US Spa Sales Budget 2026 FINAL.xlsx,us_budget_v2_monthly,2026-03-24T16:24:00+00:00
25047,"Four Seasons Resort Orlando,FL",Southeast,Bethany,A+,Grow,Southeast,2026-09-01,3150.0,us_budget_v2_manual_check,USD,2026.01.22 US Spa Sales Budget 2026 FINAL.xlsx,us_budget_v2_monthly,2026-03-24T16:24:00+00:00
25047,"Four Seasons Resort Orlando,FL",Southeast,Bethany,A+,Grow,Southeast,2026-10-01,3500.0,us_budget_v2_manual_check,USD,2026.01.22 US Spa Sales Budget 2026 FINAL.xlsx,us_budget_v2_monthly,2026-03-24T16:24:00+00:00
25047,"Four Seasons Resort Orlando,FL",Southeast,Bethany,A+,Grow,Southeast,2026-11-01,3150.0,us_budget_v2_manual_check,USD,2026.01.22 US Spa Sales Budget 2026 FINAL.xlsx,us_budget_v2_monthly,2026-03-24T16:24:00+00:00
25047,"Four Seasons Resort Orlando,FL",Southeast,Bethany,A+,Grow,Southeast,2026-12-01,2450.0000000000005,us_budget_v2_manual_check,USD,2026.01.22 US Spa Sales Budget 2026 FINAL.xlsx,us_budget_v2_monthly,2026-03-24T16:24:00+00:00
25049,Four Seasons Baltimore; MD,Northeast,Marcus,A+,Grow,Northeast,2026-01-01,1600.0,us_budget_v2_manual_check,USD,2026.01.22 US Spa Sales Budget 2026 FINAL.xlsx,us_budget_v2_monthly,2026-03-24T16:24:00+00:00
25049,Four Seasons Baltimore; MD,Northeast,Marcus,A+,Grow,Northeast,2026-02-01,1600.0,us_budget_v2_manual_check,USD,2026.01.22 US Spa Sales Budget 2026 FINAL.xlsx,us_budget_v2_monthly,2026-03-24T16:24:00+00:00
25049,Four Seasons Baltimore; MD,Northeast,Marcus,A+,Grow,Northeast,2026-03-01,1800.0,us_budget_v2_manual_check,USD,2026.01.22 US Spa Sales Budget 2026 FINAL.xlsx,us_budget_v2_monthly,2026-03-24T16:24:00+00:00
25049,Four Seasons Baltimore; MD,Northeast,Marcus,A+,Grow,Northeast,2026-04-01,1800.0,us_budget_v2_manual_check,USD,2026.01.22 US Spa Sales Budget 2026 FINAL.xlsx,us_budget_v2_monthly,2026-03-24T16:24:00+00:00
25049,Four Seasons Baltimore; MD,Northeast,Marcus,A+,Grow,Northeast,2026-05-01,1800.0,us_budget_v2_manual_check,USD,2026.01.22 US Spa Sales Budget 2026 FINAL.xlsx,us_budget_v2_monthly,2026-03-24T16:24:00+00:00
25049,Four Seasons Baltimore; MD,Northeast,Marcus,A+,Grow,Northeast,2026-06-01,1600.0,us_budget_v2_manual_check,USD,2026.01.22 US Spa Sales Budget 2026 FINAL.xlsx,us_budget_v2_monthly,2026-03-24T16:24:00+00:00
25049,Four Seasons Baltimore; MD,Northeast,Marcus,A+,Grow,Northeast,2026-07-01,1600.0,us_budget_v2_manual_check,USD,2026.01.22 US Spa Sales Budget 2026 FINAL.xlsx,us_budget_v2_monthly,2026-03-24T16:24:00+00:00
25049,Four Seasons Baltimore; MD,Northeast,Marcus,A+,Grow,Northeast,2026-08-01,1200.0,us_budget_v2_manual_check,USD,2026.01.22 US Spa Sales Budget 2026 FINAL.xlsx,us_budget_v2_monthly,2026-03-24T16:24:00+00:00
25049,Four Seasons Baltimore; MD,Northeast,Marcus,A+,Grow,Northeast,2026-09-01,1800.0,us_budget_v2_manual_check,USD,2026.01.22 US Spa Sales Budget 2026 FINAL.xlsx,us_budget_v2_monthly,2026-03-24T16:24:00+00:00
25049,Four Seasons Baltimore; MD,Northeast,Marcus,A+,Grow,Northeast,2026-10-01,2000.0,us_budget_v2_manual_check,USD,2026.01.22 US Spa Sales Budget 2026 FINAL.xlsx,us_budget_v2_monthly,2026-03-24T16:24:00+00:00
25049,Four Seasons Baltimore; MD,Northeast,Marcus,A+,Grow,Northeast,2026-11-01,1800.0,us_budget_v2_manual_check,USD,2026.01.22 US Spa Sales Budget 2026 FINAL.xlsx,us_budget_v2_monthly,2026-03-24T16:24:00+00:00
25049,Four Seasons Baltimore; MD,Northeast,Marcus,A+,Grow,Northeast,2026-12-01,1400.0000000000002,us_budget_v2_manual_check,USD,2026.01.22 US Spa Sales Budget 2026 FINAL.xlsx,us_budget_v2_monthly,2026-03-24T16:24:00+00:00
25050,"Mokara Hotel & Spa, Omni Hotels Management Corp.",Central,Emily,A+,Grow,Central,2026-01-01,960.0,us_budget_v2_manual_check,USD,2026.01.22 US Spa Sales Budget 2026 FINAL.xlsx,us_budget_v2_monthly,2026-03-24T16:24:00+00:00
25050,"Mokara Hotel & Spa, Omni Hotels Management Corp.",Central,Emily,A+,Grow,Central,2026-02-01,960.0,us_budget_v2_manual_check,USD,2026.01.22 US Spa Sales Budget 2026 FINAL.xlsx,us_budget_v2_monthly,2026-03-24T16:24:00+00:00
25050,"Mokara Hotel & Spa, Omni Hotels Management Corp.",Central,Emily,A+,Grow,Central,2026-03-01,1080.0,us_budget_v2_manual_check,USD,2026.01.22 US Spa Sales Budget 2026 FINAL.xlsx,us_budget_v2_monthly,2026-03-24T16:24:00+00:00
25050,"Mokara Hotel & Spa, Omni Hotels Management Corp.",Central,Emily,A+,Grow,Central,2026-04-01,1080.0,us_budget_v2_manual_check,USD,2026.01.22 US Spa Sales Budget 2026 FINAL.xlsx,us_budget_v2_monthly,2026-03-24T16:24:00+00:00
25050,"Mokara Hotel & Spa, Omni Hotels Management Corp.",Central,Emily,A+,Grow,Central,2026-05-01,1080.0,us_budget_v2_manual_check,USD,2026.01.22 US Spa Sales Budget 2026 FINAL.xlsx,us_budget_v2_monthly,2026-03-24T16:24:00+00:00
25050,"Mokara Hotel & Spa, Omni Hotels Management Corp.",Central,Emily,A+,Grow,Central,2026-06-01,960.0,us_budget_v2_manual_check,USD,2026.01.22 US Spa Sales Budget 2026 FINAL.xlsx,us_budget_v2_monthly,2026-03-24T16:24:00+00:00
25050,"Mokara Hotel & Spa, Omni Hotels Management Corp.",Central,Emily,A+,Grow,Central,2026-07-01,960.0,us_budget_v2_manual_check,USD,2026.01.22 US Spa Sales Budget 2026 FINAL.xlsx,us_budget_v2_monthly,2026-03-24T16:24:00+00:00
25050,"Mokara Hotel & Spa, Omni Hotels Management Corp.",Central,Emily,A+,Grow,Central,2026-08-01,720.0,us_budget_v2_manual_check,USD,2026.01.22 US Spa Sales Budget 2026 FINAL.xlsx,us_budget_v2_monthly,2026-03-24T16:24:00+00:00
25050,"Mokara Hotel & Spa, Omni Hotels Management Corp.",Central,Emily,A+,Grow,Central,2026-09-01,1080.0,us_budget_v2_manual_check,USD,2026.01.22 US Spa Sales Budget 2026 FINAL.xlsx,us_budget_v2_monthly,2026-03-24T16:24:00+00:00
25050,"Mokara Hotel & Spa, Omni Hotels Management Corp.",Central,Emily,A+,Grow,Central,2026-10-01,1200.0,us_budget_v2_manual_check,USD,2026.01.22 US Spa Sales Budget 2026 FINAL.xlsx,us_budget_v2_monthly,2026-03-24T16:24:00+00:00
25050,"Mokara Hotel & Spa, Omni Hotels Management Corp.",Central,Emily,A+,Grow,Central,2026-11-01,1080.0,us_budget_v2_manual_check,USD,2026.01.22 US Spa Sales Budget 2026 FINAL.xlsx,us_budget_v2_monthly,2026-03-24T16:24:00+00:00
25050,"Mokara Hotel & Spa, Omni Hotels Management Corp.",Central,Emily,A+,Grow,Central,2026-12-01,840.0000000000001,us_budget_v2_manual_check,USD,2026.01.22 US Spa Sales Budget 2026 FINAL.xlsx,us_budget_v2_monthly,2026-03-24T16:24:00+00:00
25052,Rosewood Miramar Beach; CA,West,Erin,Lost,Lose,West,2026-01-01,0.0,us_budget_v2_manual_check,USD,2026.01.22 US Spa Sales Budget 2026 FINAL.xlsx,us_budget_v2_monthly,2026-03-24T16:24:00+00:00
25052,Rosewood Miramar Beach; CA,West,Erin,Lost,Lose,West,2026-02-01,0.0,us_budget_v2_manual_check,USD,2026.01.22 US Spa Sales Budget 2026 FINAL.xlsx,us_budget_v2_monthly,2026-03-24T16:24:00+00:00
25052,Rosewood Miramar Beach; CA,West,Erin,Lost,Lose,West,2026-03-01,0.0,us_budget_v2_manual_check,USD,2026.01.22 US Spa Sales Budget 2026 FINAL.xlsx,us_budget_v2_monthly,2026-03-24T16:24:00+00:00
25052,Rosewood Miramar Beach; CA,West,Erin,Lost,Lose,West,2026-04-01,0.0,us_budget_v2_manual_check,USD,2026.01.22 US Spa Sales Budget 2026 FINAL.xlsx,us_budget_v2_monthly,2026-03-24T16:24:00+00:00
25052,Rosewood Miramar Beach; CA,West,Erin,Lost,Lose,West,2026-05-01,0.0,us_budget_v2_manual_check,USD,2026.01.22 US Spa Sales Budget 2026 FINAL.xlsx,us_budget_v2_monthly,2026-03-24T16:24:00+00:00
25052,Rosewood Miramar Beach; CA,West,Erin,Lost,Lose,West,2026-06-01,0.0,us_budget_v2_manual_check,USD,2026.01.22 US Spa Sales Budget 2026 FINAL.xlsx,us_budget_v2_monthly,2026-03-24T16:24:00+00:00
25052,Rosewood Miramar Beach; CA,West,Erin,Lost,Lose,West,2026-07-01,0.0,us_budget_v2_manual_check,USD,2026.01.22 US Spa Sales Budget 2026 FINAL.xlsx,us_budget_v2_monthly,2026-03-24T16:24:00+00:00
25052,Rosewood Miramar Beach; CA,West,Erin,Lost,Lose,West,2026-08-01,0.0,us_budget_v2_manual_check,USD,2026.01.22 US Spa Sales Budget 2026 FINAL.xlsx,us_budget_v2_monthly,2026-03-24T16:24:00+00:00
25052,Rosewood Miramar Beach; CA,West,Erin,Lost,Lose,West,2026-09-01,0.0,us_budget_v2_manual_check,USD,2026.01.22 US Spa Sales Budget 2026 FINAL.xlsx,us_budget_v2_monthly,2026-03-24T16:24:00+00:00
25052,Rosewood Miramar Beach; CA,West,Erin,Lost,Lose,West,2026-10-01,0.0,us_budget_v2_manual_check,USD,2026.01.22 US Spa Sales Budget 2026 FINAL.xlsx,us_budget_v2_monthly,2026-03-24T16:24:00+00:00
25052,Rosewood Miramar Beach; CA,West,Erin,Lost,Lose,West,2026-11-01,0.0,us_budget_v2_manual_check,USD,2026.01.22 US Spa Sales Budget 2026 FINAL.xlsx,us_budget_v2_monthly,2026-03-24T16:24:00+00:00
25052,Rosewood Miramar Beach; CA,West,Erin,Lost,Lose,West,2026-12-01,0.0,us_budget_v2_manual_check,USD,2026.01.22 US Spa Sales Budget 2026 FINAL.xlsx,us_budget_v2_monthly,2026-03-24T16:24:00+00:00
25053,"Bonnie Frances Skin;Phoenix, AZ",West,Erin,C,Maintain,West,2026-01-01,160.0,us_budget_v2_manual_check,USD,2026.01.22 US Spa Sales Budget 2026 FINAL.xlsx,us_budget_v2_monthly,2026-03-24T16:24:00+00:00
25053,"Bonnie Frances Skin;Phoenix, AZ",West,Erin,C,Maintain,West,2026-02-01,160.0,us_budget_v2_manual_check,USD,2026.01.22 US Spa Sales Budget 2026 FINAL.xlsx,us_budget_v2_monthly,2026-03-24T16:24:00+00:00
25053,"Bonnie Frances Skin;Phoenix, AZ",West,Erin,C,Maintain,West,2026-03-01,180.0,us_budget_v2_manual_check,USD,2026.01.22 US Spa Sales Budget 2026 FINAL.xlsx,us_budget_v2_monthly,2026-03-24T16:24:00+00:00
25053,"Bonnie Frances Skin;Phoenix, AZ",West,Erin,C,Maintain,West,2026-04-01,180.0,us_budget_v2_manual_check,USD,2026.01.22 US Spa Sales Budget 2026 FINAL.xlsx,us_budget_v2_monthly,2026-03-24T16:24:00+00:00
25053,"Bonnie Frances Skin;Phoenix, AZ",West,Erin,C,Maintain,West,2026-05-01,180.0,us_budget_v2_manual_check,USD,2026.01.22 US Spa Sales Budget 2026 FINAL.xlsx,us_budget_v2_monthly,2026-03-24T16:24:00+00:00
25053,"Bonnie Frances Skin;Phoenix, AZ",West,Erin,C,Maintain,West,2026-06-01,160.0,us_budget_v2_manual_check,USD,2026.01.22 US Spa Sales Budget 2026 FINAL.xlsx,us_budget_v2_monthly,2026-03-24T16:24:00+00:00
25053,"Bonnie Frances Skin;Phoenix, AZ",West,Erin,C,Maintain,West,2026-07-01,160.0,us_budget_v2_manual_check,USD,2026.01.22 US Spa Sales Budget 2026 FINAL.xlsx,us_budget_v2_monthly,2026-03-24T16:24:00+00:00
25053,"Bonnie Frances Skin;Phoenix, AZ",West,Erin,C,Maintain,West,2026-08-01,120.0,us_budget_v2_manual_check,USD,2026.01.22 US Spa Sales Budget 2026 FINAL.xlsx,us_budget_v2_monthly,2026-03-24T16:24:00+00:00
25053,"Bonnie Frances Skin;Phoenix, AZ",West,Erin,C,Maintain,West,2026-09-01,180.0,us_budget_v2_manual_check,USD,2026.01.22 US Spa Sales Budget 2026 FINAL.xlsx,us_budget_v2_monthly,2026-03-24T16:24:00+00:00
25053,"Bonnie Frances Skin;Phoenix, AZ",West,Erin,C,Maintain,West,2026-10-01,200.0,us_budget_v2_manual_check,USD,2026.01.22 US Spa Sales Budget 2026 FINAL.xlsx,us_budget_v2_monthly,2026-03-24T16:24:00+00:00
25053,"Bonnie Frances Skin;Phoenix, AZ",West,Erin,C,Maintain,West,2026-11-01,180.0,us_budget_v2_manual_check,USD,2026.01.22 US Spa Sales Budget 2026 FINAL.xlsx,us_budget_v2_monthly,2026-03-24T16:24:00+00:00
25053,"Bonnie Frances Skin;Phoenix, AZ",West,Erin,C,Maintain,West,2026-12-01,140.0,us_budget_v2_manual_check,USD,2026.01.22 US Spa Sales Budget 2026 FINAL.xlsx,us_budget_v2_monthly,2026-03-24T16:24:00+00:00
25054,Four Seasons Hotel Nashville; TN,Southeast,Emily,A+,Grow,Central,2026-01-01,2400.0,us_budget_v2_manual_check,USD,2026.01.22 US Spa Sales Budget 2026 FINAL.xlsx,us_budget_v2_monthly,2026-03-24T16:24:00+00:00
25054,Four Seasons Hotel Nashville; TN,Southeast,Emily,A+,Grow,Central,2026-02-01,2400.0,us_budget_v2_manual_check,USD,2026.01.22 US Spa Sales Budget 2026 FINAL.xlsx,us_budget_v2_monthly,2026-03-24T16:24:00+00:00
25054,Four Seasons Hotel Nashville; TN,Southeast,Emily,A+,Grow,Central,2026-03-01,2700.0,us_budget_v2_manual_check,USD,2026.01.22 US Spa Sales Budget 2026 FINAL.xlsx,us_budget_v2_monthly,2026-03-24T16:24:00+00:00
25054,Four Seasons Hotel Nashville; TN,Southeast,Emily,A+,Grow,Central,2026-04-01,2700.0,us_budget_v2_manual_check,USD,2026.01.22 US Spa Sales Budget 2026 FINAL.xlsx,us_budget_v2_monthly,2026-03-24T16:24:00+00:00
25054,Four Seasons Hotel Nashville; TN,Southeast,Emily,A+,Grow,Central,2026-05-01,2700.0,us_budget_v2_manual_check,USD,2026.01.22 US Spa Sales Budget 2026 FINAL.xlsx,us_budget_v2_monthly,2026-03-24T16:24:00+00:00
25054,Four Seasons Hotel Nashville; TN,Southeast,Emily,A+,Grow,Central,2026-06-01,2400.0,us_budget_v2_manual_check,USD,2026.01.22 US Spa Sales Budget 2026 FINAL.xlsx,us_budget_v2_monthly,2026-03-24T16:24:00+00:00
25054,Four Seasons Hotel Nashville; TN,Southeast,Emily,A+,Grow,Central,2026-07-01,2400.0,us_budget_v2_manual_check,USD,2026.01.22 US Spa Sales Budget 2026 FINAL.xlsx,us_budget_v2_monthly,2026-03-24T16:24:00+00:00
25054,Four Seasons Hotel Nashville; TN,Southeast,Emily,A+,Grow,Central,2026-08-01,1800.0,us_budget_v2_manual_check,USD,2026.01.22 US Spa Sales Budget 2026 FINAL.xlsx,us_budget_v2_monthly,2026-03-24T16:24:00+00:00
25054,Four Seasons Hotel Nashville; TN,Southeast,Emily,A+,Grow,Central,2026-09-01,2700.0,us_budget_v2_manual_check,USD,2026.01.22 US Spa Sales Budget 2026 FINAL.xlsx,us_budget_v2_monthly,2026-03-24T16:24:00+00:00
25054,Four Seasons Hotel Nashville; TN,Southeast,Emily,A+,Grow,Central,2026-10-01,3000.0,us_budget_v2_manual_check,USD,2026.01.22 US Spa Sales Budget 2026 FINAL.xlsx,us_budget_v2_monthly,2026-03-24T16:24:00+00:00
25054,Four Seasons Hotel Nashville; TN,Southeast,Emily,A+,Grow,Central,2026-11-01,2700.0,us_budget_v2_manual_check,USD,2026.01.22 US Spa Sales Budget 2026 FINAL.xlsx,us_budget_v2_monthly,2026-03-24T16:24:00+00:00
25054,Four Seasons Hotel Nashville; TN,Southeast,Emily,A+,Grow,Central,2026-12-01,2100.0,us_budget_v2_manual_check,USD,2026.01.22 US Spa Sales Budget 2026 FINAL.xlsx,us_budget_v2_monthly,2026-03-24T16:24:00+00:00
25055,USREC Banyan Cay Resort LLC,Southeast,Bethany,B,Grow,Southeast,2026-01-01,960.0,us_budget_v2_manual_check,USD,2026.01.22 US Spa Sales Budget 2026 FINAL.xlsx,us_budget_v2_monthly,2026-03-24T16:24:00+00:00
25055,USREC Banyan Cay Resort LLC,Southeast,Bethany,B,Grow,Southeast,2026-02-01,960.0,us_budget_v2_manual_check,USD,2026.01.22 US Spa Sales Budget 2026 FINAL.xlsx,us_budget_v2_monthly,2026-03-24T16:24:00+00:00
25055,USREC Banyan Cay Resort LLC,Southeast,Bethany,B,Grow,Southeast,2026-03-01,1080.0,us_budget_v2_manual_check,USD,2026.01.22 US Spa Sales Budget 2026 FINAL.xlsx,us_budget_v2_monthly,2026-03-24T16:24:00+00:00
25055,USREC Banyan Cay Resort LLC,Southeast,Bethany,B,Grow,Southeast,2026-04-01,1080.0,us_budget_v2_manual_check,USD,2026.01.22 US Spa Sales Budget 2026 FINAL.xlsx,us_budget_v2_monthly,2026-03-24T16:24:00+00:00
25055,USREC Banyan Cay Resort LLC,Southeast,Bethany,B,Grow,Southeast,2026-05-01,1080.0,us_budget_v2_manual_check,USD,2026.01.22 US Spa Sales Budget 2026 FINAL.xlsx,us_budget_v2_monthly,2026-03-24T16:24:00+00:00
25055,USREC Banyan Cay Resort LLC,Southeast,Bethany,B,Grow,Southeast,2026-06-01,960.0,us_budget_v2_manual_check,USD,2026.01.22 US Spa Sales Budget 2026 FINAL.xlsx,us_budget_v2_monthly,2026-03-24T16:24:00+00:00
25055,USREC Banyan Cay Resort LLC,Southeast,Bethany,B,Grow,Southeast,2026-07-01,960.0,us_budget_v2_manual_check,USD,2026.01.22 US Spa Sales Budget 2026 FINAL.xlsx,us_budget_v2_monthly,2026-03-24T16:24:00+00:00
25055,USREC Banyan Cay Resort LLC,Southeast,Bethany,B,Grow,Southeast,2026-08-01,720.0,us_budget_v2_manual_check,USD,2026.01.22 US Spa Sales Budget 2026 FINAL.xlsx,us_budget_v2_monthly,2026-03-24T16:24:00+00:00
25055,USREC Banyan Cay Resort LLC,Southeast,Bethany,B,Grow,Southeast,2026-09-01,1080.0,us_budget_v2_manual_check,USD,2026.01.22 US Spa Sales Budget 2026 FINAL.xlsx,us_budget_v2_monthly,2026-03-24T16:24:00+00:00
25055,USREC Banyan Cay Resort LLC,Southeast,Bethany,B,Grow,Southeast,2026-10-01,1200.0,us_budget_v2_manual_check,USD,2026.01.22 US Spa Sales Budget 2026 FINAL.xlsx,us_budget_v2_monthly,2026-03-24T16:24:00+00:00
25055,USREC Banyan Cay Resort LLC,Southeast,Bethany,B,Grow,Southeast,2026-11-01,1080.0,us_budget_v2_manual_check,USD,2026.01.22 US Spa Sales Budget 2026 FINAL.xlsx,us_budget_v2_monthly,2026-03-24T16:24:00+00:00
25055,USREC Banyan Cay Resort LLC,Southeast,Bethany,B,Grow,Southeast,2026-12-01,840.0000000000001,us_budget_v2_manual_check,USD,2026.01.22 US Spa Sales Budget 2026 FINAL.xlsx,us_budget_v2_monthly,2026-03-24T16:24:00+00:00
25056,AMI LLC Bergamos Retreat,Central,Emily,A+++,Grow,Central,2026-01-01,4000.0,us_budget_v2_manual_check,USD,2026.01.22 US Spa Sales Budget 2026 FINAL.xlsx,us_budget_v2_monthly,2026-03-24T16:24:00+00:00
25056,AMI LLC Bergamos Retreat,Central,Emily,A+++,Grow,Central,2026-02-01,4000.0,us_budget_v2_manual_check,USD,2026.01.22 US Spa Sales Budget 2026 FINAL.xlsx,us_budget_v2_monthly,2026-03-24T16:24:00+00:00
25056,AMI LLC Bergamos Retreat,Central,Emily,A+++,Grow,Central,2026-03-01,4500.0,us_budget_v2_manual_check,USD,2026.01.22 US Spa Sales Budget 2026 FINAL.xlsx,us_budget_v2_monthly,2026-03-24T16:24:00+00:00
25056,AMI LLC Bergamos Retreat,Central,Emily,A+++,Grow,Central,2026-04-01,4500.0,us_budget_v2_manual_check,USD,2026.01.22 US Spa Sales Budget 2026 FINAL.xlsx,us_budget_v2_monthly,2026-03-24T16:24:00+00:00
25056,AMI LLC Bergamos Retreat,Central,Emily,A+++,Grow,Central,2026-05-01,4500.0,us_budget_v2_manual_check,USD,2026.01.22 US Spa Sales Budget 2026 FINAL.xlsx,us_budget_v2_monthly,2026-03-24T16:24:00+00:00
25056,AMI LLC Bergamos Retreat,Central,Emily,A+++,Grow,Central,2026-06-01,4000.0,us_budget_v2_manual_check,USD,2026.01.22 US Spa Sales Budget 2026 FINAL.xlsx,us_budget_v2_monthly,2026-03-24T16:24:00+00:00
25056,AMI LLC Bergamos Retreat,Central,Emily,A+++,Grow,Central,2026-07-01,4000.0,us_budget_v2_manual_check,USD,2026.01.22 US Spa Sales Budget 2026 FINAL.xlsx,us_budget_v2_monthly,2026-03-24T16:24:00+00:00
25056,AMI LLC Bergamos Retreat,Central,Emily,A+++,Grow,Central,2026-08-01,3000.0,us_budget_v2_manual_check,USD,2026.01.22 US Spa Sales Budget 2026 FINAL.xlsx,us_budget_v2_monthly,2026-03-24T16:24:00+00:00
25056,AMI LLC Bergamos Retreat,Central,Emily,A+++,Grow,Central,2026-09-01,4500.0,us_budget_v2_manual_check,USD,2026.01.22 US Spa Sales Budget 2026 FINAL.xlsx,us_budget_v2_monthly,2026-03-24T16:24:00+00:00
25056,AMI LLC Bergamos Retreat,Central,Emily,A+++,Grow,Central,2026-10-01,5000.0,us_budget_v2_manual_check,USD,2026.01.22 US Spa Sales Budget 2026 FINAL.xlsx,us_budget_v2_monthly,2026-03-24T16:24:00+00:00
25056,AMI LLC Bergamos Retreat,Central,Emily,A+++,Grow,Central,2026-11-01,4500.0,us_budget_v2_manual_check,USD,2026.01.22 US Spa Sales Budget 2026 FINAL.xlsx,us_budget_v2_monthly,2026-03-24T16:24:00+00:00
25056,AMI LLC Bergamos Retreat,Central,Emily,A+++,Grow,Central,2026-12-01,3500.0000000000005,us_budget_v2_manual_check,USD,2026.01.22 US Spa Sales Budget 2026 FINAL.xlsx,us_budget_v2_monthly,2026-03-24T16:24:00+00:00
25058,"Five Point Five, Inc.",West,Erin,C,Maintain,West,2026-01-01,320.0,us_budget_v2_manual_check,USD,2026.01.22 US Spa Sales Budget 2026 FINAL.xlsx,us_budget_v2_monthly,2026-03-24T16:24:00+00:00
25058,"Five Point Five, Inc.",West,Erin,C,Maintain,West,2026-02-01,320.0,us_budget_v2_manual_check,USD,2026.01.22 US Spa Sales Budget 2026 FINAL.xlsx,us_budget_v2_monthly,2026-03-24T16:24:00+00:00
25058,"Five Point Five, Inc.",West,Erin,C,Maintain,West,2026-03-01,360.0,us_budget_v2_manual_check,USD,2026.01.22 US Spa Sales Budget 2026 FINAL.xlsx,us_budget_v2_monthly,2026-03-24T16:24:00+00:00
25058,"Five Point Five, Inc.",West,Erin,C,Maintain,West,2026-04-01,360.0,us_budget_v2_manual_check,USD,2026.01.22 US Spa Sales Budget 2026 FINAL.xlsx,us_budget_v2_monthly,2026-03-24T16:24:00+00:00
25058,"Five Point Five, Inc.",West,Erin,C,Maintain,West,2026-05-01,360.0,us_budget_v2_manual_check,USD,2026.01.22 US Spa Sales Budget 2026 FINAL.xlsx,us_budget_v2_monthly,2026-03-24T16:24:00+00:00
25058,"Five Point Five, Inc.",West,Erin,C,Maintain,West,2026-06-01,320.0,us_budget_v2_manual_check,USD,2026.01.22 US Spa Sales Budget 2026 FINAL.xlsx,us_budget_v2_monthly,2026-03-24T16:24:00+00:00
25058,"Five Point Five, Inc.",West,Erin,C,Maintain,West,2026-07-01,320.0,us_budget_v2_manual_check,USD,2026.01.22 US Spa Sales Budget 2026 FINAL.xlsx,us_budget_v2_monthly,2026-03-24T16:24:00+00:00
25058,"Five Point Five, Inc.",West,Erin,C,Maintain,West,2026-08-01,240.0,us_budget_v2_manual_check,USD,2026.01.22 US Spa Sales Budget 2026 FINAL.xlsx,us_budget_v2_monthly,2026-03-24T16:24:00+00:00
25058,"Five Point Five, Inc.",West,Erin,C,Maintain,West,2026-09-01,360.0,us_budget_v2_manual_check,USD,2026.01.22 US Spa Sales Budget 2026 FINAL.xlsx,us_budget_v2_monthly,2026-03-24T16:24:00+00:00
25058,"Five Point Five, Inc.",West,Erin,C,Maintain,West,2026-10-01,400.0,us_budget_v2_manual_check,USD,2026.01.22 US Spa Sales Budget 2026 FINAL.xlsx,us_budget_v2_monthly,2026-03-24T16:24:00+00:00
25058,"Five Point Five, Inc.",West,Erin,C,Maintain,West,2026-11-01,360.0,us_budget_v2_manual_check,USD,2026.01.22 US Spa Sales Budget 2026 FINAL.xlsx,us_budget_v2_monthly,2026-03-24T16:24:00+00:00
25058,"Five Point Five, Inc.",West,Erin,C,Maintain,West,2026-12-01,280.0,us_budget_v2_manual_check,USD,2026.01.22 US Spa Sales Budget 2026 FINAL.xlsx,us_budget_v2_monthly,2026-03-24T16:24:00+00:00
25059,Red Rock Tivoli Aestetics,West,Erin,C,Maintain,West,2026-01-01,400.0,us_budget_v2_manual_check,USD,2026.01.22 US Spa Sales Budget 2026 FINAL.xlsx,us_budget_v2_monthly,2026-03-24T16:24:00+00:00
25059,Red Rock Tivoli Aestetics,West,Erin,C,Maintain,West,2026-02-01,400.0,us_budget_v2_manual_check,USD,2026.01.22 US Spa Sales Budget 2026 FINAL.xlsx,us_budget_v2_monthly,2026-03-24T16:24:00+00:00
25059,Red Rock Tivoli Aestetics,West,Erin,C,Maintain,West,2026-03-01,450.0,us_budget_v2_manual_check,USD,2026.01.22 US Spa Sales Budget 2026 FINAL.xlsx,us_budget_v2_monthly,2026-03-24T16:24:00+00:00
25059,Red Rock Tivoli Aestetics,West,Erin,C,Maintain,West,2026-04-01,450.0,us_budget_v2_manual_check,USD,2026.01.22 US Spa Sales Budget 2026 FINAL.xlsx,us_budget_v2_monthly,2026-03-24T16:24:00+00:00
25059,Red Rock Tivoli Aestetics,West,Erin,C,Maintain,West,2026-05-01,450.0,us_budget_v2_manual_check,USD,2026.01.22 US Spa Sales Budget 2026 FINAL.xlsx,us_budget_v2_monthly,2026-03-24T16:24:00+00:00
25059,Red Rock Tivoli Aestetics,West,Erin,C,Maintain,West,2026-06-01,400.0,us_budget_v2_manual_check,USD,2026.01.22 US Spa Sales Budget 2026 FINAL.xlsx,us_budget_v2_monthly,2026-03-24T16:24:00+00:00
25059,Red Rock Tivoli Aestetics,West,Erin,C,Maintain,West,2026-07-01,400.0,us_budget_v2_manual_check,USD,2026.01.22 US Spa Sales Budget 2026 FINAL.xlsx,us_budget_v2_monthly,2026-03-24T16:24:00+00:00
25059,Red Rock Tivoli Aestetics,West,Erin,C,Maintain,West,2026-08-01,300.0,us_budget_v2_manual_check,USD,2026.01.22 US Spa Sales Budget 2026 FINAL.xlsx,us_budget_v2_monthly,2026-03-24T16:24:00+00:00
25059,Red Rock Tivoli Aestetics,West,Erin,C,Maintain,West,2026-09-01,450.0,us_budget_v2_manual_check,USD,2026.01.22 US Spa Sales Budget 2026 FINAL.xlsx,us_budget_v2_monthly,2026-03-24T16:24:00+00:00
25059,Red Rock Tivoli Aestetics,West,Erin,C,Maintain,West,2026-10-01,500.0,us_budget_v2_manual_check,USD,2026.01.22 US Spa Sales Budget 2026 FINAL.xlsx,us_budget_v2_monthly,2026-03-24T16:24:00+00:00
25059,Red Rock Tivoli Aestetics,West,Erin,C,Maintain,West,2026-11-01,450.0,us_budget_v2_manual_check,USD,2026.01.22 US Spa Sales Budget 2026 FINAL.xlsx,us_budget_v2_monthly,2026-03-24T16:24:00+00:00
25059,Red Rock Tivoli Aestetics,West,Erin,C,Maintain,West,2026-12-01,350.00000000000006,us_budget_v2_manual_check,USD,2026.01.22 US Spa Sales Budget 2026 FINAL.xlsx,us_budget_v2_monthly,2026-03-24T16:24:00+00:00
25060,Nashville Hospitality/DBA Westin,Southeast,Emily,B,Grow,Central,2026-01-01,960.0,us_budget_v2_manual_check,USD,2026.01.22 US Spa Sales Budget 2026 FINAL.xlsx,us_budget_v2_monthly,2026-03-24T16:24:00+00:00
25060,Nashville Hospitality/DBA Westin,Southeast,Emily,B,Grow,Central,2026-02-01,960.0,us_budget_v2_manual_check,USD,2026.01.22 US Spa Sales Budget 2026 FINAL.xlsx,us_budget_v2_monthly,2026-03-24T16:24:00+00:00
25060,Nashville Hospitality/DBA Westin,Southeast,Emily,B,Grow,Central,2026-03-01,1080.0,us_budget_v2_manual_check,USD,2026.01.22 US Spa Sales Budget 2026 FINAL.xlsx,us_budget_v2_monthly,2026-03-24T16:24:00+00:00
25060,Nashville Hospitality/DBA Westin,Southeast,Emily,B,Grow,Central,2026-04-01,1080.0,us_budget_v2_manual_check,USD,2026.01.22 US Spa Sales Budget 2026 FINAL.xlsx,us_budget_v2_monthly,2026-03-24T16:24:00+00:00
25060,Nashville Hospitality/DBA Westin,Southeast,Emily,B,Grow,Central,2026-05-01,1080.0,us_budget_v2_manual_check,USD,2026.01.22 US Spa Sales Budget 2026 FINAL.xlsx,us_budget_v2_monthly,2026-03-24T16:24:00+00:00
25060,Nashville Hospitality/DBA Westin,Southeast,Emily,B,Grow,Central,2026-06-01,960.0,us_budget_v2_manual_check,USD,2026.01.22 US Spa Sales Budget 2026 FINAL.xlsx,us_budget_v2_monthly,2026-03-24T16:24:00+00:00
25060,Nashville Hospitality/DBA Westin,Southeast,Emily,B,Grow,Central,2026-07-01,960.0,us_budget_v2_manual_check,USD,2026.01.22 US Spa Sales Budget 2026 FINAL.xlsx,us_budget_v2_monthly,2026-03-24T16:24:00+00:00
25060,Nashville Hospitality/DBA Westin,Southeast,Emily,B,Grow,Central,2026-08-01,720.0,us_budget_v2_manual_check,USD,2026.01.22 US Spa Sales Budget 2026 FINAL.xlsx,us_budget_v2_monthly,2026-03-24T16:24:00+00:00
25060,Nashville Hospitality/DBA Westin,Southeast,Emily,B,Grow,Central,2026-09-01,1080.0,us_budget_v2_manual_check,USD,2026.01.22 US Spa Sales Budget 2026 FINAL.xlsx,us_budget_v2_monthly,2026-03-24T16:24:00+00:00
25060,Nashville Hospitality/DBA Westin,Southeast,Emily,B,Grow,Central,2026-10-01,1200.0,us_budget_v2_manual_check,USD,2026.01.22 US Spa Sales Budget 2026 FINAL.xlsx,us_budget_v2_monthly,2026-03-24T16:24:00+00:00
25060,Nashville Hospitality/DBA Westin,Southeast,Emily,B,Grow,Central,2026-11-01,1080.0,us_budget_v2_manual_check,USD,2026.01.22 US Spa Sales Budget 2026 FINAL.xlsx,us_budget_v2_monthly,2026-03-24T16:24:00+00:00
25060,Nashville Hospitality/DBA Westin,Southeast,Emily,B,Grow,Central,2026-12-01,840.0000000000001,us_budget_v2_manual_check,USD,2026.01.22 US Spa Sales Budget 2026 FINAL.xlsx,us_budget_v2_monthly,2026-03-24T16:24:00+00:00
25061,Equinox Holdings Inc; Washington DC,Northeast,Marcus,C,Maintain,Northeast,2026-01-01,560.0,us_budget_v2_manual_check,USD,2026.01.22 US Spa Sales Budget 2026 FINAL.xlsx,us_budget_v2_monthly,2026-03-24T16:24:00+00:00
25061,Equinox Holdings Inc; Washington DC,Northeast,Marcus,C,Maintain,Northeast,2026-02-01,560.0,us_budget_v2_manual_check,USD,2026.01.22 US Spa Sales Budget 2026 FINAL.xlsx,us_budget_v2_monthly,2026-03-24T16:24:00+00:00
25061,Equinox Holdings Inc; Washington DC,Northeast,Marcus,C,Maintain,Northeast,2026-03-01,630.0,us_budget_v2_manual_check,USD,2026.01.22 US Spa Sales Budget 2026 FINAL.xlsx,us_budget_v2_monthly,2026-03-24T16:24:00+00:00
25061,Equinox Holdings Inc; Washington DC,Northeast,Marcus,C,Maintain,Northeast,2026-04-01,630.0,us_budget_v2_manual_check,USD,2026.01.22 US Spa Sales Budget 2026 FINAL.xlsx,us_budget_v2_monthly,2026-03-24T16:24:00+00:00
25061,Equinox Holdings Inc; Washington DC,Northeast,Marcus,C,Maintain,Northeast,2026-05-01,630.0,us_budget_v2_manual_check,USD,2026.01.22 US Spa Sales Budget 2026 FINAL.xlsx,us_budget_v2_monthly,2026-03-24T16:24:00+00:00
25061,Equinox Holdings Inc; Washington DC,Northeast,Marcus,C,Maintain,Northeast,2026-06-01,560.0,us_budget_v2_manual_check,USD,2026.01.22 US Spa Sales Budget 2026 FINAL.xlsx,us_budget_v2_monthly,2026-03-24T16:24:00+00:00
25061,Equinox Holdings Inc; Washington DC,Northeast,Marcus,C,Maintain,Northeast,2026-07-01,560.0,us_budget_v2_manual_check,USD,2026.01.22 US Spa Sales Budget 2026 FINAL.xlsx,us_budget_v2_monthly,2026-03-24T16:24:00+00:00
25061,Equinox Holdings Inc; Washington DC,Northeast,Marcus,C,Maintain,Northeast,2026-08-01,420.0,us_budget_v2_manual_check,USD,2026.01.22 US Spa Sales Budget 2026 FINAL.xlsx,us_budget_v2_monthly,2026-03-24T16:24:00+00:00
25061,Equinox Holdings Inc; Washington DC,Northeast,Marcus,C,Maintain,Northeast,2026-09-01,630.0,us_budget_v2_manual_check,USD,2026.01.22 US Spa Sales Budget 2026 FINAL.xlsx,us_budget_v2_monthly,2026-03-24T16:24:00+00:00
25061,Equinox Holdings Inc; Washington DC,Northeast,Marcus,C,Maintain,Northeast,2026-10-01,700.0,us_budget_v2_manual_check,USD,2026.01.22 US Spa Sales Budget 2026 FINAL.xlsx,us_budget_v2_monthly,2026-03-24T16:24:00+00:00
25061,Equinox Holdings Inc; Washington DC,Northeast,Marcus,C,Maintain,Northeast,2026-11-01,630.0,us_budget_v2_manual_check,USD,2026.01.22 US Spa Sales Budget 2026 FINAL.xlsx,us_budget_v2_monthly,2026-03-24T16:24:00+00:00
25061,Equinox Holdings Inc; Washington DC,Northeast,Marcus,C,Maintain,Northeast,2026-12-01,490.00000000000006,us_budget_v2_manual_check,USD,2026.01.22 US Spa Sales Budget 2026 FINAL.xlsx,us_budget_v2_monthly,2026-03-24T16:24:00+00:00
25062,Equinox Holdings Inc; SPA Retail Washington DC,Northeast,Marcus,C,Maintain,Northeast,2026-01-01,400.0,us_budget_v2_manual_check,USD,2026.01.22 US Spa Sales Budget 2026 FINAL.xlsx,us_budget_v2_monthly,2026-03-24T16:24:00+00:00
25062,Equinox Holdings Inc; SPA Retail Washington DC,Northeast,Marcus,C,Maintain,Northeast,2026-02-01,400.0,us_budget_v2_manual_check,USD,2026.01.22 US Spa Sales Budget 2026 FINAL.xlsx,us_budget_v2_monthly,2026-03-24T16:24:00+00:00
25062,Equinox Holdings Inc; SPA Retail Washington DC,Northeast,Marcus,C,Maintain,Northeast,2026-03-01,450.0,us_budget_v2_manual_check,USD,2026.01.22 US Spa Sales Budget 2026 FINAL.xlsx,us_budget_v2_monthly,2026-03-24T16:24:00+00:00
25062,Equinox Holdings Inc; SPA Retail Washington DC,Northeast,Marcus,C,Maintain,Northeast,2026-04-01,450.0,us_budget_v2_manual_check,USD,2026.01.22 US Spa Sales Budget 2026 FINAL.xlsx,us_budget_v2_monthly,2026-03-24T16:24:00+00:00
25062,Equinox Holdings Inc; SPA Retail Washington DC,Northeast,Marcus,C,Maintain,Northeast,2026-05-01,450.0,us_budget_v2_manual_check,USD,2026.01.22 US Spa Sales Budget 2026 FINAL.xlsx,us_budget_v2_monthly,2026-03-24T16:24:00+00:00
25062,Equinox Holdings Inc; SPA Retail Washington DC,Northeast,Marcus,C,Maintain,Northeast,2026-06-01,400.0,us_budget_v2_manual_check,USD,2026.01.22 US Spa Sales Budget 2026 FINAL.xlsx,us_budget_v2_monthly,2026-03-24T16:24:00+00:00
25062,Equinox Holdings Inc; SPA Retail Washington DC,Northeast,Marcus,C,Maintain,Northeast,2026-07-01,400.0,us_budget_v2_manual_check,USD,2026.01.22 US Spa Sales Budget 2026 FINAL.xlsx,us_budget_v2_monthly,2026-03-24T16:24:00+00:00
25062,Equinox Holdings Inc; SPA Retail Washington DC,Northeast,Marcus,C,Maintain,Northeast,2026-08-01,300.0,us_budget_v2_manual_check,USD,2026.01.22 US Spa Sales Budget 2026 FINAL.xlsx,us_budget_v2_monthly,2026-03-24T16:24:00+00:00
25062,Equinox Holdings Inc; SPA Retail Washington DC,Northeast,Marcus,C,Maintain,Northeast,2026-09-01,450.0,us_budget_v2_manual_check,USD,2026.01.22 US Spa Sales Budget 2026 FINAL.xlsx,us_budget_v2_monthly,2026-03-24T16:24:00+00:00
25062,Equinox Holdings Inc; SPA Retail Washington DC,Northeast,Marcus,C,Maintain,Northeast,2026-10-01,500.0,us_budget_v2_manual_check,USD,2026.01.22 US Spa Sales Budget 2026 FINAL.xlsx,us_budget_v2_monthly,2026-03-24T16:24:00+00:00
25062,Equinox Holdings Inc; SPA Retail Washington DC,Northeast,Marcus,C,Maintain,Northeast,2026-11-01,450.0,us_budget_v2_manual_check,USD,2026.01.22 US Spa Sales Budget 2026 FINAL.xlsx,us_budget_v2_monthly,2026-03-24T16:24:00+00:00
25062,Equinox Holdings Inc; SPA Retail Washington DC,Northeast,Marcus,C,Maintain,Northeast,2026-12-01,350.00000000000006,us_budget_v2_manual_check,USD,2026.01.22 US Spa Sales Budget 2026 FINAL.xlsx,us_budget_v2_monthly,2026-03-24T16:24:00+00:00
25063,Equinox Holdings Inc; Miami,Southeast,Bethany,B,Grow,Southeast,2026-01-01,800.0,us_budget_v2_manual_check,USD,2026.01.22 US Spa Sales Budget 2026 FINAL.xlsx,us_budget_v2_monthly,2026-03-24T16:24:00+00:00
25063,Equinox Holdings Inc; Miami,Southeast,Bethany,B,Grow,Southeast,2026-02-01,800.0,us_budget_v2_manual_check,USD,2026.01.22 US Spa Sales Budget 2026 FINAL.xlsx,us_budget_v2_monthly,2026-03-24T16:24:00+00:00
25063,Equinox Holdings Inc; Miami,Southeast,Bethany,B,Grow,Southeast,2026-03-01,900.0,us_budget_v2_manual_check,USD,2026.01.22 US Spa Sales Budget 2026 FINAL.xlsx,us_budget_v2_monthly,2026-03-24T16:24:00+00:00
25063,Equinox Holdings Inc; Miami,Southeast,Bethany,B,Grow,Southeast,2026-04-01,900.0,us_budget_v2_manual_check,USD,2026.01.22 US Spa Sales Budget 2026 FINAL.xlsx,us_budget_v2_monthly,2026-03-24T16:24:00+00:00
25063,Equinox Holdings Inc; Miami,Southeast,Bethany,B,Grow,Southeast,2026-05-01,900.0,us_budget_v2_manual_check,USD,2026.01.22 US Spa Sales Budget 2026 FINAL.xlsx,us_budget_v2_monthly,2026-03-24T16:24:00+00:00
25063,Equinox Holdings Inc; Miami,Southeast,Bethany,B,Grow,Southeast,2026-06-01,800.0,us_budget_v2_manual_check,USD,2026.01.22 US Spa Sales Budget 2026 FINAL.xlsx,us_budget_v2_monthly,2026-03-24T16:24:00+00:00
25063,Equinox Holdings Inc; Miami,Southeast,Bethany,B,Grow,Southeast,2026-07-01,800.0,us_budget_v2_manual_check,USD,2026.01.22 US Spa Sales Budget 2026 FINAL.xlsx,us_budget_v2_monthly,2026-03-24T16:24:00+00:00
25063,Equinox Holdings Inc; Miami,Southeast,Bethany,B,Grow,Southeast,2026-08-01,600.0,us_budget_v2_manual_check,USD,2026.01.22 US Spa Sales Budget 2026 FINAL.xlsx,us_budget_v2_monthly,2026-03-24T16:24:00+00:00
25063,Equinox Holdings Inc; Miami,Southeast,Bethany,B,Grow,Southeast,2026-09-01,900.0,us_budget_v2_manual_check,USD,2026.01.22 US Spa Sales Budget 2026 FINAL.xlsx,us_budget_v2_monthly,2026-03-24T16:24:00+00:00
25063,Equinox Holdings Inc; Miami,Southeast,Bethany,B,Grow,Southeast,2026-10-01,1000.0,us_budget_v2_manual_check,USD,2026.01.22 US Spa Sales Budget 2026 FINAL.xlsx,us_budget_v2_monthly,2026-03-24T16:24:00+00:00
25063,Equinox Holdings Inc; Miami,Southeast,Bethany,B,Grow,Southeast,2026-11-01,900.0,us_budget_v2_manual_check,USD,2026.01.22 US Spa Sales Budget 2026 FINAL.xlsx,us_budget_v2_monthly,2026-03-24T16:24:00+00:00
25063,Equinox Holdings Inc; Miami,Southeast,Bethany,B,Grow,Southeast,2026-12-01,700.0000000000001,us_budget_v2_manual_check,USD,2026.01.22 US Spa Sales Budget 2026 FINAL.xlsx,us_budget_v2_monthly,2026-03-24T16:24:00+00:00
25064,Embracing the Dance of Healing,West,Erin,Lost,Lose,West,2026-01-01,0.0,us_budget_v2_manual_check,USD,2026.01.22 US Spa Sales Budget 2026 FINAL.xlsx,us_budget_v2_monthly,2026-03-24T16:24:00+00:00
25064,Embracing the Dance of Healing,West,Erin,Lost,Lose,West,2026-02-01,0.0,us_budget_v2_manual_check,USD,2026.01.22 US Spa Sales Budget 2026 FINAL.xlsx,us_budget_v2_monthly,2026-03-24T16:24:00+00:00
25064,Embracing the Dance of Healing,West,Erin,Lost,Lose,West,2026-03-01,0.0,us_budget_v2_manual_check,USD,2026.01.22 US Spa Sales Budget 2026 FINAL.xlsx,us_budget_v2_monthly,2026-03-24T16:24:00+00:00
25064,Embracing the Dance of Healing,West,Erin,Lost,Lose,West,2026-04-01,0.0,us_budget_v2_manual_check,USD,2026.01.22 US Spa Sales Budget 2026 FINAL.xlsx,us_budget_v2_monthly,2026-03-24T16:24:00+00:00
25064,Embracing the Dance of Healing,West,Erin,Lost,Lose,West,2026-05-01,0.0,us_budget_v2_manual_check,USD,2026.01.22 US Spa Sales Budget 2026 FINAL.xlsx,us_budget_v2_monthly,2026-03-24T16:24:00+00:00
25064,Embracing the Dance of Healing,West,Erin,Lost,Lose,West,2026-06-01,0.0,us_budget_v2_manual_check,USD,2026.01.22 US Spa Sales Budget 2026 FINAL.xlsx,us_budget_v2_monthly,2026-03-24T16:24:00+00:00
25064,Embracing the Dance of Healing,West,Erin,Lost,Lose,West,2026-07-01,0.0,us_budget_v2_manual_check,USD,2026.01.22 US Spa Sales Budget 2026 FINAL.xlsx,us_budget_v2_monthly,2026-03-24T16:24:00+00:00
25064,Embracing the Dance of Healing,West,Erin,Lost,Lose,West,2026-08-01,0.0,us_budget_v2_manual_check,USD,2026.01.22 US Spa Sales Budget 2026 FINAL.xlsx,us_budget_v2_monthly,2026-03-24T16:24:00+00:00
25064,Embracing the Dance of Healing,West,Erin,Lost,Lose,West,2026-09-01,0.0,us_budget_v2_manual_check,USD,2026.01.22 US Spa Sales Budget 2026 FINAL.xlsx,us_budget_v2_monthly,2026-03-24T16:24:00+00:00
25064,Embracing the Dance of Healing,West,Erin,Lost,Lose,West,2026-10-01,0.0,us_budget_v2_manual_check,USD,2026.01.22 US Spa Sales Budget 2026 FINAL.xlsx,us_budget_v2_monthly,2026-03-24T16:24:00+00:00
25064,Embracing the Dance of Healing,West,Erin,Lost,Lose,West,2026-11-01,0.0,us_budget_v2_manual_check,USD,2026.01.22 US Spa Sales Budget 2026 FINAL.xlsx,us_budget_v2_monthly,2026-03-24T16:24:00+00:00
25064,Embracing the Dance of Healing,West,Erin,Lost,Lose,West,2026-12-01,0.0,us_budget_v2_manual_check,USD,2026.01.22 US Spa Sales Budget 2026 FINAL.xlsx,us_budget_v2_monthly,2026-03-24T16:24:00+00:00
25065,"Cupid Lift Inc., West Hollywood",West,Erin,C,Maintain,West,2026-01-01,400.0,us_budget_v2_manual_check,USD,2026.01.22 US Spa Sales Budget 2026 FINAL.xlsx,us_budget_v2_monthly,2026-03-24T16:24:00+00:00
25065,"Cupid Lift Inc., West Hollywood",West,Erin,C,Maintain,West,2026-02-01,400.0,us_budget_v2_manual_check,USD,2026.01.22 US Spa Sales Budget 2026 FINAL.xlsx,us_budget_v2_monthly,2026-03-24T16:24:00+00:00
25065,"Cupid Lift Inc., West Hollywood",West,Erin,C,Maintain,West,2026-03-01,450.0,us_budget_v2_manual_check,USD,2026.01.22 US Spa Sales Budget 2026 FINAL.xlsx,us_budget_v2_monthly,2026-03-24T16:24:00+00:00
25065,"Cupid Lift Inc., West Hollywood",West,Erin,C,Maintain,West,2026-04-01,450.0,us_budget_v2_manual_check,USD,2026.01.22 US Spa Sales Budget 2026 FINAL.xlsx,us_budget_v2_monthly,2026-03-24T16:24:00+00:00
25065,"Cupid Lift Inc., West Hollywood",West,Erin,C,Maintain,West,2026-05-01,450.0,us_budget_v2_manual_check,USD,2026.01.22 US Spa Sales Budget 2026 FINAL.xlsx,us_budget_v2_monthly,2026-03-24T16:24:00+00:00
25065,"Cupid Lift Inc., West Hollywood",West,Erin,C,Maintain,West,2026-06-01,400.0,us_budget_v2_manual_check,USD,2026.01.22 US Spa Sales Budget 2026 FINAL.xlsx,us_budget_v2_monthly,2026-03-24T16:24:00+00:00
25065,"Cupid Lift Inc., West Hollywood",West,Erin,C,Maintain,West,2026-07-01,400.0,us_budget_v2_manual_check,USD,2026.01.22 US Spa Sales Budget 2026 FINAL.xlsx,us_budget_v2_monthly,2026-03-24T16:24:00+00:00
25065,"Cupid Lift Inc., West Hollywood",West,Erin,C,Maintain,West,2026-08-01,300.0,us_budget_v2_manual_check,USD,2026.01.22 US Spa Sales Budget 2026 FINAL.xlsx,us_budget_v2_monthly,2026-03-24T16:24:00+00:00
25065,"Cupid Lift Inc., West Hollywood",West,Erin,C,Maintain,West,2026-09-01,450.0,us_budget_v2_manual_check,USD,2026.01.22 US Spa Sales Budget 2026 FINAL.xlsx,us_budget_v2_monthly,2026-03-24T16:24:00+00:00
25065,"Cupid Lift Inc., West Hollywood",West,Erin,C,Maintain,West,2026-10-01,500.0,us_budget_v2_manual_check,USD,2026.01.22 US Spa Sales Budget 2026 FINAL.xlsx,us_budget_v2_monthly,2026-03-24T16:24:00+00:00
25065,"Cupid Lift Inc., West Hollywood",West,Erin,C,Maintain,West,2026-11-01,450.0,us_budget_v2_manual_check,USD,2026.01.22 US Spa Sales Budget 2026 FINAL.xlsx,us_budget_v2_monthly,2026-03-24T16:24:00+00:00
25065,"Cupid Lift Inc., West Hollywood",West,Erin,C,Maintain,West,2026-12-01,350.00000000000006,us_budget_v2_manual_check,USD,2026.01.22 US Spa Sales Budget 2026 FINAL.xlsx,us_budget_v2_monthly,2026-03-24T16:24:00+00:00
25066,ARIA Resort & Casino; Las Vegas,West,Erin,A+++,Grow,West,2026-01-01,2400.0,us_budget_v2_manual_check,USD,2026.01.22 US Spa Sales Budget 2026 FINAL.xlsx,us_budget_v2_monthly,2026-03-24T16:24:00+00:00
25066,ARIA Resort & Casino; Las Vegas,West,Erin,A+++,Grow,West,2026-02-01,2400.0,us_budget_v2_manual_check,USD,2026.01.22 US Spa Sales Budget 2026 FINAL.xlsx,us_budget_v2_monthly,2026-03-24T16:24:00+00:00
25066,ARIA Resort & Casino; Las Vegas,West,Erin,A+++,Grow,West,2026-03-01,2700.0,us_budget_v2_manual_check,USD,2026.01.22 US Spa Sales Budget 2026 FINAL.xlsx,us_budget_v2_monthly,2026-03-24T16:24:00+00:00
25066,ARIA Resort & Casino; Las Vegas,West,Erin,A+++,Grow,West,2026-04-01,2700.0,us_budget_v2_manual_check,USD,2026.01.22 US Spa Sales Budget 2026 FINAL.xlsx,us_budget_v2_monthly,2026-03-24T16:24:00+00:00
25066,ARIA Resort & Casino; Las Vegas,West,Erin,A+++,Grow,West,2026-05-01,2700.0,us_budget_v2_manual_check,USD,2026.01.22 US Spa Sales Budget 2026 FINAL.xlsx,us_budget_v2_monthly,2026-03-24T16:24:00+00:00
25066,ARIA Resort & Casino; Las Vegas,West,Erin,A+++,Grow,West,2026-06-01,2400.0,us_budget_v2_manual_check,USD,2026.01.22 US Spa Sales Budget 2026 FINAL.xlsx,us_budget_v2_monthly,2026-03-24T16:24:00+00:00
25066,ARIA Resort & Casino; Las Vegas,West,Erin,A+++,Grow,West,2026-07-01,2400.0,us_budget_v2_manual_check,USD,2026.01.22 US Spa Sales Budget 2026 FINAL.xlsx,us_budget_v2_monthly,2026-03-24T16:24:00+00:00
25066,ARIA Resort & Casino; Las Vegas,West,Erin,A+++,Grow,West,2026-08-01,1800.0,us_budget_v2_manual_check,USD,2026.01.22 US Spa Sales Budget 2026 FINAL.xlsx,us_budget_v2_monthly,2026-03-24T16:24:00+00:00
25066,ARIA Resort & Casino; Las Vegas,West,Erin,A+++,Grow,West,2026-09-01,2700.0,us_budget_v2_manual_check,USD,2026.01.22 US Spa Sales Budget 2026 FINAL.xlsx,us_budget_v2_monthly,2026-03-24T16:24:00+00:00
25066,ARIA Resort & Casino; Las Vegas,West,Erin,A+++,Grow,West,2026-10-01,3000.0,us_budget_v2_manual_check,USD,2026.01.22 US Spa Sales Budget 2026 FINAL.xlsx,us_budget_v2_monthly,2026-03-24T16:24:00+00:00
25066,ARIA Resort & Casino; Las Vegas,West,Erin,A+++,Grow,West,2026-11-01,2700.0,us_budget_v2_manual_check,USD,2026.01.22 US Spa Sales Budget 2026 FINAL.xlsx,us_budget_v2_monthly,2026-03-24T16:24:00+00:00
25066,ARIA Resort & Casino; Las Vegas,West,Erin,A+++,Grow,West,2026-12-01,2100.0,us_budget_v2_manual_check,USD,2026.01.22 US Spa Sales Budget 2026 FINAL.xlsx,us_budget_v2_monthly,2026-03-24T16:24:00+00:00
25067,"The Ritz-Carlton, Half Moon Bay LLC",West,Erin,A+++,Grow,West,2026-01-01,2400.0,us_budget_v2_manual_check,USD,2026.01.22 US Spa Sales Budget 2026 FINAL.xlsx,us_budget_v2_monthly,2026-03-24T16:24:00+00:00
25067,"The Ritz-Carlton, Half Moon Bay LLC",West,Erin,A+++,Grow,West,2026-02-01,2400.0,us_budget_v2_manual_check,USD,2026.01.22 US Spa Sales Budget 2026 FINAL.xlsx,us_budget_v2_monthly,2026-03-24T16:24:00+00:00
25067,"The Ritz-Carlton, Half Moon Bay LLC",West,Erin,A+++,Grow,West,2026-03-01,2700.0,us_budget_v2_manual_check,USD,2026.01.22 US Spa Sales Budget 2026 FINAL.xlsx,us_budget_v2_monthly,2026-03-24T16:24:00+00:00
25067,"The Ritz-Carlton, Half Moon Bay LLC",West,Erin,A+++,Grow,West,2026-04-01,2700.0,us_budget_v2_manual_check,USD,2026.01.22 US Spa Sales Budget 2026 FINAL.xlsx,us_budget_v2_monthly,2026-03-24T16:24:00+00:00
25067,"The Ritz-Carlton, Half Moon Bay LLC",West,Erin,A+++,Grow,West,2026-05-01,2700.0,us_budget_v2_manual_check,USD,2026.01.22 US Spa Sales Budget 2026 FINAL.xlsx,us_budget_v2_monthly,2026-03-24T16:24:00+00:00
25067,"The Ritz-Carlton, Half Moon Bay LLC",West,Erin,A+++,Grow,West,2026-06-01,2400.0,us_budget_v2_manual_check,USD,2026.01.22 US Spa Sales Budget 2026 FINAL.xlsx,us_budget_v2_monthly,2026-03-24T16:24:00+00:00
25067,"The Ritz-Carlton, Half Moon Bay LLC",West,Erin,A+++,Grow,West,2026-07-01,2400.0,us_budget_v2_manual_check,USD,2026.01.22 US Spa Sales Budget 2026 FINAL.xlsx,us_budget_v2_monthly,2026-03-24T16:24:00+00:00
25067,"The Ritz-Carlton, Half Moon Bay LLC",West,Erin,A+++,Grow,West,2026-08-01,1800.0,us_budget_v2_manual_check,USD,2026.01.22 US Spa Sales Budget 2026 FINAL.xlsx,us_budget_v2_monthly,2026-03-24T16:24:00+00:00
25067,"The Ritz-Carlton, Half Moon Bay LLC",West,Erin,A+++,Grow,West,2026-09-01,2700.0,us_budget_v2_manual_check,USD,2026.01.22 US Spa Sales Budget 2026 FINAL.xlsx,us_budget_v2_monthly,2026-03-24T16:24:00+00:00
25067,"The Ritz-Carlton, Half Moon Bay LLC",West,Erin,A+++,Grow,West,2026-10-01,3000.0,us_budget_v2_manual_check,USD,2026.01.22 US Spa Sales Budget 2026 FINAL.xlsx,us_budget_v2_monthly,2026-03-24T16:24:00+00:00
25067,"The Ritz-Carlton, Half Moon Bay LLC",West,Erin,A+++,Grow,West,2026-11-01,2700.0,us_budget_v2_manual_check,USD,2026.01.22 US Spa Sales Budget 2026 FINAL.xlsx,us_budget_v2_monthly,2026-03-24T16:24:00+00:00
25067,"The Ritz-Carlton, Half Moon Bay LLC",West,Erin,A+++,Grow,West,2026-12-01,2100.0,us_budget_v2_manual_check,USD,2026.01.22 US Spa Sales Budget 2026 FINAL.xlsx,us_budget_v2_monthly,2026-03-24T16:24:00+00:00
25068,321 Skin Glow LLC,Central,Emily,B,Grow,Central,2026-01-01,960.0,us_budget_v2_manual_check,USD,2026.01.22 US Spa Sales Budget 2026 FINAL.xlsx,us_budget_v2_monthly,2026-03-24T16:24:00+00:00
25068,321 Skin Glow LLC,Central,Emily,B,Grow,Central,2026-02-01,960.0,us_budget_v2_manual_check,USD,2026.01.22 US Spa Sales Budget 2026 FINAL.xlsx,us_budget_v2_monthly,2026-03-24T16:24:00+00:00
25068,321 Skin Glow LLC,Central,Emily,B,Grow,Central,2026-03-01,1080.0,us_budget_v2_manual_check,USD,2026.01.22 US Spa Sales Budget 2026 FINAL.xlsx,us_budget_v2_monthly,2026-03-24T16:24:00+00:00
25068,321 Skin Glow LLC,Central,Emily,B,Grow,Central,2026-04-01,1080.0,us_budget_v2_manual_check,USD,2026.01.22 US Spa Sales Budget 2026 FINAL.xlsx,us_budget_v2_monthly,2026-03-24T16:24:00+00:00
25068,321 Skin Glow LLC,Central,Emily,B,Grow,Central,2026-05-01,1080.0,us_budget_v2_manual_check,USD,2026.01.22 US Spa Sales Budget 2026 FINAL.xlsx,us_budget_v2_monthly,2026-03-24T16:24:00+00:00
25068,321 Skin Glow LLC,Central,Emily,B,Grow,Central,2026-06-01,960.0,us_budget_v2_manual_check,USD,2026.01.22 US Spa Sales Budget 2026 FINAL.xlsx,us_budget_v2_monthly,2026-03-24T16:24:00+00:00
25068,321 Skin Glow LLC,Central,Emily,B,Grow,Central,2026-07-01,960.0,us_budget_v2_manual_check,USD,2026.01.22 US Spa Sales Budget 2026 FINAL.xlsx,us_budget_v2_monthly,2026-03-24T16:24:00+00:00
25068,321 Skin Glow LLC,Central,Emily,B,Grow,Central,2026-08-01,720.0,us_budget_v2_manual_check,USD,2026.01.22 US Spa Sales Budget 2026 FINAL.xlsx,us_budget_v2_monthly,2026-03-24T16:24:00+00:00
25068,321 Skin Glow LLC,Central,Emily,B,Grow,Central,2026-09-01,1080.0,us_budget_v2_manual_check,USD,2026.01.22 US Spa Sales Budget 2026 FINAL.xlsx,us_budget_v2_monthly,2026-03-24T16:24:00+00:00
25068,321 Skin Glow LLC,Central,Emily,B,Grow,Central,2026-10-01,1200.0,us_budget_v2_manual_check,USD,2026.01.22 US Spa Sales Budget 2026 FINAL.xlsx,us_budget_v2_monthly,2026-03-24T16:24:00+00:00
25068,321 Skin Glow LLC,Central,Emily,B,Grow,Central,2026-11-01,1080.0,us_budget_v2_manual_check,USD,2026.01.22 US Spa Sales Budget 2026 FINAL.xlsx,us_budget_v2_monthly,2026-03-24T16:24:00+00:00
25068,321 Skin Glow LLC,Central,Emily,B,Grow,Central,2026-12-01,840.0000000000001,us_budget_v2_manual_check,USD,2026.01.22 US Spa Sales Budget 2026 FINAL.xlsx,us_budget_v2_monthly,2026-03-24T16:24:00+00:00
25069,Simply Bliss SkinCare LLC,Southeast,Bethany,C,Maintain,Southeast,2026-01-01,80.0,us_budget_v2_manual_check,USD,2026.01.22 US Spa Sales Budget 2026 FINAL.xlsx,us_budget_v2_monthly,2026-03-24T16:24:00+00:00
25069,Simply Bliss SkinCare LLC,Southeast,Bethany,C,Maintain,Southeast,2026-02-01,80.0,us_budget_v2_manual_check,USD,2026.01.22 US Spa Sales Budget 2026 FINAL.xlsx,us_budget_v2_monthly,2026-03-24T16:24:00+00:00
25069,Simply Bliss SkinCare LLC,Southeast,Bethany,C,Maintain,Southeast,2026-03-01,90.0,us_budget_v2_manual_check,USD,2026.01.22 US Spa Sales Budget 2026 FINAL.xlsx,us_budget_v2_monthly,2026-03-24T16:24:00+00:00
25069,Simply Bliss SkinCare LLC,Southeast,Bethany,C,Maintain,Southeast,2026-04-01,90.0,us_budget_v2_manual_check,USD,2026.01.22 US Spa Sales Budget 2026 FINAL.xlsx,us_budget_v2_monthly,2026-03-24T16:24:00+00:00
25069,Simply Bliss SkinCare LLC,Southeast,Bethany,C,Maintain,Southeast,2026-05-01,90.0,us_budget_v2_manual_check,USD,2026.01.22 US Spa Sales Budget 2026 FINAL.xlsx,us_budget_v2_monthly,2026-03-24T16:24:00+00:00
25069,Simply Bliss SkinCare LLC,Southeast,Bethany,C,Maintain,Southeast,2026-06-01,80.0,us_budget_v2_manual_check,USD,2026.01.22 US Spa Sales Budget 2026 FINAL.xlsx,us_budget_v2_monthly,2026-03-24T16:24:00+00:00
25069,Simply Bliss SkinCare LLC,Southeast,Bethany,C,Maintain,Southeast,2026-07-01,80.0,us_budget_v2_manual_check,USD,2026.01.22 US Spa Sales Budget 2026 FINAL.xlsx,us_budget_v2_monthly,2026-03-24T16:24:00+00:00
25069,Simply Bliss SkinCare LLC,Southeast,Bethany,C,Maintain,Southeast,2026-08-01,60.0,us_budget_v2_manual_check,USD,2026.01.22 US Spa Sales Budget 2026 FINAL.xlsx,us_budget_v2_monthly,2026-03-24T16:24:00+00:00
25069,Simply Bliss SkinCare LLC,Southeast,Bethany,C,Maintain,Southeast,2026-09-01,90.0,us_budget_v2_manual_check,USD,2026.01.22 US Spa Sales Budget 2026 FINAL.xlsx,us_budget_v2_monthly,2026-03-24T16:24:00+00:00
25069,Simply Bliss SkinCare LLC,Southeast,Bethany,C,Maintain,Southeast,2026-10-01,100.0,us_budget_v2_manual_check,USD,2026.01.22 US Spa Sales Budget 2026 FINAL.xlsx,us_budget_v2_monthly,2026-03-24T16:24:00+00:00
25069,Simply Bliss SkinCare LLC,Southeast,Bethany,C,Maintain,Southeast,2026-11-01,90.0,us_budget_v2_manual_check,USD,2026.01.22 US Spa Sales Budget 2026 FINAL.xlsx,us_budget_v2_monthly,2026-03-24T16:24:00+00:00
25069,Simply Bliss SkinCare LLC,Southeast,Bethany,C,Maintain,Southeast,2026-12-01,70.0,us_budget_v2_manual_check,USD,2026.01.22 US Spa Sales Budget 2026 FINAL.xlsx,us_budget_v2_monthly,2026-03-24T16:24:00+00:00
25070,Renaissance Hotel Partners LLC,Northeast,Marcus,A++,Grow,Northeast,2026-01-01,2000.0,us_budget_v2_manual_check,USD,2026.01.22 US Spa Sales Budget 2026 FINAL.xlsx,us_budget_v2_monthly,2026-03-24T16:24:00+00:00
25070,Renaissance Hotel Partners LLC,Northeast,Marcus,A++,Grow,Northeast,2026-02-01,2000.0,us_budget_v2_manual_check,USD,2026.01.22 US Spa Sales Budget 2026 FINAL.xlsx,us_budget_v2_monthly,2026-03-24T16:24:00+00:00
25070,Renaissance Hotel Partners LLC,Northeast,Marcus,A++,Grow,Northeast,2026-03-01,2250.0,us_budget_v2_manual_check,USD,2026.01.22 US Spa Sales Budget 2026 FINAL.xlsx,us_budget_v2_monthly,2026-03-24T16:24:00+00:00
25070,Renaissance Hotel Partners LLC,Northeast,Marcus,A++,Grow,Northeast,2026-04-01,2250.0,us_budget_v2_manual_check,USD,2026.01.22 US Spa Sales Budget 2026 FINAL.xlsx,us_budget_v2_monthly,2026-03-24T16:24:00+00:00
25070,Renaissance Hotel Partners LLC,Northeast,Marcus,A++,Grow,Northeast,2026-05-01,2250.0,us_budget_v2_manual_check,USD,2026.01.22 US Spa Sales Budget 2026 FINAL.xlsx,us_budget_v2_monthly,2026-03-24T16:24:00+00:00
25070,Renaissance Hotel Partners LLC,Northeast,Marcus,A++,Grow,Northeast,2026-06-01,2000.0,us_budget_v2_manual_check,USD,2026.01.22 US Spa Sales Budget 2026 FINAL.xlsx,us_budget_v2_monthly,2026-03-24T16:24:00+00:00
25070,Renaissance Hotel Partners LLC,Northeast,Marcus,A++,Grow,Northeast,2026-07-01,2000.0,us_budget_v2_manual_check,USD,2026.01.22 US Spa Sales Budget 2026 FINAL.xlsx,us_budget_v2_monthly,2026-03-24T16:24:00+00:00
25070,Renaissance Hotel Partners LLC,Northeast,Marcus,A++,Grow,Northeast,2026-08-01,1500.0,us_budget_v2_manual_check,USD,2026.01.22 US Spa Sales Budget 2026 FINAL.xlsx,us_budget_v2_monthly,2026-03-24T16:24:00+00:00
25070,Renaissance Hotel Partners LLC,Northeast,Marcus,A++,Grow,Northeast,2026-09-01,2250.0,us_budget_v2_manual_check,USD,2026.01.22 US Spa Sales Budget 2026 FINAL.xlsx,us_budget_v2_monthly,2026-03-24T16:24:00+00:00
25070,Renaissance Hotel Partners LLC,Northeast,Marcus,A++,Grow,Northeast,2026-10-01,2500.0,us_budget_v2_manual_check,USD,2026.01.22 US Spa Sales Budget 2026 FINAL.xlsx,us_budget_v2_monthly,2026-03-24T16:24:00+00:00
25070,Renaissance Hotel Partners LLC,Northeast,Marcus,A++,Grow,Northeast,2026-11-01,2250.0,us_budget_v2_manual_check,USD,2026.01.22 US Spa Sales Budget 2026 FINAL.xlsx,us_budget_v2_monthly,2026-03-24T16:24:00+00:00
25070,Renaissance Hotel Partners LLC,Northeast,Marcus,A++,Grow,Northeast,2026-12-01,1750.0000000000002,us_budget_v2_manual_check,USD,2026.01.22 US Spa Sales Budget 2026 FINAL.xlsx,us_budget_v2_monthly,2026-03-24T16:24:00+00:00
25071,Nerdium LLC; Texas,Central,Emily,B,Grow,Central,2026-01-01,800.0,us_budget_v2_manual_check,USD,2026.01.22 US Spa Sales Budget 2026 FINAL.xlsx,us_budget_v2_monthly,2026-03-24T16:24:00+00:00
25071,Nerdium LLC; Texas,Central,Emily,B,Grow,Central,2026-02-01,800.0,us_budget_v2_manual_check,USD,2026.01.22 US Spa Sales Budget 2026 FINAL.xlsx,us_budget_v2_monthly,2026-03-24T16:24:00+00:00
25071,Nerdium LLC; Texas,Central,Emily,B,Grow,Central,2026-03-01,900.0,us_budget_v2_manual_check,USD,2026.01.22 US Spa Sales Budget 2026 FINAL.xlsx,us_budget_v2_monthly,2026-03-24T16:24:00+00:00
25071,Nerdium LLC; Texas,Central,Emily,B,Grow,Central,2026-04-01,900.0,us_budget_v2_manual_check,USD,2026.01.22 US Spa Sales Budget 2026 FINAL.xlsx,us_budget_v2_monthly,2026-03-24T16:24:00+00:00
25071,Nerdium LLC; Texas,Central,Emily,B,Grow,Central,2026-05-01,900.0,us_budget_v2_manual_check,USD,2026.01.22 US Spa Sales Budget 2026 FINAL.xlsx,us_budget_v2_monthly,2026-03-24T16:24:00+00:00
25071,Nerdium LLC; Texas,Central,Emily,B,Grow,Central,2026-06-01,800.0,us_budget_v2_manual_check,USD,2026.01.22 US Spa Sales Budget 2026 FINAL.xlsx,us_budget_v2_monthly,2026-03-24T16:24:00+00:00
25071,Nerdium LLC; Texas,Central,Emily,B,Grow,Central,2026-07-01,800.0,us_budget_v2_manual_check,USD,2026.01.22 US Spa Sales Budget 2026 FINAL.xlsx,us_budget_v2_monthly,2026-03-24T16:24:00+00:00
25071,Nerdium LLC; Texas,Central,Emily,B,Grow,Central,2026-08-01,600.0,us_budget_v2_manual_check,USD,2026.01.22 US Spa Sales Budget 2026 FINAL.xlsx,us_budget_v2_monthly,2026-03-24T16:24:00+00:00
25071,Nerdium LLC; Texas,Central,Emily,B,Grow,Central,2026-09-01,900.0,us_budget_v2_manual_check,USD,2026.01.22 US Spa Sales Budget 2026 FINAL.xlsx,us_budget_v2_monthly,2026-03-24T16:24:00+00:00
25071,Nerdium LLC; Texas,Central,Emily,B,Grow,Central,2026-10-01,1000.0,us_budget_v2_manual_check,USD,2026.01.22 US Spa Sales Budget 2026 FINAL.xlsx,us_budget_v2_monthly,2026-03-24T16:24:00+00:00
25071,Nerdium LLC; Texas,Central,Emily,B,Grow,Central,2026-11-01,900.0,us_budget_v2_manual_check,USD,2026.01.22 US Spa Sales Budget 2026 FINAL.xlsx,us_budget_v2_monthly,2026-03-24T16:24:00+00:00
25071,Nerdium LLC; Texas,Central,Emily,B,Grow,Central,2026-12-01,700.0000000000001,us_budget_v2_manual_check,USD,2026.01.22 US Spa Sales Budget 2026 FINAL.xlsx,us_budget_v2_monthly,2026-03-24T16:24:00+00:00
25072,Balboa Bay Club Ventures LLC,West,Erin,B,Grow,West,2026-01-01,960.0,us_budget_v2_manual_check,USD,2026.01.22 US Spa Sales Budget 2026 FINAL.xlsx,us_budget_v2_monthly,2026-03-24T16:24:00+00:00
25072,Balboa Bay Club Ventures LLC,West,Erin,B,Grow,West,2026-02-01,960.0,us_budget_v2_manual_check,USD,2026.01.22 US Spa Sales Budget 2026 FINAL.xlsx,us_budget_v2_monthly,2026-03-24T16:24:00+00:00
25072,Balboa Bay Club Ventures LLC,West,Erin,B,Grow,West,2026-03-01,1080.0,us_budget_v2_manual_check,USD,2026.01.22 US Spa Sales Budget 2026 FINAL.xlsx,us_budget_v2_monthly,2026-03-24T16:24:00+00:00
25072,Balboa Bay Club Ventures LLC,West,Erin,B,Grow,West,2026-04-01,1080.0,us_budget_v2_manual_check,USD,2026.01.22 US Spa Sales Budget 2026 FINAL.xlsx,us_budget_v2_monthly,2026-03-24T16:24:00+00:00
25072,Balboa Bay Club Ventures LLC,West,Erin,B,Grow,West,2026-05-01,1080.0,us_budget_v2_manual_check,USD,2026.01.22 US Spa Sales Budget 2026 FINAL.xlsx,us_budget_v2_monthly,2026-03-24T16:24:00+00:00
25072,Balboa Bay Club Ventures LLC,West,Erin,B,Grow,West,2026-06-01,960.0,us_budget_v2_manual_check,USD,2026.01.22 US Spa Sales Budget 2026 FINAL.xlsx,us_budget_v2_monthly,2026-03-24T16:24:00+00:00
25072,Balboa Bay Club Ventures LLC,West,Erin,B,Grow,West,2026-07-01,960.0,us_budget_v2_manual_check,USD,2026.01.22 US Spa Sales Budget 2026 FINAL.xlsx,us_budget_v2_monthly,2026-03-24T16:24:00+00:00
25072,Balboa Bay Club Ventures LLC,West,Erin,B,Grow,West,2026-08-01,720.0,us_budget_v2_manual_check,USD,2026.01.22 US Spa Sales Budget 2026 FINAL.xlsx,us_budget_v2_monthly,2026-03-24T16:24:00+00:00
25072,Balboa Bay Club Ventures LLC,West,Erin,B,Grow,West,2026-09-01,1080.0,us_budget_v2_manual_check,USD,2026.01.22 US Spa Sales Budget 2026 FINAL.xlsx,us_budget_v2_monthly,2026-03-24T16:24:00+00:00
25072,Balboa Bay Club Ventures LLC,West,Erin,B,Grow,West,2026-10-01,1200.0,us_budget_v2_manual_check,USD,2026.01.22 US Spa Sales Budget 2026 FINAL.xlsx,us_budget_v2_monthly,2026-03-24T16:24:00+00:00
25072,Balboa Bay Club Ventures LLC,West,Erin,B,Grow,West,2026-11-01,1080.0,us_budget_v2_manual_check,USD,2026.01.22 US Spa Sales Budget 2026 FINAL.xlsx,us_budget_v2_monthly,2026-03-24T16:24:00+00:00
25072,Balboa Bay Club Ventures LLC,West,Erin,B,Grow,West,2026-12-01,840.0000000000001,us_budget_v2_manual_check,USD,2026.01.22 US Spa Sales Budget 2026 FINAL.xlsx,us_budget_v2_monthly,2026-03-24T16:24:00+00:00
25073,Mario Tricoci Hair Salons & Day Spas,Central,Emily,A,Grow,Central,2026-01-01,1600.0,us_budget_v2_manual_check,USD,2026.01.22 US Spa Sales Budget 2026 FINAL.xlsx,us_budget_v2_monthly,2026-03-24T16:24:00+00:00
25073,Mario Tricoci Hair Salons & Day Spas,Central,Emily,A,Grow,Central,2026-02-01,1600.0,us_budget_v2_manual_check,USD,2026.01.22 US Spa Sales Budget 2026 FINAL.xlsx,us_budget_v2_monthly,2026-03-24T16:24:00+00:00
25073,Mario Tricoci Hair Salons & Day Spas,Central,Emily,A,Grow,Central,2026-03-01,1800.0,us_budget_v2_manual_check,USD,2026.01.22 US Spa Sales Budget 2026 FINAL.xlsx,us_budget_v2_monthly,2026-03-24T16:24:00+00:00
25073,Mario Tricoci Hair Salons & Day Spas,Central,Emily,A,Grow,Central,2026-04-01,1800.0,us_budget_v2_manual_check,USD,2026.01.22 US Spa Sales Budget 2026 FINAL.xlsx,us_budget_v2_monthly,2026-03-24T16:24:00+00:00
25073,Mario Tricoci Hair Salons & Day Spas,Central,Emily,A,Grow,Central,2026-05-01,1800.0,us_budget_v2_manual_check,USD,2026.01.22 US Spa Sales Budget 2026 FINAL.xlsx,us_budget_v2_monthly,2026-03-24T16:24:00+00:00
25073,Mario Tricoci Hair Salons & Day Spas,Central,Emily,A,Grow,Central,2026-06-01,1600.0,us_budget_v2_manual_check,USD,2026.01.22 US Spa Sales Budget 2026 FINAL.xlsx,us_budget_v2_monthly,2026-03-24T16:24:00+00:00
25073,Mario Tricoci Hair Salons & Day Spas,Central,Emily,A,Grow,Central,2026-07-01,1600.0,us_budget_v2_manual_check,USD,2026.01.22 US Spa Sales Budget 2026 FINAL.xlsx,us_budget_v2_monthly,2026-03-24T16:24:00+00:00
25073,Mario Tricoci Hair Salons & Day Spas,Central,Emily,A,Grow,Central,2026-08-01,1200.0,us_budget_v2_manual_check,USD,2026.01.22 US Spa Sales Budget 2026 FINAL.xlsx,us_budget_v2_monthly,2026-03-24T16:24:00+00:00
25073,Mario Tricoci Hair Salons & Day Spas,Central,Emily,A,Grow,Central,2026-09-01,1800.0,us_budget_v2_manual_check,USD,2026.01.22 US Spa Sales Budget 2026 FINAL.xlsx,us_budget_v2_monthly,2026-03-24T16:24:00+00:00
25073,Mario Tricoci Hair Salons & Day Spas,Central,Emily,A,Grow,Central,2026-10-01,2000.0,us_budget_v2_manual_check,USD,2026.01.22 US Spa Sales Budget 2026 FINAL.xlsx,us_budget_v2_monthly,2026-03-24T16:24:00+00:00
25073,Mario Tricoci Hair Salons & Day Spas,Central,Emily,A,Grow,Central,2026-11-01,1800.0,us_budget_v2_manual_check,USD,2026.01.22 US Spa Sales Budget 2026 FINAL.xlsx,us_budget_v2_monthly,2026-03-24T16:24:00+00:00
25073,Mario Tricoci Hair Salons & Day Spas,Central,Emily,A,Grow,Central,2026-12-01,1400.0000000000002,us_budget_v2_manual_check,USD,2026.01.22 US Spa Sales Budget 2026 FINAL.xlsx,us_budget_v2_monthly,2026-03-24T16:24:00+00:00
25074,"Houstonian Campus, LLC",Central,Emily,A++,Grow,Central,2026-01-01,960.0,us_budget_v2_manual_check,USD,2026.01.22 US Spa Sales Budget 2026 FINAL.xlsx,us_budget_v2_monthly,2026-03-24T16:24:00+00:00
25074,"Houstonian Campus, LLC",Central,Emily,A++,Grow,Central,2026-02-01,960.0,us_budget_v2_manual_check,USD,2026.01.22 US Spa Sales Budget 2026 FINAL.xlsx,us_budget_v2_monthly,2026-03-24T16:24:00+00:00
25074,"Houstonian Campus, LLC",Central,Emily,A++,Grow,Central,2026-03-01,1080.0,us_budget_v2_manual_check,USD,2026.01.22 US Spa Sales Budget 2026 FINAL.xlsx,us_budget_v2_monthly,2026-03-24T16:24:00+00:00
25074,"Houstonian Campus, LLC",Central,Emily,A++,Grow,Central,2026-04-01,1080.0,us_budget_v2_manual_check,USD,2026.01.22 US Spa Sales Budget 2026 FINAL.xlsx,us_budget_v2_monthly,2026-03-24T16:24:00+00:00
25074,"Houstonian Campus, LLC",Central,Emily,A++,Grow,Central,2026-05-01,1080.0,us_budget_v2_manual_check,USD,2026.01.22 US Spa Sales Budget 2026 FINAL.xlsx,us_budget_v2_monthly,2026-03-24T16:24:00+00:00
25074,"Houstonian Campus, LLC",Central,Emily,A++,Grow,Central,2026-06-01,960.0,us_budget_v2_manual_check,USD,2026.01.22 US Spa Sales Budget 2026 FINAL.xlsx,us_budget_v2_monthly,2026-03-24T16:24:00+00:00
25074,"Houstonian Campus, LLC",Central,Emily,A++,Grow,Central,2026-07-01,960.0,us_budget_v2_manual_check,USD,2026.01.22 US Spa Sales Budget 2026 FINAL.xlsx,us_budget_v2_monthly,2026-03-24T16:24:00+00:00
25074,"Houstonian Campus, LLC",Central,Emily,A++,Grow,Central,2026-08-01,720.0,us_budget_v2_manual_check,USD,2026.01.22 US Spa Sales Budget 2026 FINAL.xlsx,us_budget_v2_monthly,2026-03-24T16:24:00+00:00
25074,"Houstonian Campus, LLC",Central,Emily,A++,Grow,Central,2026-09-01,1080.0,us_budget_v2_manual_check,USD,2026.01.22 US Spa Sales Budget 2026 FINAL.xlsx,us_budget_v2_monthly,2026-03-24T16:24:00+00:00
25074,"Houstonian Campus, LLC",Central,Emily,A++,Grow,Central,2026-10-01,1200.0,us_budget_v2_manual_check,USD,2026.01.22 US Spa Sales Budget 2026 FINAL.xlsx,us_budget_v2_monthly,2026-03-24T16:24:00+00:00
25074,"Houstonian Campus, LLC",Central,Emily,A++,Grow,Central,2026-11-01,1080.0,us_budget_v2_manual_check,USD,2026.01.22 US Spa Sales Budget 2026 FINAL.xlsx,us_budget_v2_monthly,2026-03-24T16:24:00+00:00
25074,"Houstonian Campus, LLC",Central,Emily,A++,Grow,Central,2026-12-01,840.0000000000001,us_budget_v2_manual_check,USD,2026.01.22 US Spa Sales Budget 2026 FINAL.xlsx,us_budget_v2_monthly,2026-03-24T16:24:00+00:00
25075,Wyndham Grand Rio Mar Hotel,Other,Melissa,A,Grow,Other,2026-01-01,1600.0,us_budget_v2_manual_check,USD,2026.01.22 US Spa Sales Budget 2026 FINAL.xlsx,us_budget_v2_monthly,2026-03-24T16:24:00+00:00
25075,Wyndham Grand Rio Mar Hotel,Other,Melissa,A,Grow,Other,2026-02-01,1600.0,us_budget_v2_manual_check,USD,2026.01.22 US Spa Sales Budget 2026 FINAL.xlsx,us_budget_v2_monthly,2026-03-24T16:24:00+00:00
25075,Wyndham Grand Rio Mar Hotel,Other,Melissa,A,Grow,Other,2026-03-01,1800.0,us_budget_v2_manual_check,USD,2026.01.22 US Spa Sales Budget 2026 FINAL.xlsx,us_budget_v2_monthly,2026-03-24T16:24:00+00:00
25075,Wyndham Grand Rio Mar Hotel,Other,Melissa,A,Grow,Other,2026-04-01,1800.0,us_budget_v2_manual_check,USD,2026.01.22 US Spa Sales Budget 2026 FINAL.xlsx,us_budget_v2_monthly,2026-03-24T16:24:00+00:00
25075,Wyndham Grand Rio Mar Hotel,Other,Melissa,A,Grow,Other,2026-05-01,1800.0,us_budget_v2_manual_check,USD,2026.01.22 US Spa Sales Budget 2026 FINAL.xlsx,us_budget_v2_monthly,2026-03-24T16:24:00+00:00
25075,Wyndham Grand Rio Mar Hotel,Other,Melissa,A,Grow,Other,2026-06-01,1600.0,us_budget_v2_manual_check,USD,2026.01.22 US Spa Sales Budget 2026 FINAL.xlsx,us_budget_v2_monthly,2026-03-24T16:24:00+00:00
25075,Wyndham Grand Rio Mar Hotel,Other,Melissa,A,Grow,Other,2026-07-01,1600.0,us_budget_v2_manual_check,USD,2026.01.22 US Spa Sales Budget 2026 FINAL.xlsx,us_budget_v2_monthly,2026-03-24T16:24:00+00:00
25075,Wyndham Grand Rio Mar Hotel,Other,Melissa,A,Grow,Other,2026-08-01,1200.0,us_budget_v2_manual_check,USD,2026.01.22 US Spa Sales Budget 2026 FINAL.xlsx,us_budget_v2_monthly,2026-03-24T16:24:00+00:00
25075,Wyndham Grand Rio Mar Hotel,Other,Melissa,A,Grow,Other,2026-09-01,1800.0,us_budget_v2_manual_check,USD,2026.01.22 US Spa Sales Budget 2026 FINAL.xlsx,us_budget_v2_monthly,2026-03-24T16:24:00+00:00
25075,Wyndham Grand Rio Mar Hotel,Other,Melissa,A,Grow,Other,2026-10-01,2000.0,us_budget_v2_manual_check,USD,2026.01.22 US Spa Sales Budget 2026 FINAL.xlsx,us_budget_v2_monthly,2026-03-24T16:24:00+00:00
25075,Wyndham Grand Rio Mar Hotel,Other,Melissa,A,Grow,Other,2026-11-01,1800.0,us_budget_v2_manual_check,USD,2026.01.22 US Spa Sales Budget 2026 FINAL.xlsx,us_budget_v2_monthly,2026-03-24T16:24:00+00:00
25075,Wyndham Grand Rio Mar Hotel,Other,Melissa,A,Grow,Other,2026-12-01,1400.0000000000002,us_budget_v2_manual_check,USD,2026.01.22 US Spa Sales Budget 2026 FINAL.xlsx,us_budget_v2_monthly,2026-03-24T16:24:00+00:00
25076,Costa d' Este Beach Resort & Spa,Other,Bethany,B,Grow,Southeast,2026-01-01,960.0,us_budget_v2_manual_check,USD,2026.01.22 US Spa Sales Budget 2026 FINAL.xlsx,us_budget_v2_monthly,2026-03-24T16:24:00+00:00
25076,Costa d' Este Beach Resort & Spa,Other,Bethany,B,Grow,Southeast,2026-02-01,960.0,us_budget_v2_manual_check,USD,2026.01.22 US Spa Sales Budget 2026 FINAL.xlsx,us_budget_v2_monthly,2026-03-24T16:24:00+00:00
25076,Costa d' Este Beach Resort & Spa,Other,Bethany,B,Grow,Southeast,2026-03-01,1080.0,us_budget_v2_manual_check,USD,2026.01.22 US Spa Sales Budget 2026 FINAL.xlsx,us_budget_v2_monthly,2026-03-24T16:24:00+00:00
25076,Costa d' Este Beach Resort & Spa,Other,Bethany,B,Grow,Southeast,2026-04-01,1080.0,us_budget_v2_manual_check,USD,2026.01.22 US Spa Sales Budget 2026 FINAL.xlsx,us_budget_v2_monthly,2026-03-24T16:24:00+00:00
25076,Costa d' Este Beach Resort & Spa,Other,Bethany,B,Grow,Southeast,2026-05-01,1080.0,us_budget_v2_manual_check,USD,2026.01.22 US Spa Sales Budget 2026 FINAL.xlsx,us_budget_v2_monthly,2026-03-24T16:24:00+00:00
25076,Costa d' Este Beach Resort & Spa,Other,Bethany,B,Grow,Southeast,2026-06-01,960.0,us_budget_v2_manual_check,USD,2026.01.22 US Spa Sales Budget 2026 FINAL.xlsx,us_budget_v2_monthly,2026-03-24T16:24:00+00:00
25076,Costa d' Este Beach Resort & Spa,Other,Bethany,B,Grow,Southeast,2026-07-01,960.0,us_budget_v2_manual_check,USD,2026.01.22 US Spa Sales Budget 2026 FINAL.xlsx,us_budget_v2_monthly,2026-03-24T16:24:00+00:00
25076,Costa d' Este Beach Resort & Spa,Other,Bethany,B,Grow,Southeast,2026-08-01,720.0,us_budget_v2_manual_check,USD,2026.01.22 US Spa Sales Budget 2026 FINAL.xlsx,us_budget_v2_monthly,2026-03-24T16:24:00+00:00
25076,Costa d' Este Beach Resort & Spa,Other,Bethany,B,Grow,Southeast,2026-09-01,1080.0,us_budget_v2_manual_check,USD,2026.01.22 US Spa Sales Budget 2026 FINAL.xlsx,us_budget_v2_monthly,2026-03-24T16:24:00+00:00
25076,Costa d' Este Beach Resort & Spa,Other,Bethany,B,Grow,Southeast,2026-10-01,1200.0,us_budget_v2_manual_check,USD,2026.01.22 US Spa Sales Budget 2026 FINAL.xlsx,us_budget_v2_monthly,2026-03-24T16:24:00+00:00
25076,Costa d' Este Beach Resort & Spa,Other,Bethany,B,Grow,Southeast,2026-11-01,1080.0,us_budget_v2_manual_check,USD,2026.01.22 US Spa Sales Budget 2026 FINAL.xlsx,us_budget_v2_monthly,2026-03-24T16:24:00+00:00
25076,Costa d' Este Beach Resort & Spa,Other,Bethany,B,Grow,Southeast,2026-12-01,840.0000000000001,us_budget_v2_manual_check,USD,2026.01.22 US Spa Sales Budget 2026 FINAL.xlsx,us_budget_v2_monthly,2026-03-24T16:24:00+00:00
