sheet_name,source_file_name,header_row,row_number,nan,25a,25b,25f_vs_25b,24a,25f_vs_24a,nan_2,26b,25a_2,26b_vs_25f,nan_3,nan_4,20260101_000000,20260201_000000,20260301_000000,20260401_000000,20260501_000000,20260601_000000,20260701_000000,20260801_000000,20260901_000000,20261001_000000,20261101_000000,20261201_000000,existing_doors,new_doors,20260101_000000_2,20260201_000000_2,20260301_000000_2,20260401_000000_2,20260501_000000_2,20260601_000000_2,20260701_000000_2,20260801_000000_2,20260901_000000_2,20261001_000000_2,20261101_000000_2,20261201_000000_2,20260101_000000_3,20260201_000000_3,20260301_000000_3,20260401_000000_3,20260501_000000_3,20260601_000000_3,20260701_000000_3,20260801_000000_3,20260901_000000_3,20261001_000000_3,20261101_000000_3,20261201_000000_3,cluster,definition,customer_code,customer_name,region,sales_person,new_door_year,active,2025_cluster,2026_cluster,2025a,2026b,size_indicator,customer_growth_class,2024_ytd,2025_ytd,2025b_ytd,25_vs_24,25_vs_25b,2022,2023,2024,2025b,2025a_2,2026b_2,25_vs_24_2,25_vs_25b_2,26b_vs_25a,nan_5,nan_6,nan_7,nan_8,nan_9,nan_10,nan_11,2025f,customer_no,20220,20230,20240,20250,25_vs_23,25_vs_22,25_vs_22_cagr,25_vs_24_sales,25_vs_23_sales,25_vs_22_sales,25_vs_25b_sales,2025b_2,25_vs_23_2,25_vs_22_2,25_vs_22_cagr_2,25_vs_24_sales_2,25_vs_23_sales_2,25_vs_22_sales_2,25_vs_25b_sales_2,new_door_mmmyy,lost_door_year,lost_door_mmmyy,active_end_2021,active_end_2022,active_end_2023,active_2024,active_2025,growth,col_01,new_door_month,new_door_month_code,annual_total,20220101_000000,20220201_000000,20220301_000000,20220401_000000,20220501_000000,20220601_000000,20220701_000000,20220801_000000,20220901_000000,20221001_000000,20221101_000000,20221201_000000,20220101_000000_2,20220201_000000_2,20220301_000000_2,20220401_000000_2,20220501_000000_2,20220601_000000_2,20220701_000000_2,20220801_000000_2,20220901_000000_2,20221001_000000_2,20221101_000000_2,20221201_000000_2,20230101_000000,20230201_000000,20230301_000000,20230401_000000,20230501_000000,20230601_000000,20230701_000000,20230801_000000,20230901_000000,20231001_000000,20231101_000000,20231201_000000,20230101_000000_2,20230201_000000_2,20230301_000000_2,20230401_000000_2,20230501_000000_2,20230601_000000_2,20230701_000000_2,20230801_000000_2,20230901_000000_2,20231001_000000_2,20231101_000000_2,20231201_000000_2,20240101_000000,20240201_000000,20240301_000000,20240401_000000,20240501_000000,20240601_000000,20240701_000000,20240801_000000,20240901_000000,20241001_000000,20241101_000000,20241201_000000,20240101_000000_2,20240201_000000_2,20240301_000000_2,20240401_000000_2,20240501_000000_2,20240601_000000_2,20240701_000000_2,20240801_000000_2,20240901_000000_2,20241001_000000_2,20241101_000000_2,20241201_000000_2,20250101_000000,20250201_000000,20250301_000000,20250401_000000,20250501_000000,20250601_000000,20250701_000000,20250801_000000,20250901_000000,20251001_000000,20251101_000000,20251201_000000,20250101_000000_2,20250201_000000_2,20250301_000000_2,20250401_000000_2,20250501_000000_2,20250601_000000_2,20250701_000000_2,20250801_000000_2,20250901_000000_2,20251001_000000_2,20251101_000000_2,20251201_000000_2,salesperson,new_customer_year,new_customer_mmmyy,25b_vs_24a,yes,grow,extract_type,load_ts
Summary,20260324T164535Z_2026.01.22 US Spa Sales Budget 2026 FINAL.xlsx,3,4,Northeast,81851.45000000001,199000,-0.5886861809045225,90880.70999999999,-0.09935287697466255,,199000,81851.45000000001,1.4312336556041458,,,7920,12920,13910,13910,12910,16920,18920,9940,25910,22900,25910,16930,99000,100000,7920,7920,8910,8910,8910,7920,7920,5940,8910,9900,8910,6930,0,5000,5000,5000,4000,9000,11000,4000,17000,13000,17000,10000,,,,,,,,,,,,,,,,,,,,,,,,,,,,,,,,,,,,,,,,,,,,,,,,,,,,,,,,,,,,,,,,,,,,,,,,,,,,,,,,,,,,,,,,,,,,,,,,,,,,,,,,,,,,,,,,,,,,,,,,,,,,,,,,,,,,,,,,,,,,,,,,,,,,,,,,,,,,,,,,,,,,,,,,,,,,us_budget_v2_full_workbook_rows,2026-03-24T16:45:36+00:00
Summary,20260324T164535Z_2026.01.22 US Spa Sales Budget 2026 FINAL.xlsx,3,5,Central,138736.72,242000,-0.42670776859504134,121731.17,0.1396975811536192,,286000,138736.72,1.0614585669893306,,,14880,19880,21740,21740,20740,23880,25880,15160,33740,31600,33740,23020,186000,100000,14880,14880,16740,16740,16740,14880,14880,11160,16740,18600,16740,13020,0,5000,5000,5000,4000,9000,11000,4000,17000,13000,17000,10000,,,,,,,,,,,,,,,,,,,,,,,,,,,,,,,,,,,,,,,,,,,,,,,,,,,,,,,,,,,,,,,,,,,,,,,,,,,,,,,,,,,,,,,,,,,,,,,,,,,,,,,,,,,,,,,,,,,,,,,,,,,,,,,,,,,,,,,,,,,,,,,,,,,,,,,,,,,,,,,,,,,,,,,,,,,,us_budget_v2_full_workbook_rows,2026-03-24T16:45:36+00:00
Summary,20260324T164535Z_2026.01.22 US Spa Sales Budget 2026 FINAL.xlsx,3,6,West,306743.02,574500,-0.46606959094865097,343837.12,-0.10788276728236901,,377000,306743.02,0.22904182139173046,,,22160,27160,29930,29930,28930,31160,33160,20620,41930,40700,41930,29390,277000,100000,22160,22160,24930,24930,24930,22160,22160,16620,24930,27700,24930,19390,0,5000,5000,5000,4000,9000,11000,4000,17000,13000,17000,10000,,,,,,,,,,,,,,,,,,,,,,,,,,,,,,,,,,,,,,,,,,,,,,,,,,,,,,,,,,,,,,,,,,,,,,,,,,,,,,,,,,,,,,,,,,,,,,,,,,,,,,,,,,,,,,,,,,,,,,,,,,,,,,,,,,,,,,,,,,,,,,,,,,,,,,,,,,,,,,,,,,,,,,,,,,,,us_budget_v2_full_workbook_rows,2026-03-24T16:45:36+00:00
Summary,20260324T164535Z_2026.01.22 US Spa Sales Budget 2026 FINAL.xlsx,3,7,Southeast,131948.22,343000,-0.6153113119533528,150948.02,-0.12586981929276042,,272000,131948.22,1.0614146973714385,,,13760,18760,20480,20480,19480,22760,24760,14320,32480,30200,32480,22040,172000,100000,13760,13760,15480,15480,15480,13760,13760,10320,15480,17200,15480,12040.000000000002,0,5000,5000,5000,4000,9000,11000,4000,17000,13000,17000,9999.999999999998,,,,,,,,,,,,,,,,,,,,,,,,,,,,,,,,,,,,,,,,,,,,,,,,,,,,,,,,,,,,,,,,,,,,,,,,,,,,,,,,,,,,,,,,,,,,,,,,,,,,,,,,,,,,,,,,,,,,,,,,,,,,,,,,,,,,,,,,,,,,,,,,,,,,,,,,,,,,,,,,,,,,,,,,,,,,us_budget_v2_full_workbook_rows,2026-03-24T16:45:36+00:00
Summary,20260324T164535Z_2026.01.22 US Spa Sales Budget 2026 FINAL.xlsx,3,8,Other,77613.54,155000,-0.49926748387096775,59847.38,0.29685777389085355,,90000,77613.54,0.1595914836509198,,,7200,7200,8100,8100,8100,7200,7200,5400,8100,9000,8100,6300.000000000001,90000,0,7200,7200,8100,8100,8100,7200,7200,5400,8100,9000,8100,6300.000000000001,0,0,0,0,0,0,0,0,0,0,0,0,,,,,,,,,,,,,,,,,,,,,,,,,,,,,,,,,,,,,,,,,,,,,,,,,,,,,,,,,,,,,,,,,,,,,,,,,,,,,,,,,,,,,,,,,,,,,,,,,,,,,,,,,,,,,,,,,,,,,,,,,,,,,,,,,,,,,,,,,,,,,,,,,,,,,,,,,,,,,,,,,,,,,,,,,,,,us_budget_v2_full_workbook_rows,2026-03-24T16:45:36+00:00
Summary,20260324T164535Z_2026.01.22 US Spa Sales Budget 2026 FINAL.xlsx,3,9,US Spa,736892.9500000001,1513500,-0.513119953749587,767244.4,-0.03955903751138479,,1224000,736892.9500000001,0.6610282402620351,,,65920,85920,94160,94160,90160,101920,109920,65440,142160,134400,142160,97680,824000,400000,65920,65920,74160,74160,74160,65920,65920,49440,74160,82400,74160,57680,0,20000,20000,20000,16000,36000,44000,16000,68000,52000,68000,40000,,,,,,,,,,,,,,,,,,,,,,,,,,,,,,,,,,,,,,,,,,,,,,,,,,,,,,,,,,,,,,,,,,,,,,,,,,,,,,,,,,,,,,,,,,,,,,,,,,,,,,,,,,,,,,,,,,,,,,,,,,,,,,,,,,,,,,,,,,,,,,,,,,,,,,,,,,,,,,,,,,,,,,,,,,,,us_budget_v2_full_workbook_rows,2026-03-24T16:45:36+00:00
Summary,20260324T164535Z_2026.01.22 US Spa Sales Budget 2026 FINAL.xlsx,3,10,Commission Summary,,,,,,,,,,,,,,,,,,,,,,,,,,,,,,,,,,,,,,,,,,,,,,,,,,,,,,,,,,,,,,,,,,,,,,,,,,,,,,,,,,,,,,,,,,,,,,,,,,,,,,,,,,,,,,,,,,,,,,,,,,,,,,,,,,,,,,,,,,,,,,,,,,,,,,,,,,,,,,,,,,,,,,,,,,,,,,,,,,,,,,,,,,,,,,,,,,,,,,,,,,,,,,,,,,,,,,,,,,,,,us_budget_v2_full_workbook_rows,2026-03-24T16:45:36+00:00
Summary,20260324T164535Z_2026.01.22 US Spa Sales Budget 2026 FINAL.xlsx,3,11,,Sales 2026,o/w New 2026,o/w New 2025,o/w Existing,Commission on New 2026,Commission on New 2025,Commission on Existing,Total 2026 Commission,,,,,,,,,,,,,,,,,,,,,,,,,,,,,,,,,,,,,,,,,,,,,,,,,,,,,,,,,,,,,,,,,,,,,,,,,,,,,,,,,,,,,,,,,,,,,,,,,,,,,,,,,,,,,,,,,,,,,,,,,,,,,,,,,,,,,,,,,,,,,,,,,,,,,,,,,,,,,,,,,,,,,,,,,,,,,,,,,,,,,,,,,,,,,,,,,,,,,,,,,,,,,,,,,,,,,us_budget_v2_full_workbook_rows,2026-03-24T16:45:36+00:00
Summary,20260324T164535Z_2026.01.22 US Spa Sales Budget 2026 FINAL.xlsx,3,12,Northeast,199000,100000,37000,62000,10000,1850,3100,14950,,,,,,,,,,,,,,,,,,,,,,,,,,,,,,,,,,,,,,,,,,,,,,,,,,,,,,,,,,,,,,,,,,,,,,,,,,,,,,,,,,,,,,,,,,,,,,,,,,,,,,,,,,,,,,,,,,,,,,,,,,,,,,,,,,,,,,,,,,,,,,,,,,,,,,,,,,,,,,,,,,,,,,,,,,,,,,,,,,,,,,,,,,,,,,,,,,,,,,,,,,,,,,,,,,,,,us_budget_v2_full_workbook_rows,2026-03-24T16:45:36+00:00
Summary,20260324T164535Z_2026.01.22 US Spa Sales Budget 2026 FINAL.xlsx,3,13,Central,286000,100000,66000,120000,10000,3300,6000,19300,,,,,,,,,,,,,,,,,,,,,,,,,,,,,,,,,,,,,,,,,,,,,,,,,,,,,,,,,,,,,,,,,,,,,,,,,,,,,,,,,,,,,,,,,,,,,,,,,,,,,,,,,,,,,,,,,,,,,,,,,,,,,,,,,,,,,,,,,,,,,,,,,,,,,,,,,,,,,,,,,,,,,,,,,,,,,,,,,,,,,,,,,,,,,,,,,,,,,,,,,,,,,,,,,,,,,us_budget_v2_full_workbook_rows,2026-03-24T16:45:36+00:00
Summary,20260324T164535Z_2026.01.22 US Spa Sales Budget 2026 FINAL.xlsx,3,14,West,377000,100000,77000,200000,10000,3850,10000,23850,,,,,,,,,,,,,,,,,,,,,,,,,,,,,,,,,,,,,,,,,,,,,,,,,,,,,,,,,,,,,,,,,,,,,,,,,,,,,,,,,,,,,,,,,,,,,,,,,,,,,,,,,,,,,,,,,,,,,,,,,,,,,,,,,,,,,,,,,,,,,,,,,,,,,,,,,,,,,,,,,,,,,,,,,,,,,,,,,,,,,,,,,,,,,,,,,,,,,,,,,,,,,,,,,,,,,us_budget_v2_full_workbook_rows,2026-03-24T16:45:36+00:00
Summary,20260324T164535Z_2026.01.22 US Spa Sales Budget 2026 FINAL.xlsx,3,15,Southeast,272000,100000,23000,149000,10000,1150,7450,18600,,,,,,,,,,,,,,,,,,,,,,,,,,,,,,,,,,,,,,,,,,,,,,,,,,,,,,,,,,,,,,,,,,,,,,,,,,,,,,,,,,,,,,,,,,,,,,,,,,,,,,,,,,,,,,,,,,,,,,,,,,,,,,,,,,,,,,,,,,,,,,,,,,,,,,,,,,,,,,,,,,,,,,,,,,,,,,,,,,,,,,,,,,,,,,,,,,,,,,,,,,,,,,,,,,,,,us_budget_v2_full_workbook_rows,2026-03-24T16:45:36+00:00
Summary,20260324T164535Z_2026.01.22 US Spa Sales Budget 2026 FINAL.xlsx,3,16,Other,90000,0,20000,70000,0,1000,3500,4500,,,,,,,,,,,,,,,,,,,,,,,,,,,,,,,,,,,,,,,,,,,,,,,,,,,,,,,,,,,,,,,,,,,,,,,,,,,,,,,,,,,,,,,,,,,,,,,,,,,,,,,,,,,,,,,,,,,,,,,,,,,,,,,,,,,,,,,,,,,,,,,,,,,,,,,,,,,,,,,,,,,,,,,,,,,,,,,,,,,,,,,,,,,,,,,,,,,,,,,,,,,,,,,,,,,,,us_budget_v2_full_workbook_rows,2026-03-24T16:45:36+00:00
Summary,20260324T164535Z_2026.01.22 US Spa Sales Budget 2026 FINAL.xlsx,3,17,US Spa,1224000,400000,223000,601000,40000,11150,30050,81200,,,,,,,,,,,,,,,,,,,,,,,,,,,,,,,,,,,,,,,,,,,,,,,,,,,,,,,,,,,,,,,,,,,,,,,,,,,,,,,,,,,,,,,,,,,,,,,,,,,,,,,,,,,,,,,,,,,,,,,,,,,,,,,,,,,,,,,,,,,,,,,,,,,,,,,,,,,,,,,,,,,,,,,,,,,,,,,,,,,,,,,,,,,,,,,,,,,,,,,,,,,,,,,,,,,,,us_budget_v2_full_workbook_rows,2026-03-24T16:45:36+00:00
Summary,20260324T164535Z_2026.01.22 US Spa Sales Budget 2026 FINAL.xlsx,3,18,Lost,,,,,,,,,,,,,,,,,,,,,,,,,,,,,,,,,,,,,,,,,,,,,,,,,,,,,,,,,,,,,,,,,,,,,,,,,,,,,,,,,,,,,,,,,,,,,,,,,,,,,,,,,,,,,,,,,,,,,,,,,,,,,,,,,,,,,,,,,,,,,,,,,,,,,,,,,,,,,,,,,,,,,,,,,,,,,,,,,,,,,,,,,,,,,,,,,,,,,,,,,,,,,,,,,,,,,,,,,,,,,us_budget_v2_full_workbook_rows,2026-03-24T16:45:36+00:00
Summary,20260324T164535Z_2026.01.22 US Spa Sales Budget 2026 FINAL.xlsx,3,19,USD,Full Year,,,,,,,,,Full Year,,,,,,,,,,,,,,,,,,,,,,,,,,,,,,,,,,,,,,,,,,,,,,,,,,,,,,,,,,,,,,,,,,,,,,,,,,,,,,,,,,,,,,,,,,,,,,,,,,,,,,,,,,,,,,,,,,,,,,,,,,,,,,,,,,,,,,,,,,,,,,,,,,,,,,,,,,,,,,,,,,,,,,,,,,,,,,,,,,,,,,,,,,,,,,,,,,,,,,,,,,,,,,,,,,,us_budget_v2_full_workbook_rows,2026-03-24T16:45:36+00:00
Summary,20260324T164535Z_2026.01.22 US Spa Sales Budget 2026 FINAL.xlsx,3,20,,25F,25B,25F vs 25B,24A,25F vs 24A,25B,25A vs 25B,24A,25A vs 24A,26B,25F,26B vs 25F,,,,,,,,,,,,,,,,,,,,,,,,,,,,,,,,,,,,,,,,,,,,,,,,,,,,,,,,,,,,,,,,,,,,,,,,,,,,,,,,,,,,,,,,,,,,,,,,,,,,,,,,,,,,,,,,,,,,,,,,,,,,,,,,,,,,,,,,,,,,,,,,,,,,,,,,,,,,,,,,,,,,,,,,,,,,,,,,,,,,,,,,,,,,,,,,,,,,,,,,,,,,,,,,,us_budget_v2_full_workbook_rows,2026-03-24T16:45:36+00:00
Summary,20260324T164535Z_2026.01.22 US Spa Sales Budget 2026 FINAL.xlsx,3,21,Northeast,0,0,,0,,0,,0,,0,0,,,,,,,,,,,,,,,,,,,,,,,,,,,,,,,,,,,,,,,,,,,,,,,,,,,,,,,,,,,,,,,,,,,,,,,,,,,,,,,,,,,,,,,,,,,,,,,,,,,,,,,,,,,,,,,,,,,,,,,,,,,,,,,,,,,,,,,,,,,,,,,,,,,,,,,,,,,,,,,,,,,,,,,,,,,,,,,,,,,,,,,,,,,,,,,,,,,,,,,,,,,,,,,,,,us_budget_v2_full_workbook_rows,2026-03-24T16:45:36+00:00
Summary,20260324T164535Z_2026.01.22 US Spa Sales Budget 2026 FINAL.xlsx,3,22,Central,0,10000,-1,5494,-1,10000,,5494,,0,0,,,,,,,,,,,,,,,,,,,,,,,,,,,,,,,,,,,,,,,,,,,,,,,,,,,,,,,,,,,,,,,,,,,,,,,,,,,,,,,,,,,,,,,,,,,,,,,,,,,,,,,,,,,,,,,,,,,,,,,,,,,,,,,,,,,,,,,,,,,,,,,,,,,,,,,,,,,,,,,,,,,,,,,,,,,,,,,,,,,,,,,,,,,,,,,,,,,,,,,,,,,,,,,,,,us_budget_v2_full_workbook_rows,2026-03-24T16:45:36+00:00
Summary,20260324T164535Z_2026.01.22 US Spa Sales Budget 2026 FINAL.xlsx,3,23,West,0,0,,0,,0,,0,,0,0,,,,,,,,,,,,,,,,,,,,,,,,,,,,,,,,,,,,,,,,,,,,,,,,,,,,,,,,,,,,,,,,,,,,,,,,,,,,,,,,,,,,,,,,,,,,,,,,,,,,,,,,,,,,,,,,,,,,,,,,,,,,,,,,,,,,,,,,,,,,,,,,,,,,,,,,,,,,,,,,,,,,,,,,,,,,,,,,,,,,,,,,,,,,,,,,,,,,,,,,,,,,,,,,,,us_budget_v2_full_workbook_rows,2026-03-24T16:45:36+00:00
Summary,20260324T164535Z_2026.01.22 US Spa Sales Budget 2026 FINAL.xlsx,3,24,Southeast,0,0,,0,,0,,0,,0,0,,,,,,,,,,,,,,,,,,,,,,,,,,,,,,,,,,,,,,,,,,,,,,,,,,,,,,,,,,,,,,,,,,,,,,,,,,,,,,,,,,,,,,,,,,,,,,,,,,,,,,,,,,,,,,,,,,,,,,,,,,,,,,,,,,,,,,,,,,,,,,,,,,,,,,,,,,,,,,,,,,,,,,,,,,,,,,,,,,,,,,,,,,,,,,,,,,,,,,,,,,,,,,,,,,us_budget_v2_full_workbook_rows,2026-03-24T16:45:36+00:00
Summary,20260324T164535Z_2026.01.22 US Spa Sales Budget 2026 FINAL.xlsx,3,25,Other,0,0,,0,,0,,0,,0,0,,,,,,,,,,,,,,,,,,,,,,,,,,,,,,,,,,,,,,,,,,,,,,,,,,,,,,,,,,,,,,,,,,,,,,,,,,,,,,,,,,,,,,,,,,,,,,,,,,,,,,,,,,,,,,,,,,,,,,,,,,,,,,,,,,,,,,,,,,,,,,,,,,,,,,,,,,,,,,,,,,,,,,,,,,,,,,,,,,,,,,,,,,,,,,,,,,,,,,,,,,,,,,,,,,us_budget_v2_full_workbook_rows,2026-03-24T16:45:36+00:00
Summary,20260324T164535Z_2026.01.22 US Spa Sales Budget 2026 FINAL.xlsx,3,26,US Spa,0,10000,-1,5494,-1,10000,,5494,,0,0,,,,,,,,,,,,,,,,,,,,,,,,,,,,,,,,,,,,,,,,,,,,,,,,,,,,,,,,,,,,,,,,,,,,,,,,,,,,,,,,,,,,,,,,,,,,,,,,,,,,,,,,,,,,,,,,,,,,,,,,,,,,,,,,,,,,,,,,,,,,,,,,,,,,,,,,,,,,,,,,,,,,,,,,,,,,,,,,,,,,,,,,,,,,,,,,,,,,,,,,,,,,,,,,,,us_budget_v2_full_workbook_rows,2026-03-24T16:45:36+00:00
Definition,20260324T164535Z_2026.01.22 US Spa Sales Budget 2026 FINAL.xlsx,1,2,,,,,,,,,,,,,,,,,,,,,,,,,,,,,,,,,,,,,,,,,,,,,,,,,,,A+++,QMS Key Account with a target / potential > $100k per year,,,,,,,,,,,,,,,,,,,,,,,,,,,,,,,,,,,,,,,,,,,,,,,,,,,,,,,,,,,,,,,,,,,,,,,,,,,,,,,,,,,,,,,,,,,,,,,,,,,,,,,,,,,,,,,,,,,,,,,,,,,,,,,,,,,,,,,,,,,,,,,,,,,,,,,,,,,,,,,,,,,,,,,,,,us_budget_v2_full_workbook_rows,2026-03-24T16:45:36+00:00
Definition,20260324T164535Z_2026.01.22 US Spa Sales Budget 2026 FINAL.xlsx,1,3,,,,,,,,,,,,,,,,,,,,,,,,,,,,,,,,,,,,,,,,,,,,,,,,,,,A++,QMS Key Account with a target / potential $50k - $100k per year,,,,,,,,,,,,,,,,,,,,,,,,,,,,,,,,,,,,,,,,,,,,,,,,,,,,,,,,,,,,,,,,,,,,,,,,,,,,,,,,,,,,,,,,,,,,,,,,,,,,,,,,,,,,,,,,,,,,,,,,,,,,,,,,,,,,,,,,,,,,,,,,,,,,,,,,,,,,,,,,,,,,,,,,,,us_budget_v2_full_workbook_rows,2026-03-24T16:45:36+00:00
Definition,20260324T164535Z_2026.01.22 US Spa Sales Budget 2026 FINAL.xlsx,1,4,,,,,,,,,,,,,,,,,,,,,,,,,,,,,,,,,,,,,,,,,,,,,,,,,,,A+,QMS Key Account with a target / potential $30k - $50k per year,,,,,,,,,,,,,,,,,,,,,,,,,,,,,,,,,,,,,,,,,,,,,,,,,,,,,,,,,,,,,,,,,,,,,,,,,,,,,,,,,,,,,,,,,,,,,,,,,,,,,,,,,,,,,,,,,,,,,,,,,,,,,,,,,,,,,,,,,,,,,,,,,,,,,,,,,,,,,,,,,,,,,,,,,,us_budget_v2_full_workbook_rows,2026-03-24T16:45:36+00:00
Definition,20260324T164535Z_2026.01.22 US Spa Sales Budget 2026 FINAL.xlsx,1,5,,,,,,,,,,,,,,,,,,,,,,,,,,,,,,,,,,,,,,,,,,,,,,,,,,,A,"Non-key account, with 2025 sales > $20k or 2026 target >$20k",,,,,,,,,,,,,,,,,,,,,,,,,,,,,,,,,,,,,,,,,,,,,,,,,,,,,,,,,,,,,,,,,,,,,,,,,,,,,,,,,,,,,,,,,,,,,,,,,,,,,,,,,,,,,,,,,,,,,,,,,,,,,,,,,,,,,,,,,,,,,,,,,,,,,,,,,,,,,,,,,,,,,,,,,,us_budget_v2_full_workbook_rows,2026-03-24T16:45:36+00:00
Definition,20260324T164535Z_2026.01.22 US Spa Sales Budget 2026 FINAL.xlsx,1,6,,,,,,,,,,,,,,,,,,,,,,,,,,,,,,,,,,,,,,,,,,,,,,,,,,,B,"Non-key account, with 2025 sales > $10k or 2026 target >$10k",,,,,,,,,,,,,,,,,,,,,,,,,,,,,,,,,,,,,,,,,,,,,,,,,,,,,,,,,,,,,,,,,,,,,,,,,,,,,,,,,,,,,,,,,,,,,,,,,,,,,,,,,,,,,,,,,,,,,,,,,,,,,,,,,,,,,,,,,,,,,,,,,,,,,,,,,,,,,,,,,,,,,,,,,,us_budget_v2_full_workbook_rows,2026-03-24T16:45:36+00:00
Definition,20260324T164535Z_2026.01.22 US Spa Sales Budget 2026 FINAL.xlsx,1,7,,,,,,,,,,,,,,,,,,,,,,,,,,,,,,,,,,,,,,,,,,,,,,,,,,,C,"Non-key account, with 2025 sales < $10k or 2026 target <$10k",,,,,,,,,,,,,,,,,,,,,,,,,,,,,,,,,,,,,,,,,,,,,,,,,,,,,,,,,,,,,,,,,,,,,,,,,,,,,,,,,,,,,,,,,,,,,,,,,,,,,,,,,,,,,,,,,,,,,,,,,,,,,,,,,,,,,,,,,,,,,,,,,,,,,,,,,,,,,,,,,,,,,,,,,,us_budget_v2_full_workbook_rows,2026-03-24T16:45:36+00:00
Definition,20260324T164535Z_2026.01.22 US Spa Sales Budget 2026 FINAL.xlsx,1,8,,,,,,,,,,,,,,,,,,,,,,,,,,,,,,,,,,,,,,,,,,,,,,,,,,,Lost,"Lost door, no budget",,,,,,,,,,,,,,,,,,,,,,,,,,,,,,,,,,,,,,,,,,,,,,,,,,,,,,,,,,,,,,,,,,,,,,,,,,,,,,,,,,,,,,,,,,,,,,,,,,,,,,,,,,,,,,,,,,,,,,,,,,,,,,,,,,,,,,,,,,,,,,,,,,,,,,,,,,,,,,,,,,,,,,,,,,us_budget_v2_full_workbook_rows,2026-03-24T16:45:36+00:00
Definition,20260324T164535Z_2026.01.22 US Spa Sales Budget 2026 FINAL.xlsx,1,9,,,,,,,,,,,,,,,,,,,,,,,,,,,,,,,,,,,,,,,,,,,,,,,,,,,NKD26,New door won in 2026,,,,,,,,,,,,,,,,,,,,,,,,,,,,,,,,,,,,,,,,,,,,,,,,,,,,,,,,,,,,,,,,,,,,,,,,,,,,,,,,,,,,,,,,,,,,,,,,,,,,,,,,,,,,,,,,,,,,,,,,,,,,,,,,,,,,,,,,,,,,,,,,,,,,,,,,,,,,,,,,,,,,,,,,,,us_budget_v2_full_workbook_rows,2026-03-24T16:45:36+00:00
Northeast,20260324T164535Z_2026.01.22 US Spa Sales Budget 2026 FINAL.xlsx,2,3,,,,,,,,,,,,,2400,2400,2700,2700,2700,2400,2400,1800,2700,3000,2700,2100,,,,,,,,,,,,,,,,,,,,,,,,,,,,,25001,Four Seasons Hotel Philadelphia; PA,Northeast,Marcus,2021,,A,A+,26036.49,30000,,Grow,33680.82,26036.49,40000,-0.22696389220927515,-0.3490877499999999,32357.190000000002,24745.570000000003,33680.82,40000,26036.49,30000,-0.22696389220927515,-0.3490877499999999,0.15222904469842136,,,,,,,,,,,,,,,,,,,,,,,,,,,,,,,,,,,,,,,,,,,,,,,,,,,,,,,,,,,,,,,,,,,,,,,,,,,,,,,,,,,,,,,,,,,,,,,,,,,,,,,,,,,,,,,,,,,,,,,,,,,,,,,,,,,,,,,,,,,,,,,,us_budget_v2_full_workbook_rows,2026-03-24T16:45:36+00:00
Northeast,20260324T164535Z_2026.01.22 US Spa Sales Budget 2026 FINAL.xlsx,2,4,,,,,,,,,,,,,480,480,540,540,540,480,480,360,540,600,540,420.00000000000006,,,,,,,,,,,,,,,,,,,,,,,,,,,,,25037,Equinox Holdings Inc; Boston,Northeast,Marcus,2023,,B,C,5249.319999999999,6000,,Maintain,14341.14,5249.319999999999,16000,-0.633967731993412,-0.6719175000000001,0,20827.14,14341.14,16000,5249.319999999999,6000,-0.633967731993412,-0.6719175000000001,0.14300518924355932,,,,,,,,,,,,,,,,,,,,,,,,,,,,,,,,,,,,,,,,,,,,,,,,,,,,,,,,,,,,,,,,,,,,,,,,,,,,,,,,,,,,,,,,,,,,,,,,,,,,,,,,,,,,,,,,,,,,,,,,,,,,,,,,,,,,,,,,,,,,,,,,us_budget_v2_full_workbook_rows,2026-03-24T16:45:36+00:00
Northeast,20260324T164535Z_2026.01.22 US Spa Sales Budget 2026 FINAL.xlsx,2,5,,,,,,,,,,,,,480,480,540,540,540,480,480,360,540,600,540,420.00000000000006,,,,,,,,,,,,,,,,,,,,,,,,,,,,,25045,dba Haven Spa,Northeast,Marcus,2024,,NKD24,C,5838.02,6000,,Maintain,27105.03,5838.02,25000,-0.7846148851338662,-0.7664792,0,0,27105.03,25000,5838.02,6000,-0.7846148851338662,-0.7664792,0.027745708305213057,,,,,,,,,,,,,,,,,,,,,,,,,,,,,,,,,,,,,,,,,,,,,,,,,,,,,,,,,,,,,,,,,,,,,,,,,,,,,,,,,,,,,,,,,,,,,,,,,,,,,,,,,,,,,,,,,,,,,,,,,,,,,,,,,,,,,,,,,,,,,,,,us_budget_v2_full_workbook_rows,2026-03-24T16:45:36+00:00
Northeast,20260324T164535Z_2026.01.22 US Spa Sales Budget 2026 FINAL.xlsx,2,6,,,,,,,,,,,,,1600,1600,1800,1800,1800,1600,1600,1200,1800,2000,1800,1400.0000000000002,,,,,,,,,,,,,,,,,,,,,,,,,,,,,25049,Four Seasons Baltimore; MD,Northeast,Marcus,2024,,NKD24,A+,14251.070000000002,20000,,Grow,15753.72,14251.070000000002,18000,-0.09538382045637461,-0.20827388888888876,0,0,15753.72,18000,14251.070000000002,20000,-0.09538382045637461,-0.20827388888888876,0.40340339356974586,,,,,,,,,,,,,,,,,,,,,,,,,,,,,,,,,,,,,,,,,,,,,,,,,,,,,,,,,,,,,,,,,,,,,,,,,,,,,,,,,,,,,,,,,,,,,,,,,,,,,,,,,,,,,,,,,,,,,,,,,,,,,,,,,,,,,,,,,,,,,,,,us_budget_v2_full_workbook_rows,2026-03-24T16:45:36+00:00
Northeast,20260324T164535Z_2026.01.22 US Spa Sales Budget 2026 FINAL.xlsx,2,7,,,,,,,,,,,,,4960,4960,5580,5580,5580,4960,4960,3720,5580,6200,5580,4340,,,,,,,,,,,,,,,,,,,,,,,,,,,,,Total Active Existing Doors,,,,,0,,,51374.9,62000,,,90880.70999999999,51374.9,99000,-0.4346996188740162,-0.48106161616161613,32357.190000000002,45572.71000000001,90880.70999999999,99000,51374.9,62000,-0.4346996188740162,-0.48106161616161613,0.2068150010997587,,,,,,,,,,,,,,,,,,,,,,,,,,,,,,,,,,,,,,,,,,,,,,,,,,,,,,,,,,,,,,,,,,,,,,,,,,,,,,,,,,,,,,,,,,,,,,,,,,,,,,,,,,,,,,,,,,,,,,,,,,,,,,,,,,,,,,,,,,,,,,,,us_budget_v2_full_workbook_rows,2026-03-24T16:45:36+00:00
Northeast,20260324T164535Z_2026.01.22 US Spa Sales Budget 2026 FINAL.xlsx,2,8,,,,,,,,,,,,,560,560,630,630,630,560,560,420,630,700,630,490.00000000000006,,,,,,,,,,,,,,,,,,,,,,,,,,,,,25061,Equinox Holdings Inc; Washington DC,Northeast,Marcus,2025,,NKD25,C,6871.790000000001,7000,,Maintain,0,6871.790000000001,0,,,0,0,0,0,6871.790000000001,7000,,,0.018657438600422793,,,,,,,,,,,,,,,,,,,,,,,,,,,,,,,,,,,,,,,,,,,,,,,,,,,,,,,,,,,,,,,,,,,,,,,,,,,,,,,,,,,,,,,,,,,,,,,,,,,,,,,,,,,,,,,,,,,,,,,,,,,,,,,,,,,,,,,,,,,,,,,,us_budget_v2_full_workbook_rows,2026-03-24T16:45:36+00:00
Northeast,20260324T164535Z_2026.01.22 US Spa Sales Budget 2026 FINAL.xlsx,2,9,,,,,,,,,,,,,400,400,450,450,450,400,400,300,450,500,450,350.00000000000006,,,,,,,,,,,,,,,,,,,,,,,,,,,,,25062,Equinox Holdings Inc; SPA Retail Washington DC,Northeast,Marcus,2025,,NKD25,C,3844.76,5000,,Maintain,0,3844.76,0,,,0,0,0,0,3844.76,5000,,,0.3004712907957843,,,,,,,,,,,,,,,,,,,,,,,,,,,,,,,,,,,,,,,,,,,,,,,,,,,,,,,,,,,,,,,,,,,,,,,,,,,,,,,,,,,,,,,,,,,,,,,,,,,,,,,,,,,,,,,,,,,,,,,,,,,,,,,,,,,,,,,,,,,,,,,,us_budget_v2_full_workbook_rows,2026-03-24T16:45:36+00:00
Northeast,20260324T164535Z_2026.01.22 US Spa Sales Budget 2026 FINAL.xlsx,2,10,,,,,,,,,,,,,2000,2000,2250,2250,2250,2000,2000,1500,2250,2500,2250,1750.0000000000002,,,,,,,,,,,,,,,,,,,,,,,,,,,,,25070,Renaissance Hotel Partners LLC,Northeast,Marcus,2025,,NKD25,A++,19760,25000,,Grow,0,19760,0,,,0,0,0,0,19760,25000,,,0.2651821862348178,,,,,,,,,,,,,,,,,,,,,,,,,,,,,,,,,,,,,,,,,,,,,,,,,,,,,,,,,,,,,,,,,,,,,,,,,,,,,,,,,,,,,,,,,,,,,,,,,,,,,,,,,,,,,,,,,,,,,,,,,,,,,,,,,,,,,,,,,,,,,,,,us_budget_v2_full_workbook_rows,2026-03-24T16:45:36+00:00
Northeast,20260324T164535Z_2026.01.22 US Spa Sales Budget 2026 FINAL.xlsx,2,11,,,,,,,,,,,,,0,0,0,0,0,0,0,0,0,0,0,0,,,,,,,,,,,,,,,,,,,,,,,,,,,,,NKD25,New doors 2025,Northeast,Marcus,2025,,NKD25,,,,,,0,0,18000,,-1,0,0,0,100000,0,0,,-1,,,,,,,,,,,,,,,,,,,,,,,,,,,,,,,,,,,,,,,,,,,,,,,,,,,,,,,,,,,,,,,,,,,,,,,,,,,,,,,,,,,,,,,,,,,,,,,,,,,,,,,,,,,,,,,,,,,,,,,,,,,,,,,,,,,,,,,,,,,,,,,,,us_budget_v2_full_workbook_rows,2026-03-24T16:45:36+00:00
Northeast,20260324T164535Z_2026.01.22 US Spa Sales Budget 2026 FINAL.xlsx,2,12,,,,,,,,,,,,,2960,2960,3330,3330,3330,2960,2960,2220,3330,3700,3330,2590.0000000000005,,,,,,,,,,,,,,,,,,,,,,,,,,,,,Total New Doors 2025,,,,,0,,,30476.550000000003,37000,,,0,30476.550000000003,18000,,0.6931416666666668,0,0,0,100000,30476.550000000003,37000,,-0.6952345,0.21404817802539977,,,,,,,,,,,,,,,,,,,,,,,,,,,,,,,,,,,,,,,,,,,,,,,,,,,,,,,,,,,,,,,,,,,,,,,,,,,,,,,,,,,,,,,,,,,,,,,,,,,,,,,,,,,,,,,,,,,,,,,,,,,,,,,,,,,,,,,,,,,,,,,,us_budget_v2_full_workbook_rows,2026-03-24T16:45:36+00:00
Northeast,20260324T164535Z_2026.01.22 US Spa Sales Budget 2026 FINAL.xlsx,2,13,,,,,,,,,,,,1.0,,,,,,,,,,,,,,,,,,,,,,,,,,,,,,,,,,,,,,,,,,,,,,,,,,,,,,,,,,,,,,,,,,,1.0,2.0,1.0,3.0,2.0,3.0,3.0,,,,,,,,,,,,,,,,,,,,,,,,,,,,,,,,,,,,,,,,,,,,,,,,,,,,,,,,,,,,,,,,,,,,,,,,,,,,,,,,,,,,,,,,,,,,,,,,,,,,,,,,,,,,,,,,,,,,,,,,,,,,,,,,,,,,,,,,,us_budget_v2_full_workbook_rows,2026-03-24T16:45:36+00:00
Northeast,20260324T164535Z_2026.01.22 US Spa Sales Budget 2026 FINAL.xlsx,2,14,1.0,,,,,,1.0,,,,1.0,,0,5000,5000,5000,4000,9000,11000,4000,17000,13000,17000,10000,,,,,,,,,,,,,,,,,,,,,,,,,,,,,NKD26,New doors 2026,Northeast,Marcus,2026,8,NKD26,NKD26,,100000,,,0,0,0,,,0,0,0,0,0,100000,,,,1.0,1.0,,1.0,1.0,1.0,,,,,,,,,,,,,,,,,,,,,,,,,,,,,,,,,,,,,,,,,,,,,,,,,,,,,,,,,,,,,,,,,,,,,,,,,,,,,,,,,,,,,,,,,,,,,,,,,,,,,,,,,,,,,,,,,,,,,,,,,,,,,,,,,,,,,,,,,,us_budget_v2_full_workbook_rows,2026-03-24T16:45:36+00:00
Northeast,20260324T164535Z_2026.01.22 US Spa Sales Budget 2026 FINAL.xlsx,2,15,,,,,,,,,,,,,0,5000,5000,5000,4000,9000,11000,4000,17000,13000,17000,10000,,,,,,,,,,,,,,,,,,,,,,,,,,,,,Total New Doors 2026,,,,,8,,,0,100000,,,0,0,0,,,0,0,0,0,0,100000,,,,,,,,,,,,,,,,,,,,,,,,,,,,,,,,,,,,,,,,,,,,,,,,,,,,,,,,,,,,,,,,,,,,,,,,,,,,,,,,,,,,,,,,,,,,,,,,,,,,,,,,,,,,,,,,,,,,,,,,,,,,,,,,,,,,,,,,,,,,,,,,,,,us_budget_v2_full_workbook_rows,2026-03-24T16:45:36+00:00
Central,20260324T164535Z_2026.01.22 US Spa Sales Budget 2026 FINAL.xlsx,2,3,,,,,,,,,,,,,0,0,0,0,0,0,0,0,0,0,0,0,,,,,,,,,,,,,,,,,,,,,,,,,,,,,25039,Four Seasons Hotel Austin; DTRS Austin LLC,Central,Emily,2024,,NKD24,Lost,2153.52,,,Lose,18410.82,2153.52,16000,-0.8830296532147943,-0.865405,0,0,18410.82,16000,2153.52,0,-0.8830296532147943,-0.865405,-1,,,,,,,,,,,,,,,,,,,,,,,,,,,,,,,,,,,,,,,,,,,,,,,,,,,,,,,,,,,,,,,,,,,,,,,,,,,,,,,,,,,,,,,,,,,,,,,,,,,,,,,,,,,,,,,,,,,,,,,,,,,,,,,,,,,,,,,,,,,,,,,,us_budget_v2_full_workbook_rows,2026-03-24T16:45:36+00:00
Central,20260324T164535Z_2026.01.22 US Spa Sales Budget 2026 FINAL.xlsx,2,4,,,,,,,,,,,,,2240,2240,2520,2520,2520,2240,2240,1680,2520,2800,2520,1960.0000000000002,,,,,,,,,,,,,,,,,,,,,,,,,,,,,25044,The Elms Hotel and Spa; Missouri,Central,Emily,2024,,NKD24,A,26752.850000000002,28000,,Grow,23382.73,26752.850000000002,25000,0.14412859405210598,0.07011400000000001,0,0,23382.73,25000,26752.850000000002,28000,0.14412859405210598,0.07011400000000001,0.04661746318616511,,,,,,,,,,,,,,,,,,,,,,,,,,,,,,,,,,,,,,,,,,,,,,,,,,,,,,,,,,,,,,,,,,,,,,,,,,,,,,,,,,,,,,,,,,,,,,,,,,,,,,,,,,,,,,,,,,,,,,,,,,,,,,,,,,,,,,,,,,,,,,,,us_budget_v2_full_workbook_rows,2026-03-24T16:45:36+00:00
Central,20260324T164535Z_2026.01.22 US Spa Sales Budget 2026 FINAL.xlsx,2,5,,,,,,,,,,,,,960,960,1080,1080,1080,960,960,720,1080,1200,1080,840.0000000000001,,,,,,,,,,,,,,,,,,,,,,,,,,,,,25050,"Mokara Hotel & Spa, Omni Hotels Management Corp.",Central,Emily,2024,,NKD24,A+,7207.32,12000,,Grow,16142.96,7207.32,16000,-0.5535316943113282,-0.5495425,0,0,16142.96,16000,7207.32,12000,-0.5535316943113282,-0.5495425,0.6649739431577897,,,,,,,,,,,,,,,,,,,,,,,,,,,,,,,,,,,,,,,,,,,,,,,,,,,,,,,,,,,,,,,,,,,,,,,,,,,,,,,,,,,,,,,,,,,,,,,,,,,,,,,,,,,,,,,,,,,,,,,,,,,,,,,,,,,,,,,,,,,,,,,,us_budget_v2_full_workbook_rows,2026-03-24T16:45:36+00:00
Central,20260324T164535Z_2026.01.22 US Spa Sales Budget 2026 FINAL.xlsx,2,6,,,,,,,,,,,,,2400,2400,2700,2700,2700,2400,2400,1800,2700,3000,2700,2100,,,,,,,,,,,,,,,,,,,,,,,,,,,,,25054,Four Seasons Hotel Nashville; TN,Southeast,Emily,2024,,NKD24,A+,26549.660000000003,30000,,Grow,24095.02,26549.660000000003,25000,0.10187333316179048,0.06198640000000011,0,0,24095.02,25000,26549.660000000003,30000,0.10187333316179048,0.06198640000000011,0.12995797309645374,,,,,,,,,,,,,,,,,,,,,,,,,,,,,,,,,,,,,,,,,,,,,,,,,,,,,,,,,,,,,,,,,,,,,,,,,,,,,,,,,,,,,,,,,,,,,,,,,,,,,,,,,,,,,,,,,,,,,,,,,,,,,,,,,,,,,,,,,,,,,,,,us_budget_v2_full_workbook_rows,2026-03-24T16:45:36+00:00
Central,20260324T164535Z_2026.01.22 US Spa Sales Budget 2026 FINAL.xlsx,2,7,,,,,,,,,,,,,4000,4000,4500,4500,4500,4000,4000,3000,4500,5000,4500,3500.0000000000005,,,,,,,,,,,,,,,,,,,,,,,,,,,,,25056,AMI LLC Bergamos Retreat,Central,Emily,2024,,NKD24,A+++,35149.62,50000,,Grow,34205.64,35149.62,50000,0.027597203268233006,-0.2970075999999999,0,0,34205.64,50000,35149.62,50000,0.027597203268233006,-0.2970075999999999,0.42249048496114594,,,,,,,,,,,,,,,,,,,,,,,,,,,,,,,,,,,,,,,,,,,,,,,,,,,,,,,,,,,,,,,,,,,,,,,,,,,,,,,,,,,,,,,,,,,,,,,,,,,,,,,,,,,,,,,,,,,,,,,,,,,,,,,,,,,,,,,,,,,,,,,,us_budget_v2_full_workbook_rows,2026-03-24T16:45:36+00:00
Central,20260324T164535Z_2026.01.22 US Spa Sales Budget 2026 FINAL.xlsx,2,8,,,,,,,,,,,,,9600,9600,10800,10800,10800,9600,9600,7200,10800,12000,10800,8400,,,,,,,,,,,,,,,,,,,,,,,,,,,,,Total Active Existing Doors,,,,,0,,,97812.97,120000,,,116237.17,97812.97,132000,-0.158505235459535,-0.2589926515151515,0,0,116237.17,132000,97812.97,120000,-0.158505235459535,-0.2589926515151515,0.22683116564193884,,,,,,,,,,,,,,,,,,,,,,,,,,,,,,,,,,,,,,,,,,,,,,,,,,,,,,,,,,,,,,,,,,,,,,,,,,,,,,,,,,,,,,,,,,,,,,,,,,,,,,,,,,,,,,,,,,,,,,,,,,,,,,,,,,,,,,,,,,,,,,,,us_budget_v2_full_workbook_rows,2026-03-24T16:45:36+00:00
Central,20260324T164535Z_2026.01.22 US Spa Sales Budget 2026 FINAL.xlsx,2,9,,,,,,,,,,,,,960,960,1080,1080,1080,960,960,720,1080,1200,1080,840.0000000000001,,,,,,,,,,,,,,,,,,,,,,,,,,,,,25068,321 Skin Glow LLC,Central,Emily,2025,,NKD25,B,9538,12000,,Grow,0,9538,0,,,0,0,0,0,9538,12000,,,0.25812539316418537,,,,,,,,,,,,,,,,,,,,,,,,,,,,,,,,,,,,,,,,,,,,,,,,,,,,,,,,,,,,,,,,,,,,,,,,,,,,,,,,,,,,,,,,,,,,,,,,,,,,,,,,,,,,,,,,,,,,,,,,,,,,,,,,,,,,,,,,,,,,,,,,us_budget_v2_full_workbook_rows,2026-03-24T16:45:36+00:00
Central,20260324T164535Z_2026.01.22 US Spa Sales Budget 2026 FINAL.xlsx,2,10,,,,,,,,,,,,,800,800,900,900,900,800,800,600,900,1000,900,700.0000000000001,,,,,,,,,,,,,,,,,,,,,,,,,,,,,25071,Nerdium LLC; Texas,Central,Emily,2025,,NKD25,B,5488.99,10000,,Grow,0,5488.99,0,,,0,0,0,0,5488.99,10000,,,0.8218287881741451,,,,,,,,,,,,,,,,,,,,,,,,,,,,,,,,,,,,,,,,,,,,,,,,,,,,,,,,,,,,,,,,,,,,,,,,,,,,,,,,,,,,,,,,,,,,,,,,,,,,,,,,,,,,,,,,,,,,,,,,,,,,,,,,,,,,,,,,,,,,,,,,us_budget_v2_full_workbook_rows,2026-03-24T16:45:36+00:00
Central,20260324T164535Z_2026.01.22 US Spa Sales Budget 2026 FINAL.xlsx,2,11,,,,,,,,,,,,,1600,1600,1800,1800,1800,1600,1600,1200,1800,2000,1800,1400.0000000000002,,,,,,,,,,,,,,,,,,,,,,,,,,,,,25073,Mario Tricoci Hair Salons & Day Spas,Central,Emily,2025,,NKD25,A,8904,20000,,Grow,0,8904,0,,,0,0,0,0,8904,20000,,,1.2461814914645104,,,,,,,,,,,,,,,,,,,,,,,,,,,,,,,,,,,,,,,,,,,,,,,,,,,,,,,,,,,,,,,,,,,,,,,,,,,,,,,,,,,,,,,,,,,,,,,,,,,,,,,,,,,,,,,,,,,,,,,,,,,,,,,,,,,,,,,,,,,,,,,,us_budget_v2_full_workbook_rows,2026-03-24T16:45:36+00:00
Central,20260324T164535Z_2026.01.22 US Spa Sales Budget 2026 FINAL.xlsx,2,12,,,,,,,,,,,,,960,960,1080,1080,1080,960,960,720,1080,1200,1080,840.0000000000001,,,,,,,,,,,,,,,,,,,,,,,,,,,,,25074,"Houstonian Campus, LLC",Central,Emily,2025,,NKD25,A++,6178.28,12000,,Grow,0,6178.28,0,,,0,0,0,0,6178.28,12000,,,0.9422881449205929,,,,,,,,,,,,,,,,,,,,,,,,,,,,,,,,,,,,,,,,,,,,,,,,,,,,,,,,,,,,,,,,,,,,,,,,,,,,,,,,,,,,,,,,,,,,,,,,,,,,,,,,,,,,,,,,,,,,,,,,,,,,,,,,,,,,,,,,,,,,,,,,us_budget_v2_full_workbook_rows,2026-03-24T16:45:36+00:00
Central,20260324T164535Z_2026.01.22 US Spa Sales Budget 2026 FINAL.xlsx,2,13,,,,,,,,,,,,,960,960,1080,1080,1080,960,960,720,1080,1200,1080,840.0000000000001,,,,,,,,,,,,,,,,,,,,,,,,,,,,,25060,Nashville Hospitality/DBA Westin,Southeast,Emily,2025,,NKD25,B,10814.48,12000,,Grow,0,10814.48,0,,,0,0,0,0,10814.48,12000,,,0.10962339382013742,,,,,,,,,,,,,,,,,,,,,,,,,,,,,,,,,,,,,,,,,,,,,,,,,,,,,,,,,,,,,,,,,,,,,,,,,,,,,,,,,,,,,,,,,,,,,,,,,,,,,,,,,,,,,,,,,,,,,,,,,,,,,,,,,,,,,,,,,,,,,,,,us_budget_v2_full_workbook_rows,2026-03-24T16:45:36+00:00
Central,20260324T164535Z_2026.01.22 US Spa Sales Budget 2026 FINAL.xlsx,2,14,,,,,,,,,,,,,0,0,0,0,0,0,0,0,0,0,0,0,,,,,,,,,,,,,,,,,,,,,,,,,,,,,NKD25,New doors 2025,Central,Emily,2025,,NKD25,,,,,,0,0,18000,,-1,0,0,0,100000,0,0,,-1,,,,,,,,,,,,,,,,,,,,,,,,,,,,,,,,,,,,,,,,,,,,,,,,,,,,,,,,,,,,,,,,,,,,,,,,,,,,,,,,,,,,,,,,,,,,,,,,,,,,,,,,,,,,,,,,,,,,,,,,,,,,,,,,,,,,,,,,,,,,,,,,,us_budget_v2_full_workbook_rows,2026-03-24T16:45:36+00:00
Central,20260324T164535Z_2026.01.22 US Spa Sales Budget 2026 FINAL.xlsx,2,15,,,,,,,,,,,,,0,0,0,0,0,0,0,0,0,0,0,0,,,,,,,,,,,,,,,,,,,,,,,,,,,,,,,,,,,,,,,,,,,,,,,,,,,,,,,,,,,,,,,,,,,,,,,,,,,,,,,,,,,,,,,,,,,,,,,,,,,,,,,,,,,,,,,,,,,,,,,,,,,,,,,,,,,,,,,,,,,,,,,,,,,,,,,,,,,,,,,,,,,,,,,,,,,,,,,,,,,,,,,,,,,,,,,,,,,,,,us_budget_v2_full_workbook_rows,2026-03-24T16:45:36+00:00
Central,20260324T164535Z_2026.01.22 US Spa Sales Budget 2026 FINAL.xlsx,2,16,,,,,,,,,,,,,5280,5280,5940,5940,5940,5280,5280,3960,5940,6600,5940,4620.000000000001,,,,,,,,,,,,,,,,,,,,,,,,,,,,,Total New Doors 2025,,,,,0,,,40923.75,66000,,,0,40923.75,18000,,1.2735416666666666,0,0,0,100000,40923.75,66000,,-0.5907625000000001,0.6127554293044992,,,,,,,,,,,,,,,,,,,,,,,,,,,,,,,,,,,,,,,,,,,,,,,,,,,,,,,,,,,,,,,,,,,,,,,,,,,,,,,,,,,,,,,,,,,,,,,,,,,,,,,,,,,,,,,,,,,,,,,,,,,,,,,,,,,,,,,,,,,,,,,,us_budget_v2_full_workbook_rows,2026-03-24T16:45:36+00:00
Central,20260324T164535Z_2026.01.22 US Spa Sales Budget 2026 FINAL.xlsx,2,17,,,,,,,,,,,,1.0,,,,,,,,,,,,,,,,,,,,,,,,,,,,,,,,,,,,,,,,,,,,,,,,,,,,,,,,,,,,,,,,,,,1.0,2.0,1.0,3.0,2.0,3.0,3.0,,,,,,,,,,,,,,,,,,,,,,,,,,,,,,,,,,,,,,,,,,,,,,,,,,,,,,,,,,,,,,,,,,,,,,,,,,,,,,,,,,,,,,,,,,,,,,,,,,,,,,,,,,,,,,,,,,,,,,,,,,,,,,,,,,,,,,,,,us_budget_v2_full_workbook_rows,2026-03-24T16:45:36+00:00
Central,20260324T164535Z_2026.01.22 US Spa Sales Budget 2026 FINAL.xlsx,2,18,1.0,,,,,,1.0,,,,1.0,,0,5000,5000,5000,4000,9000,11000,4000,17000,13000,17000,10000,,,,,,,,,,,,,,,,,,,,,,,,,,,,,NKD26,New doors 2026,Central,Emily,2026,8,NKD26,NKD26,,100000,,,0,0,0,,,0,0,0,0,0,100000,,,,1.0,1.0,,1.0,1.0,1.0,,,,,,,,,,,,,,,,,,,,,,,,,,,,,,,,,,,,,,,,,,,,,,,,,,,,,,,,,,,,,,,,,,,,,,,,,,,,,,,,,,,,,,,,,,,,,,,,,,,,,,,,,,,,,,,,,,,,,,,,,,,,,,,,,,,,,,,,,,us_budget_v2_full_workbook_rows,2026-03-24T16:45:36+00:00
Central,20260324T164535Z_2026.01.22 US Spa Sales Budget 2026 FINAL.xlsx,2,19,,,,,,,,,,,,,0,5000,5000,5000,4000,9000,11000,4000,17000,13000,17000,10000,,,,,,,,,,,,,,,,,,,,,,,,,,,,,Total New Doors 2026,,,,,8,,,0,100000,,,0,0,0,,,0,0,0,0,0,100000,,,,,,,,,,,,,,,,,,,,,,,,,,,,,,,,,,,,,,,,,,,,,,,,,,,,,,,,,,,,,,,,,,,,,,,,,,,,,,,,,,,,,,,,,,,,,,,,,,,,,,,,,,,,,,,,,,,,,,,,,,,,,,,,,,,,,,,,,,,,,,,,,,,us_budget_v2_full_workbook_rows,2026-03-24T16:45:36+00:00
West,20260324T164535Z_2026.01.22 US Spa Sales Budget 2026 FINAL.xlsx,2,3,,,,,,,,,,,,,0,0,0,0,0,0,0,0,0,0,0,0,,,,,,,,,,,,,,,,,,,,,,,,,,,,,25012,"Rosewood Sense Spa, CA",West,Erin,2022,,A+,Lost,52636.33000000001,,,Lose,104398.38,52636.33000000001,120000,-0.49581277027478776,-0.5613639166666666,127800.66,127251.65999999997,104398.38,120000,52636.33000000001,0,-0.49581277027478776,-0.5613639166666666,-1,,,,,,,,,,,,,,,,,,,,,,,,,,,,,,,,,,,,,,,,,,,,,,,,,,,,,,,,,,,,,,,,,,,,,,,,,,,,,,,,,,,,,,,,,,,,,,,,,,,,,,,,,,,,,,,,,,,,,,,,,,,,,,,,,,,,,,,,,,,,,,,,us_budget_v2_full_workbook_rows,2026-03-24T16:45:36+00:00
West,20260324T164535Z_2026.01.22 US Spa Sales Budget 2026 FINAL.xlsx,2,4,,,,,,,,,,,,,9600,9600,10800,10800,10800,9600,9600,7200,10800,12000,10800,8400,,,,,,,,,,,,,,,,,,,,,,,,,,,,,25027,San Manuel Entert.; Yaamava Resort; Highland,West,Erin,2022,,A+,A+++,113790.06999999999,120000,,Grow,103728.38999999998,113790.06999999999,115000,0.09700025229351406,-0.010521130434782644,19362.58,57225.3,103728.38999999998,115000,113790.06999999999,120000,0.09700025229351406,-0.010521130434782644,0.05457356692020676,,,,,,,,,,,,,,,,,,,,,,,,,,,,,,,,,,,,,,,,,,,,,,,,,,,,,,,,,,,,,,,,,,,,,,,,,,,,,,,,,,,,,,,,,,,,,,,,,,,,,,,,,,,,,,,,,,,,,,,,,,,,,,,,,,,,,,,,,,,,,,,,us_budget_v2_full_workbook_rows,2026-03-24T16:45:36+00:00
West,20260324T164535Z_2026.01.22 US Spa Sales Budget 2026 FINAL.xlsx,2,5,,,,,,,,,,,,,4000,4000,4500,4500,4500,4000,4000,3000,4500,5000,4500,3500.0000000000005,,,,,,,,,,,,,,,,,,,,,,,,,,,,,25032,Four Seasons Hotel Las Vegas,West,Erin,2023,,A+,A+,44420.92999999999,50000,,Grow,50110.27999999999,44420.92999999999,55000,-0.11353658371096709,-0.1923467272727274,0,38782.75,50110.27999999999,55000,44420.92999999999,50000,-0.11353658371096709,-0.1923467272727274,0.12559552445209965,,,,,,,,,,,,,,,,,,,,,,,,,,,,,,,,,,,,,,,,,,,,,,,,,,,,,,,,,,,,,,,,,,,,,,,,,,,,,,,,,,,,,,,,,,,,,,,,,,,,,,,,,,,,,,,,,,,,,,,,,,,,,,,,,,,,,,,,,,,,,,,,us_budget_v2_full_workbook_rows,2026-03-24T16:45:36+00:00
West,20260324T164535Z_2026.01.22 US Spa Sales Budget 2026 FINAL.xlsx,2,6,,,,,,,,,,,,,1040,1040,1170,1170,1170,1040,1040,780,1170,1300,1170,910.0000000000001,,,,,,,,,,,,,,,,,,,,,,,,,,,,,25038,"Lemon & Honey Day Spa; Orange, CA",West,Erin,2023,,A,B,13457.210000000001,13000,,Maintain,28530.96,13457.210000000001,26000,-0.5283295760114626,-0.4824149999999999,0,5204.37,28530.96,26000,13457.210000000001,13000,-0.5283295760114626,-0.4824149999999999,-0.03397509587797176,,,,,,,,,,,,,,,,,,,,,,,,,,,,,,,,,,,,,,,,,,,,,,,,,,,,,,,,,,,,,,,,,,,,,,,,,,,,,,,,,,,,,,,,,,,,,,,,,,,,,,,,,,,,,,,,,,,,,,,,,,,,,,,,,,,,,,,,,,,,,,,,us_budget_v2_full_workbook_rows,2026-03-24T16:45:36+00:00
West,20260324T164535Z_2026.01.22 US Spa Sales Budget 2026 FINAL.xlsx,2,7,,,,,,,,,,,,,480,480,540,540,540,480,480,360,540,600,540,420.00000000000006,,,,,,,,,,,,,,,,,,,,,,,,,,,,,25004,Teton Mountain Lodge,West,Erin,2021,,B,C,6008.52,6000,,Maintain,10917.56,6008.52,12000,-0.4496462579550742,-0.49929,5634,7158.0599999999995,10917.56,12000,6008.52,6000,-0.4496462579550742,-0.49929,-0.0014179864592279712,,,,,,,,,,,,,,,,,,,,,,,,,,,,,,,,,,,,,,,,,,,,,,,,,,,,,,,,,,,,,,,,,,,,,,,,,,,,,,,,,,,,,,,,,,,,,,,,,,,,,,,,,,,,,,,,,,,,,,,,,,,,,,,,,,,,,,,,,,,,,,,,us_budget_v2_full_workbook_rows,2026-03-24T16:45:36+00:00
West,20260324T164535Z_2026.01.22 US Spa Sales Budget 2026 FINAL.xlsx,2,8,,,,,,,,,,,,,0,0,0,0,0,0,0,0,0,0,0,0,,,,,,,,,,,,,,,,,,,,,,,,,,,,,25000,West Coast Lifestyles Inc.; CA,West,Erin,2021,,C,Lost,737,,,Lose,1539.92,737,1500,-0.5214037092835992,-0.5086666666666666,5749.650000000001,7017.280000000001,1539.92,1500,737,0,-0.5214037092835992,-0.5086666666666666,-1,,,,,,,,,,,,,,,,,,,,,,,,,,,,,,,,,,,,,,,,,,,,,,,,,,,,,,,,,,,,,,,,,,,,,,,,,,,,,,,,,,,,,,,,,,,,,,,,,,,,,,,,,,,,,,,,,,,,,,,,,,,,,,,,,,,,,,,,,,,,,,,,us_budget_v2_full_workbook_rows,2026-03-24T16:45:36+00:00
West,20260324T164535Z_2026.01.22 US Spa Sales Budget 2026 FINAL.xlsx,2,9,,,,,,,,,,,,,0,0,0,0,0,0,0,0,0,0,0,0,,,,,,,,,,,,,,,,,,,,,,,,,,,,,25015,Gateway Canyon Resort & Spa; CO,West,Erin,2022,,C,C,1573.68,,,,2717.3199999999997,1573.68,3000,-0.4208705636435899,-0.47544,9631.1,6958.4800000000005,2717.3199999999997,3000,1573.68,0,-0.4208705636435899,-0.47544,-1,,,,,,,,,,,,,,,,,,,,,,,,,,,,,,,,,,,,,,,,,,,,,,,,,,,,,,,,,,,,,,,,,,,,,,,,,,,,,,,,,,,,,,,,,,,,,,,,,,,,,,,,,,,,,,,,,,,,,,,,,,,,,,,,,,,,,,,,,,,,,,,,us_budget_v2_full_workbook_rows,2026-03-24T16:45:36+00:00
West,20260324T164535Z_2026.01.22 US Spa Sales Budget 2026 FINAL.xlsx,2,10,,,,,,,,,,,,,0,0,0,0,0,0,0,0,0,0,0,0,,,,,,,,,,,,,,,,,,,,,,,,,,,,,25036,MacArthur Place; LÁuberge de Sonoma LLC; CA,West,Erin,2023,,C,C,654.34,,,,2357.58,654.34,5000,-0.7224526845324443,-0.869132,0,5919.87,2357.58,5000,654.34,0,-0.7224526845324443,-0.869132,-1,,,,,,,,,,,,,,,,,,,,,,,,,,,,,,,,,,,,,,,,,,,,,,,,,,,,,,,,,,,,,,,,,,,,,,,,,,,,,,,,,,,,,,,,,,,,,,,,,,,,,,,,,,,,,,,,,,,,,,,,,,,,,,,,,,,,,,,,,,,,,,,,us_budget_v2_full_workbook_rows,2026-03-24T16:45:36+00:00
West,20260324T164535Z_2026.01.22 US Spa Sales Budget 2026 FINAL.xlsx,2,11,,,,,,,,,,,,,0,0,0,0,0,0,0,0,0,0,0,0,,,,,,,,,,,,,,,,,,,,,,,,,,,,,25046,"Beverly Wilshire,Four Seasons Hotel, CA",West,Erin,2024,,NKD24,Lost,1551.69,,,Lose,14440.24,1551.69,16000,-0.892544029739118,-0.903019375,0,0,14440.24,16000,1551.69,0,-0.892544029739118,-0.903019375,-1,,,,,,,,,,,,,,,,,,,,,,,,,,,,,,,,,,,,,,,,,,,,,,,,,,,,,,,,,,,,,,,,,,,,,,,,,,,,,,,,,,,,,,,,,,,,,,,,,,,,,,,,,,,,,,,,,,,,,,,,,,,,,,,,,,,,,,,,,,,,,,,,us_budget_v2_full_workbook_rows,2026-03-24T16:45:36+00:00
West,20260324T164535Z_2026.01.22 US Spa Sales Budget 2026 FINAL.xlsx,2,12,,,,,,,,,,,,,0,0,0,0,0,0,0,0,0,0,0,0,,,,,,,,,,,,,,,,,,,,,,,,,,,,,25052,Rosewood Miramar Beach; CA,West,Erin,2024,,NKD24,Lost,0,,,Lose,5734,0,5000,-1,-1,0,0,5734,5000,0,0,-1,-1,,,,,,,,,,,,,,,,,,,,,,,,,,,,,,,,,,,,,,,,,,,,,,,,,,,,,,,,,,,,,,,,,,,,,,,,,,,,,,,,,,,,,,,,,,,,,,,,,,,,,,,,,,,,,,,,,,,,,,,,,,,,,,,,,,,,,,,,,,,,,,,,,us_budget_v2_full_workbook_rows,2026-03-24T16:45:36+00:00
West,20260324T164535Z_2026.01.22 US Spa Sales Budget 2026 FINAL.xlsx,2,13,,,,,,,,,,,,,160,160,180,180,180,160,160,120,180,200,180,140,,,,,,,,,,,,,,,,,,,,,,,,,,,,,25053,"Bonnie Frances Skin;Phoenix, AZ",West,Erin,2024,,NKD24,C,1846.6399999999999,2000,,Maintain,12533.029999999999,1846.6399999999999,12000,-0.8526581361410609,-0.8461133333333334,0,0,12533.029999999999,12000,1846.6399999999999,2000,-0.8526581361410609,-0.8461133333333334,0.08304813065892658,,,,,,,,,,,,,,,,,,,,,,,,,,,,,,,,,,,,,,,,,,,,,,,,,,,,,,,,,,,,,,,,,,,,,,,,,,,,,,,,,,,,,,,,,,,,,,,,,,,,,,,,,,,,,,,,,,,,,,,,,,,,,,,,,,,,,,,,,,,,,,,,us_budget_v2_full_workbook_rows,2026-03-24T16:45:36+00:00
West,20260324T164535Z_2026.01.22 US Spa Sales Budget 2026 FINAL.xlsx,2,14,,,,,,,,,,,,,320,320,360,360,360,320,320,240,360,400,360,280,,,,,,,,,,,,,,,,,,,,,,,,,,,,,25058,"Five Point Five, Inc.",West,Erin,2024,,NKD24,C,3996,4000,,Maintain,4359.49,3996,12000,-0.08337901910544576,-0.667,0,0,4359.49,12000,3996,4000,-0.08337901910544576,-0.667,0.0010010010010010895,,,,,,,,,,,,,,,,,,,,,,,,,,,,,,,,,,,,,,,,,,,,,,,,,,,,,,,,,,,,,,,,,,,,,,,,,,,,,,,,,,,,,,,,,,,,,,,,,,,,,,,,,,,,,,,,,,,,,,,,,,,,,,,,,,,,,,,,,,,,,,,,us_budget_v2_full_workbook_rows,2026-03-24T16:45:36+00:00
West,20260324T164535Z_2026.01.22 US Spa Sales Budget 2026 FINAL.xlsx,2,15,,,,,,,,,,,,,400,400,450,450,450,400,400,300,450,500,450,350.00000000000006,,,,,,,,,,,,,,,,,,,,,,,,,,,,,25059,Red Rock Tivoli Aestetics,West,Erin,2024,,NKD24,C,5002.82,5000,,Maintain,2469.97,5002.82,12000,1.02545779908258,-0.5830983333333334,0,0,2469.97,12000,5002.82,5000,1.02545779908258,-0.5830983333333334,-0.0005636820833049283,,,,,,,,,,,,,,,,,,,,,,,,,,,,,,,,,,,,,,,,,,,,,,,,,,,,,,,,,,,,,,,,,,,,,,,,,,,,,,,,,,,,,,,,,,,,,,,,,,,,,,,,,,,,,,,,,,,,,,,,,,,,,,,,,,,,,,,,,,,,,,,,us_budget_v2_full_workbook_rows,2026-03-24T16:45:36+00:00
West,20260324T164535Z_2026.01.22 US Spa Sales Budget 2026 FINAL.xlsx,2,16,,,,,,,,,,,,,16000,16000,18000,18000,18000,16000,16000,12000,18000,20000,18000,14000,,,,,,,,,,,,,,,,,,,,,,,,,,,,,Total Active Existing Doors,,,,,0,,,245675.22999999998,200000,,,343837.12,245675.22999999998,394500,-0.28548950735743717,-0.37724910012674273,168177.99,255517.76999999996,343837.12,394500,245675.22999999998,200000,-0.28548950735743717,-0.37724910012674273,-0.1859171150465596,,,,,,,,,,,,,,,,,,,,,,,,,,,,,,,,,,,,,,,,,,,,,,,,,,,,,,,,,,,,,,,,,,,,,,,,,,,,,,,,,,,,,,,,,,,,,,,,,,,,,,,,,,,,,,,,,,,,,,,,,,,,,,,,,,,,,,,,,,,,,,,,us_budget_v2_full_workbook_rows,2026-03-24T16:45:36+00:00
West,20260324T164535Z_2026.01.22 US Spa Sales Budget 2026 FINAL.xlsx,2,17,,,,,,,,,,,,,0,0,0,0,0,0,0,0,0,0,0,0,,,,,,,,,,,,,,,,,,,,,,,,,,,,,25064,Embracing the Dance of Healing,West,Erin,2025,,NKD25,Lost,2111.76,,,Lose,0,2111.76,0,,,0,0,0,0,2111.76,0,,,-1,,,,,,,,,,,,,,,,,,,,,,,,,,,,,,,,,,,,,,,,,,,,,,,,,,,,,,,,,,,,,,,,,,,,,,,,,,,,,,,,,,,,,,,,,,,,,,,,,,,,,,,,,,,,,,,,,,,,,,,,,,,,,,,,,,,,,,,,,,,,,,,,us_budget_v2_full_workbook_rows,2026-03-24T16:45:36+00:00
West,20260324T164535Z_2026.01.22 US Spa Sales Budget 2026 FINAL.xlsx,2,18,,,,,,,,,,,,,400,400,450,450,450,400,400,300,450,500,450,350.00000000000006,,,,,,,,,,,,,,,,,,,,,,,,,,,,,25065,"Cupid Lift Inc., West Hollywood",West,Erin,2025,,NKD25,C,4155,5000,,Maintain,0,4155,0,,,0,0,0,0,4155,5000,,,0.2033694344163659,,,,,,,,,,,,,,,,,,,,,,,,,,,,,,,,,,,,,,,,,,,,,,,,,,,,,,,,,,,,,,,,,,,,,,,,,,,,,,,,,,,,,,,,,,,,,,,,,,,,,,,,,,,,,,,,,,,,,,,,,,,,,,,,,,,,,,,,,,,,,,,,us_budget_v2_full_workbook_rows,2026-03-24T16:45:36+00:00
West,20260324T164535Z_2026.01.22 US Spa Sales Budget 2026 FINAL.xlsx,2,19,,,,,,,,,,,,,2400,2400,2700,2700,2700,2400,2400,1800,2700,3000,2700,2100,,,,,,,,,,,,,,,,,,,,,,,,,,,,,25066,ARIA Resort & Casino; Las Vegas,West,Erin,2025,,NKD25,A+++,20154.800000000003,30000,,Grow,0,20154.800000000003,0,,,0,0,0,0,20154.800000000003,30000,,,0.48847917121479734,,,,,,,,,,,,,,,,,,,,,,,,,,,,,,,,,,,,,,,,,,,,,,,,,,,,,,,,,,,,,,,,,,,,,,,,,,,,,,,,,,,,,,,,,,,,,,,,,,,,,,,,,,,,,,,,,,,,,,,,,,,,,,,,,,,,,,,,,,,,,,,,us_budget_v2_full_workbook_rows,2026-03-24T16:45:36+00:00
West,20260324T164535Z_2026.01.22 US Spa Sales Budget 2026 FINAL.xlsx,2,20,,,,,,,,,,,,,2400,2400,2700,2700,2700,2400,2400,1800,2700,3000,2700,2100,,,,,,,,,,,,,,,,,,,,,,,,,,,,,25067,"The Ritz-Carlton, Half Moon Bay LLC",West,Erin,2025,,NKD25,A+++,25962.32,30000,,Grow,0,25962.32,0,,,0,0,0,0,25962.32,30000,,,0.1555207701006689,,,,,,,,,,,,,,,,,,,,,,,,,,,,,,,,,,,,,,,,,,,,,,,,,,,,,,,,,,,,,,,,,,,,,,,,,,,,,,,,,,,,,,,,,,,,,,,,,,,,,,,,,,,,,,,,,,,,,,,,,,,,,,,,,,,,,,,,,,,,,,,,us_budget_v2_full_workbook_rows,2026-03-24T16:45:36+00:00
West,20260324T164535Z_2026.01.22 US Spa Sales Budget 2026 FINAL.xlsx,2,21,,,,,,,,,,,,,960,960,1080,1080,1080,960,960,720,1080,1200,1080,840.0000000000001,,,,,,,,,,,,,,,,,,,,,,,,,,,,,25072,Balboa Bay Club Ventures LLC,West,Erin,2025,,NKD25,B,8683.91,12000,,Grow,0,8683.91,0,,,0,0,0,0,8683.91,12000,,,0.3818660027568228,,,,,,,,,,,,,,,,,,,,,,,,,,,,,,,,,,,,,,,,,,,,,,,,,,,,,,,,,,,,,,,,,,,,,,,,,,,,,,,,,,,,,,,,,,,,,,,,,,,,,,,,,,,,,,,,,,,,,,,,,,,,,,,,,,,,,,,,,,,,,,,,us_budget_v2_full_workbook_rows,2026-03-24T16:45:36+00:00
West,20260324T164535Z_2026.01.22 US Spa Sales Budget 2026 FINAL.xlsx,2,22,,,,,,,,,,,,,0,0,0,0,0,0,0,0,0,0,0,0,,,,,,,,,,,,,,,,,,,,,,,,,,,,,NKD25,New doors 2025,West,Erin,2025,,NKD25,,,,,,0,0,106200,,-1,0,0,0,180000,0,0,,-1,,,,,,,,,,,,,,,,,,,,,,,,,,,,,,,,,,,,,,,,,,,,,,,,,,,,,,,,,,,,,,,,,,,,,,,,,,,,,,,,,,,,,,,,,,,,,,,,,,,,,,,,,,,,,,,,,,,,,,,,,,,,,,,,,,,,,,,,,,,,,,,,,us_budget_v2_full_workbook_rows,2026-03-24T16:45:36+00:00
West,20260324T164535Z_2026.01.22 US Spa Sales Budget 2026 FINAL.xlsx,2,23,,,,,,,,,,,,,6160,6160,6930,6930,6930,6160,6160,4620,6930,7700,6930,5390,,,,,,,,,,,,,,,,,,,,,,,,,,,,,Total New Doors 2025,,,,,0,,,61067.79000000001,77000,,,0,61067.79000000001,106200,,-0.4249737288135592,0,0,0,180000,61067.79000000001,77000,,-0.6607345,0.26089383617779505,,,,,,,,,,,,,,,,,,,,,,,,,,,,,,,,,,,,,,,,,,,,,,,,,,,,,,,,,,,,,,,,,,,,,,,,,,,,,,,,,,,,,,,,,,,,,,,,,,,,,,,,,,,,,,,,,,,,,,,,,,,,,,,,,,,,,,,,,,,,,,,,us_budget_v2_full_workbook_rows,2026-03-24T16:45:36+00:00
West,20260324T164535Z_2026.01.22 US Spa Sales Budget 2026 FINAL.xlsx,2,24,,,,,,,,,,,,1.0,,,,,,,,,,,,,,,,,,,,,,,,,,,,,,,,,,,,,,,,,,,,,,,,,,,,,,,,,,,,,,,,,,,1.0,2.0,1.0,3.0,2.0,3.0,3.0,,,,,,,,,,,,,,,,,,,,,,,,,,,,,,,,,,,,,,,,,,,,,,,,,,,,,,,,,,,,,,,,,,,,,,,,,,,,,,,,,,,,,,,,,,,,,,,,,,,,,,,,,,,,,,,,,,,,,,,,,,,,,,,,,,,,,,,,,us_budget_v2_full_workbook_rows,2026-03-24T16:45:36+00:00
West,20260324T164535Z_2026.01.22 US Spa Sales Budget 2026 FINAL.xlsx,2,25,1.0,,,,,,1.0,,,,1.0,,0,5000,5000,5000,4000,9000,11000,4000,17000,13000,17000,10000,,,,,,,,,,,,,,,,,,,,,,,,,,,,,NKD26,New doors 2026,West,Erin,2026,8,NKD26,,,100000,,,0,0,0,,,0,0,0,0,0,100000,,,,1.0,1.0,,1.0,1.0,1.0,,,,,,,,,,,,,,,,,,,,,,,,,,,,,,,,,,,,,,,,,,,,,,,,,,,,,,,,,,,,,,,,,,,,,,,,,,,,,,,,,,,,,,,,,,,,,,,,,,,,,,,,,,,,,,,,,,,,,,,,,,,,,,,,,,,,,,,,,,us_budget_v2_full_workbook_rows,2026-03-24T16:45:36+00:00
West,20260324T164535Z_2026.01.22 US Spa Sales Budget 2026 FINAL.xlsx,2,26,,,,,,,,,,,,,0,5000,5000,5000,4000,9000,11000,4000,17000,13000,17000,10000,,,,,,,,,,,,,,,,,,,,,,,,,,,,,Total New Doors 2026,,,,,8,,,0,100000,,,0,0,0,,,0,0,0,0,0,100000,,,,,,,,,,,,,,,,,,,,,,,,,,,,,,,,,,,,,,,,,,,,,,,,,,,,,,,,,,,,,,,,,,,,,,,,,,,,,,,,,,,,,,,,,,,,,,,,,,,,,,,,,,,,,,,,,,,,,,,,,,,,,,,,,,,,,,,,,,,,,,,,,,,us_budget_v2_full_workbook_rows,2026-03-24T16:45:36+00:00
Southeast,20260324T164535Z_2026.01.22 US Spa Sales Budget 2026 FINAL.xlsx,2,3,,,,,,,,,,,,,3600,3600,4050,4050,4050,3600,3600,2700,4050,4500,4050,3150.0000000000005,,,,,,,,,,,,,,,,,,,,,,,,,,,,,25010,"Four Seasons Hotel, Fort Lauderdale; FL",Southeast,Bethany,2022,,A,A+++,37341.28,45000,,Grow,45516.32,37341.28,50000,-0.17960678719193468,-0.2531744,54627.810000000005,53276.36,45516.32,50000,37341.28,45000,-0.17960678719193468,-0.2531744,0.20510062858048794,,,,,,,,,,,,,,,,,,,,,,,,,,,,,,,,,,,,,,,,,,,,,,,,,,,,,,,,,,,,,,,,,,,,,,,,,,,,,,,,,,,,,,,,,,,,,,,,,,,,,,,,,,,,,,,,,,,,,,,,,,,,,,,,,,,,,,,,,,,,,,,,us_budget_v2_full_workbook_rows,2026-03-24T16:45:36+00:00
Southeast,20260324T164535Z_2026.01.22 US Spa Sales Budget 2026 FINAL.xlsx,2,4,,,,,,,,,,,,,2160,2160,2430,2430,2430,2160,2160,1620,2430,2700,2430,1890.0000000000002,,,,,,,,,,,,,,,,,,,,,,,,,,,,,25002,Porto Vita/Villa Grande Club; Fl,Southeast,Bethany,2021,,B,A,25700.67,27000,,Grow,18065.78,25700.67,20000,0.422616128393017,0.28503349999999994,16004.090000000002,7361.640000000001,18065.78,20000,25700.67,27000,0.422616128393017,0.28503349999999994,0.05055626954472392,,,,,,,,,,,,,,,,,,,,,,,,,,,,,,,,,,,,,,,,,,,,,,,,,,,,,,,,,,,,,,,,,,,,,,,,,,,,,,,,,,,,,,,,,,,,,,,,,,,,,,,,,,,,,,,,,,,,,,,,,,,,,,,,,,,,,,,,,,,,,,,,us_budget_v2_full_workbook_rows,2026-03-24T16:45:36+00:00
Southeast,20260324T164535Z_2026.01.22 US Spa Sales Budget 2026 FINAL.xlsx,2,5,,,,,,,,,,,,,400,400,450,450,450,400,400,300,450,500,450,350.00000000000006,,,,,,,,,,,,,,,,,,,,,,,,,,,,,25016,"Williams Island POA, Inc.Florida",Southeast,Bethany,2022,,B,C,3383.2200000000003,5000,,Maintain,11466.5,3383.2200000000003,12000,-0.7049474556316225,-0.718065,11106.15,7571.13,11466.5,12000,3383.2200000000003,5000,-0.7049474556316225,-0.718065,0.47788201772276095,,,,,,,,,,,,,,,,,,,,,,,,,,,,,,,,,,,,,,,,,,,,,,,,,,,,,,,,,,,,,,,,,,,,,,,,,,,,,,,,,,,,,,,,,,,,,,,,,,,,,,,,,,,,,,,,,,,,,,,,,,,,,,,,,,,,,,,,,,,,,,,,us_budget_v2_full_workbook_rows,2026-03-24T16:45:36+00:00
Southeast,20260324T164535Z_2026.01.22 US Spa Sales Budget 2026 FINAL.xlsx,2,6,,,,,,,,,,,,,400,400,450,450,450,400,400,300,450,500,450,350.00000000000006,,,,,,,,,,,,,,,,,,,,,,,,,,,,,25026,JW Marriott Miami Turnberry,Southeast,Bethany,2023,,C,C,3885.2,5000,,Maintain,3224.75,3885.2,5000,0.20480657415303516,-0.22296000000000005,0,10735.11,3224.75,5000,3885.2,5000,0.20480657415303516,-0.22296000000000005,0.28693503551940713,,,,,,,,,,,,,,,,,,,,,,,,,,,,,,,,,,,,,,,,,,,,,,,,,,,,,,,,,,,,,,,,,,,,,,,,,,,,,,,,,,,,,,,,,,,,,,,,,,,,,,,,,,,,,,,,,,,,,,,,,,,,,,,,,,,,,,,,,,,,,,,,us_budget_v2_full_workbook_rows,2026-03-24T16:45:36+00:00
Southeast,20260324T164535Z_2026.01.22 US Spa Sales Budget 2026 FINAL.xlsx,2,7,,,,,,,,,,,,,400,400,450,450,450,400,400,300,450,500,450,350.00000000000006,,,,,,,,,,,,,,,,,,,,,,,,,,,,,25029,Ana Molinari Inc.; FL,Southeast,Bethany,2023,,C,C,4862.18,5000,,Maintain,7659.260000000001,4862.18,8000,-0.365189326384011,-0.39222749999999995,0,3872.89,7659.260000000001,8000,4862.18,5000,-0.365189326384011,-0.39222749999999995,0.028345310128378598,,,,,,,,,,,,,,,,,,,,,,,,,,,,,,,,,,,,,,,,,,,,,,,,,,,,,,,,,,,,,,,,,,,,,,,,,,,,,,,,,,,,,,,,,,,,,,,,,,,,,,,,,,,,,,,,,,,,,,,,,,,,,,,,,,,,,,,,,,,,,,,,us_budget_v2_full_workbook_rows,2026-03-24T16:45:36+00:00
Southeast,20260324T164535Z_2026.01.22 US Spa Sales Budget 2026 FINAL.xlsx,2,8,,,,,,,,,,,,,800,800,900,900,900,800,800,600,900,1000,900,700.0000000000001,,,,,,,,,,,,,,,,,,,,,,,,,,,,,25040,"AMG Investments LLC, Hurram Hammam; Fl",Southeast,Bethany,2023,,C,B,9408.99,10000,,Maintain,7421.0599999999995,9408.99,8000,0.26787682622159115,0.1761237499999999,0,6216.36,7421.0599999999995,8000,9408.99,10000,0.26787682622159115,0.1761237499999999,0.0628133306550438,,,,,,,,,,,,,,,,,,,,,,,,,,,,,,,,,,,,,,,,,,,,,,,,,,,,,,,,,,,,,,,,,,,,,,,,,,,,,,,,,,,,,,,,,,,,,,,,,,,,,,,,,,,,,,,,,,,,,,,,,,,,,,,,,,,,,,,,,,,,,,,,us_budget_v2_full_workbook_rows,2026-03-24T16:45:36+00:00
Southeast,20260324T164535Z_2026.01.22 US Spa Sales Budget 2026 FINAL.xlsx,2,9,,,,,,,,,,,,,400,400,450,450,450,400,400,300,450,500,450,350.00000000000006,,,,,,,,,,,,,,,,,,,,,,,,,,,,,25043,"Jupiter Island Holdings, Inc.; Fl",Southeast,Bethany,2023,,C,C,3635,5000,,Maintain,2916,3635,3000,0.24657064471879298,0.21166666666666667,0,1212,2916,3000,3635,5000,0.24657064471879298,0.21166666666666667,0.37551581843191206,,,,,,,,,,,,,,,,,,,,,,,,,,,,,,,,,,,,,,,,,,,,,,,,,,,,,,,,,,,,,,,,,,,,,,,,,,,,,,,,,,,,,,,,,,,,,,,,,,,,,,,,,,,,,,,,,,,,,,,,,,,,,,,,,,,,,,,,,,,,,,,,us_budget_v2_full_workbook_rows,2026-03-24T16:45:36+00:00
Southeast,20260324T164535Z_2026.01.22 US Spa Sales Budget 2026 FINAL.xlsx,2,10,,,,,,,,,,,,,0,0,0,0,0,0,0,0,0,0,0,0,,,,,,,,,,,,,,,,,,,,,,,,,,,,,25008,"Stars Skincare Med Spa, Florida",Southeast,Bethany,2021,,,Lost,0,,,Lose,0,0,0,,,1083,1129.5,0,0,0,0,,,,,,,,,,,,,,,,,,,,,,,,,,,,,,,,,,,,,,,,,,,,,,,,,,,,,,,,,,,,,,,,,,,,,,,,,,,,,,,,,,,,,,,,,,,,,,,,,,,,,,,,,,,,,,,,,,,,,,,,,,,,,,,,,,,,,,,,,,,,,,,,,,,us_budget_v2_full_workbook_rows,2026-03-24T16:45:36+00:00
Southeast,20260324T164535Z_2026.01.22 US Spa Sales Budget 2026 FINAL.xlsx,2,11,,,,,,,,,,,,,0,0,0,0,0,0,0,0,0,0,0,0,,,,,,,,,,,,,,,,,,,,,,,,,,,,,25024,"Mt. Bailey Holdings, LLC; Four Seasons Hotel Atlanta",Southeast,Bethany,2022,,,Lost,0,,,Lose,0,0,0,,,7009.6,2544.2400000000002,0,0,0,0,,,,,,,,,,,,,,,,,,,,,,,,,,,,,,,,,,,,,,,,,,,,,,,,,,,,,,,,,,,,,,,,,,,,,,,,,,,,,,,,,,,,,,,,,,,,,,,,,,,,,,,,,,,,,,,,,,,,,,,,,,,,,,,,,,,,,,,,,,,,,,,,,,,us_budget_v2_full_workbook_rows,2026-03-24T16:45:36+00:00
Southeast,20260324T164535Z_2026.01.22 US Spa Sales Budget 2026 FINAL.xlsx,2,12,,,,,,,,,,,,,2800,2800,3150,3150,3150,2800,2800,2100,3150,3500,3150,2450.0000000000005,,,,,,,,,,,,,,,,,,,,,,,,,,,,,25047,"Four Seasons Resort Orlando,FL",Southeast,Bethany,2024,,NKD24,A+,29214.710000000003,35000,,Grow,37356.63,29214.710000000003,45000,-0.21795113745538597,-0.35078422222222216,0,0,37356.63,45000,29214.710000000003,35000,-0.21795113745538597,-0.35078422222222216,0.19802661056707382,,,,,,,,,,,,,,,,,,,,,,,,,,,,,,,,,,,,,,,,,,,,,,,,,,,,,,,,,,,,,,,,,,,,,,,,,,,,,,,,,,,,,,,,,,,,,,,,,,,,,,,,,,,,,,,,,,,,,,,,,,,,,,,,,,,,,,,,,,,,,,,,us_budget_v2_full_workbook_rows,2026-03-24T16:45:36+00:00
Southeast,20260324T164535Z_2026.01.22 US Spa Sales Budget 2026 FINAL.xlsx,2,13,,,,,,,,,,,,,960,960,1080,1080,1080,960,960,720,1080,1200,1080,840.0000000000001,,,,,,,,,,,,,,,,,,,,,,,,,,,,,25055,USREC Banyan Cay Resort LLC,Southeast,Bethany,2024,,NKD24,B,3791.52,12000,,Grow,17321.719999999998,3791.52,12000,-0.7811118064487822,-0.68404,0,0,17321.719999999998,12000,3791.52,12000,-0.7811118064487822,-0.68404,2.1649575895682998,,,,,,,,,,,,,,,,,,,,,,,,,,,,,,,,,,,,,,,,,,,,,,,,,,,,,,,,,,,,,,,,,,,,,,,,,,,,,,,,,,,,,,,,,,,,,,,,,,,,,,,,,,,,,,,,,,,,,,,,,,,,,,,,,,,,,,,,,,,,,,,,us_budget_v2_full_workbook_rows,2026-03-24T16:45:36+00:00
Southeast,20260324T164535Z_2026.01.22 US Spa Sales Budget 2026 FINAL.xlsx,2,14,,,,,,,,,,,,,11920,11920,13410,13410,13410,11920,11920,8940,13410,14900,13410,10430.000000000002,,,,,,,,,,,,,,,,,,,,,,,,,,,,,Total Active Existing Doors,,,,,0,,,121222.77,149000,,,150948.02,121222.77,163000,-0.19692374898325915,-0.25630202453987727,89830.65000000001,93919.23000000001,150948.02,163000,121222.77,149000,-0.19692374898325915,-0.25630202453987727,0.22914201680096902,,,,,,,,,,,,,,,,,,,,,,,,,,,,,,,,,,,,,,,,,,,,,,,,,,,,,,,,,,,,,,,,,,,,,,,,,,,,,,,,,,,,,,,,,,,,,,,,,,,,,,,,,,,,,,,,,,,,,,,,,,,,,,,,,,,,,,,,,,,,,,,,us_budget_v2_full_workbook_rows,2026-03-24T16:45:36+00:00
Southeast,20260324T164535Z_2026.01.22 US Spa Sales Budget 2026 FINAL.xlsx,2,15,,,,,,,,,,,,,800,800,900,900,900,800,800,600,900,1000,900,700.0000000000001,,,,,,,,,,,,,,,,,,,,,,,,,,,,,25063,Equinox Holdings Inc; Miami,Southeast,Bethany,2025,,NKD25,B,7189.44,10000,,Grow,0,7189.44,0,,,0,0,0,0,7189.44,10000,,,0.3909289179685762,,,,,,,,,,,,,,,,,,,,,,,,,,,,,,,,,,,,,,,,,,,,,,,,,,,,,,,,,,,,,,,,,,,,,,,,,,,,,,,,,,,,,,,,,,,,,,,,,,,,,,,,,,,,,,,,,,,,,,,,,,,,,,,,,,,,,,,,,,,,,,,,us_budget_v2_full_workbook_rows,2026-03-24T16:45:36+00:00
Southeast,20260324T164535Z_2026.01.22 US Spa Sales Budget 2026 FINAL.xlsx,2,16,,,,,,,,,,,,,80,80,90,90,90,80,80,60,90,100,90,70,,,,,,,,,,,,,,,,,,,,,,,,,,,,,25069,Simply Bliss SkinCare LLC,Southeast,Bethany,2025,,NKD25,C,343,1000,,Maintain,0,343,0,,,0,0,0,0,343,1000,,,1.9154518950437316,,,,,,,,,,,,,,,,,,,,,,,,,,,,,,,,,,,,,,,,,,,,,,,,,,,,,,,,,,,,,,,,,,,,,,,,,,,,,,,,,,,,,,,,,,,,,,,,,,,,,,,,,,,,,,,,,,,,,,,,,,,,,,,,,,,,,,,,,,,,,,,,us_budget_v2_full_workbook_rows,2026-03-24T16:45:36+00:00
Southeast,20260324T164535Z_2026.01.22 US Spa Sales Budget 2026 FINAL.xlsx,2,17,,,,,,,,,,,,,960,960,1080,1080,1080,960,960,720,1080,1200,1080,840.0000000000001,,,,,,,,,,,,,,,,,,,,,,,,,,,,,25076,Costa d' Este Beach Resort & Spa,Other,Bethany,2025,,NKD25,B,3193.01,12000,,Grow,0,3193.01,0,,,0,0,0,0,3193.01,12000,,,2.7582093385238378,,,,,,,,,,,,,,,,,,,,,,,,,,,,,,,,,,,,,,,,,,,,,,,,,,,,,,,,,,,,,,,,,,,,,,,,,,,,,,,,,,,,,,,,,,,,,,,,,,,,,,,,,,,,,,,,,,,,,,,,,,,,,,,,,,,,,,,,,,,,,,,,us_budget_v2_full_workbook_rows,2026-03-24T16:45:36+00:00
Southeast,20260324T164535Z_2026.01.22 US Spa Sales Budget 2026 FINAL.xlsx,2,18,,,,,,,,,,,,,0,0,0,0,0,0,0,0,0,0,0,0,,,,,,,,,,,,,,,,,,,,,,,,,,,,,NKD25,New doors 2025,Southeast,Bethany,2025,,NKD25,,,,,,0,0,106200,,-1,0,0,0,180000,0,0,,-1,,,,,,,,,,,,,,,,,,,,,,,,,,,,,,,,,,,,,,,,,,,,,,,,,,,,,,,,,,,,,,,,,,,,,,,,,,,,,,,,,,,,,,,,,,,,,,,,,,,,,,,,,,,,,,,,,,,,,,,,,,,,,,,,,,,,,,,,,,,,,,,,,us_budget_v2_full_workbook_rows,2026-03-24T16:45:36+00:00
Southeast,20260324T164535Z_2026.01.22 US Spa Sales Budget 2026 FINAL.xlsx,2,19,,,,,,,,,,,,,1840,1840,2070,2070,2070,1840,1840,1380,2070,2300,2070,1610.0000000000002,,,,,,,,,,,,,,,,,,,,,,,,,,,,,Total New Doors 2025,,,,,0,,,10725.45,23000,,,0,10725.45,106200,,-0.8990070621468926,0,0,0,180000,10725.45,23000,,-0.9404141666666667,1.1444321683472487,,,,,,,,,,,,,,,,,,,,,,,,,,,,,,,,,,,,,,,,,,,,,,,,,,,,,,,,,,,,,,,,,,,,,,,,,,,,,,,,,,,,,,,,,,,,,,,,,,,,,,,,,,,,,,,,,,,,,,,,,,,,,,,,,,,,,,,,,,,,,,,,us_budget_v2_full_workbook_rows,2026-03-24T16:45:36+00:00
Southeast,20260324T164535Z_2026.01.22 US Spa Sales Budget 2026 FINAL.xlsx,2,20,,,,,,,,,,,,1.0,,,,,,,,,,,,,,,,,,,,,,,,,,,,,,,,,,,,,,,,,,,,,,,,,,,,,,,,,,,,,,,,,,,1.0,2.0,1.0,3.0,2.0,3.0,3.0,,,,,,,,,,,,,,,,,,,,,,,,,,,,,,,,,,,,,,,,,,,,,,,,,,,,,,,,,,,,,,,,,,,,,,,,,,,,,,,,,,,,,,,,,,,,,,,,,,,,,,,,,,,,,,,,,,,,,,,,,,,,,,,,,,,,,,,,,us_budget_v2_full_workbook_rows,2026-03-24T16:45:36+00:00
Southeast,20260324T164535Z_2026.01.22 US Spa Sales Budget 2026 FINAL.xlsx,2,21,1.0,,,,,,1.0,,,,1.0,,0,5000,5000,5000,4000,9000,11000,4000,17000,13000,17000,10000,,,,,,,,,,,,,,,,,,,,,,,,,,,,,NKD26,New doors 2026,Southeast,Bethany,2026,8,NKD26,,,100000,,,0,0,0,,,0,0,0,0,0,100000,,,,1.0,1.0,,1.0,1.0,1.0,,,,,,,,,,,,,,,,,,,,,,,,,,,,,,,,,,,,,,,,,,,,,,,,,,,,,,,,,,,,,,,,,,,,,,,,,,,,,,,,,,,,,,,,,,,,,,,,,,,,,,,,,,,,,,,,,,,,,,,,,,,,,,,,,,,,,,,,,,us_budget_v2_full_workbook_rows,2026-03-24T16:45:36+00:00
Southeast,20260324T164535Z_2026.01.22 US Spa Sales Budget 2026 FINAL.xlsx,2,22,,,,,,,,,,,,,0,5000,5000,5000,4000,9000,11000,4000,17000,13000,17000,10000,,,,,,,,,,,,,,,,,,,,,,,,,,,,,Total New Doors 2026,,,,,8,,,0,100000,,,0,0,0,,,0,0,0,0,0,100000,,,,,,,,,,,,,,,,,,,,,,,,,,,,,,,,,,,,,,,,,,,,,,,,,,,,,,,,,,,,,,,,,,,,,,,,,,,,,,,,,,,,,,,,,,,,,,,,,,,,,,,,,,,,,,,,,,,,,,,,,,,,,,,,,,,,,,,,,,,,,,,,,,,us_budget_v2_full_workbook_rows,2026-03-24T16:45:36+00:00
Other,20260324T164535Z_2026.01.22 US Spa Sales Budget 2026 FINAL.xlsx,2,3,,,,,,,,,,,,,0,0,0,0,0,0,0,0,0,0,0,0,,,,,,,,,,,,,,,,,,,,,,,,,,,,,25035,Rosewood Little Dix Bay; Helen Lugo,Other,Melissa,2023,,B,Lost,0,,,Lose,13723.61,0,15000,-1,-1,0,22651.159999999996,13723.61,15000,,0,-1,-1,,,,,,,,,0,,,,,,,,,,,,,,,,,,,,,,,,,,,,,,,,,,,,,,,,,,,,,,,,,,,,,,,,,,,,,,,,,,,,,,,,,,,,,,,,,,,,,,,,,,,,,,,,,,,,,,,,,,,,,,,,,,,,,,,,,,,,,,,,,,,,,,,,us_budget_v2_full_workbook_rows,2026-03-24T16:45:36+00:00
Other,20260324T164535Z_2026.01.22 US Spa Sales Budget 2026 FINAL.xlsx,2,4,,,,,,,,,,,,,5600,5600,6300,6300,6300,5600,5600,4200,6300,7000,6300,4900.000000000001,,,,,,,,,,,,,,,,,,,,,,,,,,,,,25042,Eau Spa Palm Beach; Fl,Southeast,Bethany,2023,,A,A+++,63209.73999999999,70000,,Grow,46123.77,63209.73999999999,50000,0.37043741220633075,0.26419479999999984,0,24324,46123.77,50000,,70000,0.37043741220633075,0.26419479999999984,0.1074242672094523,,,,,,,,63209.73999999999,,,,,,,,,,,,,,,,,,,,,,,,,,,,,,,,,,,,,,,,,,,,,,,,,,,,,,,,,,,,,,,,,,,,,,,,,,,,,,,,,,,,,,,,,,,,,,,,,,,,,,,,,,,,,,,,,,,,,,,,,,,,,,,,,,,,,,,,us_budget_v2_full_workbook_rows,2026-03-24T16:45:36+00:00
Other,20260324T164535Z_2026.01.22 US Spa Sales Budget 2026 FINAL.xlsx,2,5,,,,,,,,,,,,,5600,5600,6300,6300,6300,5600,5600,4200,6300,7000,6300,4900.000000000001,,,,,,,,,,,,,,,,,,,,,,,,,,,,,Total Active Existing Doors,,,,,0,,,63209.73999999999,70000,,,13723.61,0,15000,-1,-1,0,46975.159999999996,59847.38,65000,,70000,0.05618224223015256,-0.027542461538461627,0.1074242672094523,,,,,,,,63209.73999999999,,,,,,,,,,,,,,,,,,,,,,,,,,,,,,,,,,,,,,,,,,,,,,,,,,,,,,,,,,,,,,,,,,,,,,,,,,,,,,,,,,,,,,,,,,,,,,,,,,,,,,,,,,,,,,,,,,,,,,,,,,,,,,,,,,,,,,,,us_budget_v2_full_workbook_rows,2026-03-24T16:45:36+00:00
Other,20260324T164535Z_2026.01.22 US Spa Sales Budget 2026 FINAL.xlsx,2,6,,,,,,,,,,,,,1600,1600,1800,1800,1800,1600,1600,1200,1800,2000,1800,1400.0000000000002,,,,,,,,,,,,,,,,,,,,,,,,,,,,,25075,Wyndham Grand Rio Mar Hotel,Other,Melissa,2025,,NKD25,A,14403.8,20000,,Grow,0,14403.8,0,,,0,0,0,0,,20000,,,0.38852247323622935,,,,,,,,14403.8,,,,,,,,,,,,,,,,,,,,,,,,,,,,,,,,,,,,,,,,,,,,,,,,,,,,,,,,,,,,,,,,,,,,,,,,,,,,,,,,,,,,,,,,,,,,,,,,,,,,,,,,,,,,,,,,,,,,,,,,,,,,,,,,,,,,,,,,us_budget_v2_full_workbook_rows,2026-03-24T16:45:36+00:00
Other,20260324T164535Z_2026.01.22 US Spa Sales Budget 2026 FINAL.xlsx,2,7,,,,,,,,,,,,,0,0,0,0,0,0,0,0,0,0,0,0,,,,,,,,,,,,,,,,,,,,,,,,,,,,,NKD25,New doors 2025,Other,Melissa,2025,,NKD25,,,,,,0,0,53100,,-1,0,0,0,90000,,0,,-1,,,,,,,,,0,,,,,,,,,,,,,,,,,,,,,,,,,,,,,,,,,,,,,,,,,,,,,,,,,,,,,,,,,,,,,,,,,,,,,,,,,,,,,,,,,,,,,,,,,,,,,,,,,,,,,,,,,,,,,,,,,,,,,,,,,,,,,,,,,,,,,,,,us_budget_v2_full_workbook_rows,2026-03-24T16:45:36+00:00
Other,20260324T164535Z_2026.01.22 US Spa Sales Budget 2026 FINAL.xlsx,2,8,,,,,,,,,,,,,1600,1600,1800,1800,1800,1600,1600,1200,1800,2000,1800,1400.0000000000002,,,,,,,,,,,,,,,,,,,,,,,,,,,,,Total New Doors 2025,,,,,0,,,14403.8,20000,,,0,14403.8,53100,,-0.7287419962335216,0,0,0,90000,,20000,,-0.8399577777777778,0.38852247323622935,,,,,,,,14403.8,,,,,,,,,,,,,,,,,,,,,,,,,,,,,,,,,,,,,,,,,,,,,,,,,,,,,,,,,,,,,,,,,,,,,,,,,,,,,,,,,,,,,,,,,,,,,,,,,,,,,,,,,,,,,,,,,,,,,,,,,,,,,,,,,,,,,,,,us_budget_v2_full_workbook_rows,2026-03-24T16:45:36+00:00
Other,20260324T164535Z_2026.01.22 US Spa Sales Budget 2026 FINAL.xlsx,2,9,,,,,,,,,,,,,,,,,,,,,,,,,,,,,,,,,,,,,,,,,,,,,,,,,,,,,NKD26,New doors 2026,Other,Melissa,2026,,NKD26,,,,,,0,0,0,,,0,0,0,0,,0,,,,,,,,,,,0,,,,,,,,,,,,,,,,,,,,,,,,,,,,,,,,,,,,,,,,,,,,,,,,,,,,,,,,,,,,,,,,,,,,,,,,,,,,,,,,,,,,,,,,,,,,,,,,,,,,,,,,,,,,,,,,,,,,,,,,,,,,,,,,,,,,,,,,us_budget_v2_full_workbook_rows,2026-03-24T16:45:36+00:00
Other,20260324T164535Z_2026.01.22 US Spa Sales Budget 2026 FINAL.xlsx,2,10,,,,,,,,,,,,,,,,,,,,,,,,,,,,,,,,,,,,,,,,,,,,,,,,,,,,,Total New Doors 2026,,,,,0,,,0,0,,,0,0,0,,,0,0,0,0,,0,,,,,,,,,,,0,,,,,,,,,,,,,,,,,,,,,,,,,,,,,,,,,,,,,,,,,,,,,,,,,,,,,,,,,,,,,,,,,,,,,,,,,,,,,,,,,,,,,,,,,,,,,,,,,,,,,,,,,,,,,,,,,,,,,,,,,,,,,,,,,,,,,,,,us_budget_v2_full_workbook_rows,2026-03-24T16:45:36+00:00
Lost,20260324T164535Z_2026.01.22 US Spa Sales Budget 2026 FINAL.xlsx,2,3,,,,,,,,,,,,,,,,,,,,,,,,,,,,,,,,,,,,,,,,,,,,,,,,,,,,,25003,The resort at Longboat Key CLub; Florida,Southeast,Lisa,2021,No,,Lost,0,0,,Lose,0,0,0,,,1917.25,0,0,0,0,0,,,,,,,,,,,,,,,,,,,,,,,,,,,,,,,,,,,,,,,,,,,,,,,,,,,,,,,,,,,,,,,,,,,,,,,,,,,,,,,,,,,,,,,,,,,,,,,,,,,,,,,,,,,,,,,,,,,,,,,,,,,,,,,,,,,,,,,,,,,,,,,,,,,us_budget_v2_full_workbook_rows,2026-03-24T16:45:36+00:00
Lost,20260324T164535Z_2026.01.22 US Spa Sales Budget 2026 FINAL.xlsx,2,4,,,,,,,,,,,,,,,,,,,,,,,,,,,,,,,,,,,,,,,,,,,,,,,,,,,,,25009,Glo Rejuvenation; Oregon,West,Amy,2022,No,,Lost,0,0,,Lose,0,0,0,,,22959.840000000004,9876.65,0,0,0,0,,,,,,,,,,,,,,,,,,,,,,,,,,,,,,,,,,,,,,,,,,,,,,,,,,,,,,,,,,,,,,,,,,,,,,,,,,,,,,,,,,,,,,,,,,,,,,,,,,,,,,,,,,,,,,,,,,,,,,,,,,,,,,,,,,,,,,,,,,,,,,,,,,,us_budget_v2_full_workbook_rows,2026-03-24T16:45:36+00:00
Lost,20260324T164535Z_2026.01.22 US Spa Sales Budget 2026 FINAL.xlsx,2,5,,,,,,,,,,,,,,,,,,,,,,,,,,,,,,,,,,,,,,,,,,,,,,,,,,,,,25011,D&G Global Inc.; Claire Gobler; CA,West,Amy,2022,No,,Lost,0,0,,Lose,0,0,0,,,25189.2,524.2,0,0,0,0,,,,,,,,,,,,,,,,,,,,,,,,,,,,,,,,,,,,,,,,,,,,,,,,,,,,,,,,,,,,,,,,,,,,,,,,,,,,,,,,,,,,,,,,,,,,,,,,,,,,,,,,,,,,,,,,,,,,,,,,,,,,,,,,,,,,,,,,,,,,,,,,,,,us_budget_v2_full_workbook_rows,2026-03-24T16:45:36+00:00
Lost,20260324T164535Z_2026.01.22 US Spa Sales Budget 2026 FINAL.xlsx,2,6,,,,,,,,,,,,,,,,,,,,,,,,,,,,,,,,,,,,,,,,,,,,,,,,,,,,,25013,Gurney ´s Inn Resort & Spa LLC; NY,Central,Emily,2022,No,,Lost,0,0,,Lose,0,0,0,,,28353.3,0,0,0,0,0,,,,,,,,,,,,,,,,,,,,,,,,,,,,,,,,,,,,,,,,,,,,,,,,,,,,,,,,,,,,,,,,,,,,,,,,,,,,,,,,,,,,,,,,,,,,,,,,,,,,,,,,,,,,,,,,,,,,,,,,,,,,,,,,,,,,,,,,,,,,,,,,,,,us_budget_v2_full_workbook_rows,2026-03-24T16:45:36+00:00
Lost,20260324T164535Z_2026.01.22 US Spa Sales Budget 2026 FINAL.xlsx,2,7,,,,,,,,,,,,,,,,,,,,,,,,,,,,,,,,,,,,,,,,,,,,,,,,,,,,,25018,Iridescent LLC; Big-Bang; Miiami; Paula,Southeast,Lisa,2022,No,,Lost,0,0,,Lose,0,0,0,,,8694,0,0,0,0,0,,,,,,,,,,,,,,,,,,,,,,,,,,,,,,,,,,,,,,,,,,,,,,,,,,,,,,,,,,,,,,,,,,,,,,,,,,,,,,,,,,,,,,,,,,,,,,,,,,,,,,,,,,,,,,,,,,,,,,,,,,,,,,,,,,,,,,,,,,,,,,,,,,,us_budget_v2_full_workbook_rows,2026-03-24T16:45:36+00:00
Lost,20260324T164535Z_2026.01.22 US Spa Sales Budget 2026 FINAL.xlsx,2,8,,,,,,,,,,,,,,,,,,,,,,,,,,,,,,,,,,,,,,,,,,,,,,,,,,,,,25019,Banyan Cay Res.; W Palm Beach; Melissa,Southeast,Lisa,2022,No,,Lost,0,0,,Lose,0,0,0,,,3203.8,0,0,0,0,0,,,,,,,,,,,,,,,,,,,,,,,,,,,,,,,,,,,,,,,,,,,,,,,,,,,,,,,,,,,,,,,,,,,,,,,,,,,,,,,,,,,,,,,,,,,,,,,,,,,,,,,,,,,,,,,,,,,,,,,,,,,,,,,,,,,,,,,,,,,,,,,,,,,us_budget_v2_full_workbook_rows,2026-03-24T16:45:36+00:00
Lost,20260324T164535Z_2026.01.22 US Spa Sales Budget 2026 FINAL.xlsx,2,9,,,,,,,,,,,,,,,,,,,,,,,,,,,,,,,,,,,,,,,,,,,,,,,,,,,,,25020,Faena Hotel Miami Beach; FL,Southeast,Lisa,2022,No,,Lost,0,0,,Lose,0,0,0,,,7514.3,0,0,0,0,0,,,,,,,,,,,,,,,,,,,,,,,,,,,,,,,,,,,,,,,,,,,,,,,,,,,,,,,,,,,,,,,,,,,,,,,,,,,,,,,,,,,,,,,,,,,,,,,,,,,,,,,,,,,,,,,,,,,,,,,,,,,,,,,,,,,,,,,,,,,,,,,,,,,us_budget_v2_full_workbook_rows,2026-03-24T16:45:36+00:00
Lost,20260324T164535Z_2026.01.22 US Spa Sales Budget 2026 FINAL.xlsx,2,10,,,,,,,,,,,,,,,,,,,,,,,,,,,,,,,,,,,,,,,,,,,,,,,,,,,,,25021,TALISKER CLUB; Holly Arndt,Central,Amy,,No,,Lost,0,0,,Lose,0,0,0,,,0,0,0,0,0,0,,,,,,,,,,,,,,,,,,,,,,,,,,,,,,,,,,,,,,,,,,,,,,,,,,,,,,,,,,,,,,,,,,,,,,,,,,,,,,,,,,,,,,,,,,,,,,,,,,,,,,,,,,,,,,,,,,,,,,,,,,,,,,,,,,,,,,,,,,,,,,,,,,,us_budget_v2_full_workbook_rows,2026-03-24T16:45:36+00:00
Lost,20260324T164535Z_2026.01.22 US Spa Sales Budget 2026 FINAL.xlsx,2,11,,,,,,,,,,,,,,,,,,,,,,,,,,,,,,,,,,,,,,,,,,,,,,,,,,,,,25022,Beating Hearts; Dallas; Lori Feste,Central,Amy,2022,No,,Lost,0,0,,Lose,0,0,0,,,2997.3,0,0,0,0,0,,,,,,,,,,,,,,,,,,,,,,,,,,,,,,,,,,,,,,,,,,,,,,,,,,,,,,,,,,,,,,,,,,,,,,,,,,,,,,,,,,,,,,,,,,,,,,,,,,,,,,,,,,,,,,,,,,,,,,,,,,,,,,,,,,,,,,,,,,,,,,,,,,,us_budget_v2_full_workbook_rows,2026-03-24T16:45:36+00:00
Lost,20260324T164535Z_2026.01.22 US Spa Sales Budget 2026 FINAL.xlsx,2,12,,,,,,,,,,,,,,,,,,,,,,,,,,,,,,,,,,,,,,,,,,,,,,,,,,,,,25023,HLP Hotels LLC DBA Lost Pines; Texas,Central,Amy,2022,No,,Lost,0,0,,Lose,0,0,0,,,8796.8,6782.98,0,0,0,0,,,,,,,,,,,,,,,,,,,,,,,,,,,,,,,,,,,,,,,,,,,,,,,,,,,,,,,,,,,,,,,,,,,,,,,,,,,,,,,,,,,,,,,,,,,,,,,,,,,,,,,,,,,,,,,,,,,,,,,,,,,,,,,,,,,,,,,,,,,,,,,,,,,us_budget_v2_full_workbook_rows,2026-03-24T16:45:36+00:00
Lost,20260324T164535Z_2026.01.22 US Spa Sales Budget 2026 FINAL.xlsx,2,13,,,,,,,,,,,,,,,,,,,,,,,,,,,,,,,,,,,,,,,,,,,,,,,,,,,,,25025,"ARCH Amenity Group, Florida",Southeast,Lisa,,No,,Lost,0,0,,Lose,0,0,0,,,0,0,0,0,0,0,,,,,,,,,,,,,,,,,,,,,,,,,,,,,,,,,,,,,,,,,,,,,,,,,,,,,,,,,,,,,,,,,,,,,,,,,,,,,,,,,,,,,,,,,,,,,,,,,,,,,,,,,,,,,,,,,,,,,,,,,,,,,,,,,,,,,,,,,,,,,,,,,,,us_budget_v2_full_workbook_rows,2026-03-24T16:45:36+00:00
Lost,20260324T164535Z_2026.01.22 US Spa Sales Budget 2026 FINAL.xlsx,2,14,,,,,,,,,,,,,,,,,,,,,,,,,,,,,,,,,,,,,,,,,,,,,,,,,,,,,25028,Jenny Y Yu; MD FACS PLLC,Northeast,Emily,2023,No,,Lost,0,0,,Lose,0,0,0,,,0,2978,0,0,0,0,,,,,,,,,,,,,,,,,,,,,,,,,,,,,,,,,,,,,,,,,,,,,,,,,,,,,,,,,,,,,,,,,,,,,,,,,,,,,,,,,,,,,,,,,,,,,,,,,,,,,,,,,,,,,,,,,,,,,,,,,,,,,,,,,,,,,,,,,,,,,,,,,,,us_budget_v2_full_workbook_rows,2026-03-24T16:45:36+00:00
Lost,20260324T164535Z_2026.01.22 US Spa Sales Budget 2026 FINAL.xlsx,2,15,,,,,,,,,,,,,,,,,,,,,,,,,,,,,,,,,,,,,,,,,,,,,,,,,,,,,25033,Body Works Day Spa; Stewart Manor,Northeast,Emily,2023,No,,Lost,0,0,,Lose,0,0,0,,,0,5424.13,0,0,0,0,,,,,,,,,,,,,,,,,,,,,,,,,,,,,,,,,,,,,,,,,,,,,,,,,,,,,,,,,,,,,,,,,,,,,,,,,,,,,,,,,,,,,,,,,,,,,,,,,,,,,,,,,,,,,,,,,,,,,,,,,,,,,,,,,,,,,,,,,,,,,,,,,,,us_budget_v2_full_workbook_rows,2026-03-24T16:45:36+00:00
Lost,20260324T164535Z_2026.01.22 US Spa Sales Budget 2026 FINAL.xlsx,2,16,,,,,,,,,,,,,,,,,,,,,,,,,,,,,,,,,,,,,,,,,,,,,,,,,,,,,25034,"Live Love Spa; Tustin, CA",Other,Melissa,2023,No,,Lost,0,0,,Lose,0,0,0,,,0,494,0,0,0,0,,,,,,,,,,,,,,,,,,,,,,,,,,,,,,,,,,,,,,,,,,,,,,,,,,,,,,,,,,,,,,,,,,,,,,,,,,,,,,,,,,,,,,,,,,,,,,,,,,,,,,,,,,,,,,,,,,,,,,,,,,,,,,,,,,,,,,,,,,,,,,,,,,,us_budget_v2_full_workbook_rows,2026-03-24T16:45:36+00:00
Lost,20260324T164535Z_2026.01.22 US Spa Sales Budget 2026 FINAL.xlsx,2,17,,,,,,,,,,,,,,,,,,,,,,,,,,,,,,,,,,,,,,,,,,,,,,,,,,,,,25041,Agata Sokolowska; IL,Central,Emily,2023,No,,Lost,0,0,,Lose,0,0,0,,,0,575.16,0,0,0,0,,,,,,,,,,,,,,,,,,,,,,,,,,,,,,,,,,,,,,,,,,,,,,,,,,,,,,,,,,,,,,,,,,,,,,,,,,,,,,,,,,,,,,,,,,,,,,,,,,,,,,,,,,,,,,,,,,,,,,,,,,,,,,,,,,,,,,,,,,,,,,,,,,,us_budget_v2_full_workbook_rows,2026-03-24T16:45:36+00:00
Lost,20260324T164535Z_2026.01.22 US Spa Sales Budget 2026 FINAL.xlsx,2,18,,,,,,,,,,,,,,,,,,,,,,,,,,,,,,,,,,,,,,,,,,,,,,,,,,,,,25057,Waldorf Astoria Spa Chicago,Central,Emily,2024,No,NKD24,Lost,0,0,,Lose,5494,0,10000,-1,-1,0,0,5494,10000,0,0,-1,-1,,,,,,,,,,,,,,,,,,,,,,,,,,,,,,,,,,,,,,,,,,,,,,,,,,,,,,,,,,,,,,,,,,,,,,,,,,,,,,,,,,,,,,,,,,,,,,,,,,,,,,,,,,,,,,,,,,,,,,,,,,,,,,,,,,,,,,,,,,,,,,,,,us_budget_v2_full_workbook_rows,2026-03-24T16:45:36+00:00
Lost,20260324T164535Z_2026.01.22 US Spa Sales Budget 2026 FINAL.xlsx,2,19,,,,,,,,,,,,,,,,,,,,,,,,,,,,,,,,,,,,,,,,,,,,,,,,,,,,,Total Lost Doors,,,,,0,,,0,0,,,5494,0,10000,-1,-1,109625.79000000002,26655.120000000003,5494,10000,0,0,-1,-1,,,,,,,,,,,,,,,,,,,,,,,,,,,,,,,,,,,,,,,,,,,,,,,,,,,,,,,,,,,,,,,,,,,,,,,,,,,,,,,,,,,,,,,,,,,,,,,,,,,,,,,,,,,,,,,,,,,,,,,,,,,,,,,,,,,,,,,,,,,,,,,,,us_budget_v2_full_workbook_rows,2026-03-24T16:45:36+00:00
Performance data,20260324T164535Z_2026.01.22 US Spa Sales Budget 2026 FINAL.xlsx,2,3,,,,,,,,,,,,,,,,,,,,,,,,,,,,,,,,,,,,,,,,,,,,,,,,,,,C,,,West Coast Lifestyles Inc.; CA,West,Amy,2021,Yes,,,,,,,,,,-0.5214037092835992,-0.5086666666666666,5749.650000000001,7017.280000000001,1539.92,1500,,,-0.5214037092835992,-0.5086666666666666,,,,,,,,,737,25000,5749.650000000001,7017.280000000001,1539.92,737.0,-0.8949735510055178,-0.871818284591236,-0.40164831299972437,-802.9200000000001,-6280.280000000001,-5012.650000000001,-763,1500,-0.8949735510055178,-0.871818284591236,-0.40164831299972437,-802.9200000000001,-6280.280000000001,-5012.650000000001,-763,,,,,,,,,,,,,,,,,,,,,,,,,,,,,,,,,,,,,,,,,,,,,,,,,,,,,,,,,,,,,,,,,,,,,,,,,,,,,,,,,,,,,,,,,,,,,,,,,,,,,,,,,,,,,,,,,,,,us_budget_v2_full_workbook_rows,2026-03-24T16:45:36+00:00
Performance data,20260324T164535Z_2026.01.22 US Spa Sales Budget 2026 FINAL.xlsx,2,4,,,,,,,,,,,,,,,,,,,,,,,,,,,,,,,,,,,,,,,,,,,,,,,,,,,A,,,Four Seasons Hotel Philadelphia; PA,Northeast,Emily,2021,Yes,,,,,,,,,,-0.22696389220927515,-0.3490877499999999,32357.190000000002,24745.570000000003,33680.82,40000,,,-0.22696389220927515,-0.3490877499999999,,,,,,,,,26036.49,25001,32357.190000000002,24745.570000000003,33680.82,26036.49,0.05216772133355585,-0.19534143725088615,-0.05288457592275386,-7644.329999999998,1290.9199999999983,-6320.700000000001,-13963.509999999998,40000,0.05216772133355585,-0.19534143725088615,-0.05288457592275386,-7644.329999999998,1290.9199999999983,-6320.700000000001,-13963.509999999998,,,,,,,,,,,,,,,,,,,,,,,,,,,,,,,,,,,,,,,,,,,,,,,,,,,,,,,,,,,,,,,,,,,,,,,,,,,,,,,,,,,,,,,,,,,,,,,,,,,,,,,,,,,,,,,,,,,,us_budget_v2_full_workbook_rows,2026-03-24T16:45:36+00:00
Performance data,20260324T164535Z_2026.01.22 US Spa Sales Budget 2026 FINAL.xlsx,2,5,,,,,,,,,,,,,,,,,,,,,,,,,,,,,,,,,,,,,,,,,,,,,,,,,,,B,,,Porto Vita/Villa Grande Club; Fl,Southeast,Lisa,2021,Yes,,,,,,,,,,0.422616128393017,0.28503349999999994,16004.090000000002,7361.640000000001,18065.78,20000,,,0.422616128393017,0.28503349999999994,,,,,,,,,25700.67,25002,16004.090000000002,7361.640000000001,18065.78,25700.67,2.491160936965132,0.6058813715743909,0.12571477195797787,7634.889999999999,18339.03,9696.579999999996,5700.669999999998,20000,2.491160936965132,0.6058813715743909,0.12571477195797787,7634.889999999999,18339.03,9696.579999999996,5700.669999999998,,,,,,,,,,,,,,,,,,,,,,,,,,,,,,,,,,,,,,,,,,,,,,,,,,,,,,,,,,,,,,,,,,,,,,,,,,,,,,,,,,,,,,,,,,,,,,,,,,,,,,,,,,,,,,,,,,,,us_budget_v2_full_workbook_rows,2026-03-24T16:45:36+00:00
Performance data,20260324T164535Z_2026.01.22 US Spa Sales Budget 2026 FINAL.xlsx,2,6,,,,,,,,,,,,,,,,,,,,,,,,,,,,,,,,,,,,,,,,,,,,,,,,,,,,,,The resort at Longboat Key CLub; Florida,Southeast,Lisa,2021,No,,,,,,,,,,,,1917.25,0,0,0,,,,,,,,,,,,,0,25003,1917.25,0.0,0.0,0.0,,-1,-1,0,0,-1917.25,0,0,,-1,-1,0,0,-1917.25,0,,,,,,,,,,,,,,,,,,,,,,,,,,,,,,,,,,,,,,,,,,,,,,,,,,,,,,,,,,,,,,,,,,,,,,,,,,,,,,,,,,,,,,,,,,,,,,,,,,,,,,,,,,,,,,,,,,,,us_budget_v2_full_workbook_rows,2026-03-24T16:45:36+00:00
Performance data,20260324T164535Z_2026.01.22 US Spa Sales Budget 2026 FINAL.xlsx,2,7,,,,,,,,,,,,,,,,,,,,,,,,,,,,,,,,,,,,,,,,,,,,,,,,,,,B,,,Teton Mountain Lodge,West,Amy,2021,Yes,,,,,,,,,,-0.4496462579550742,-0.49929,5634,7158.0599999999995,10917.56,12000,,,-0.4496462579550742,-0.49929,,,,,,,,,6008.52,25004,5634.0,7158.0599999999995,10917.56,6008.52,-0.1605937921727394,0.066474973375932,0.01621983433874985,-4909.039999999999,-1149.539999999999,374.52000000000044,-5991.48,12000,-0.1605937921727394,0.066474973375932,0.01621983433874985,-4909.039999999999,-1149.539999999999,374.52000000000044,-5991.48,,,,,,,,,,,,,,,,,,,,,,,,,,,,,,,,,,,,,,,,,,,,,,,,,,,,,,,,,,,,,,,,,,,,,,,,,,,,,,,,,,,,,,,,,,,,,,,,,,,,,,,,,,,,,,,,,,,,us_budget_v2_full_workbook_rows,2026-03-24T16:45:36+00:00
Performance data,20260324T164535Z_2026.01.22 US Spa Sales Budget 2026 FINAL.xlsx,2,8,,,,,,,,,,,,,,,,,,,,,,,,,,,,,,,,,,,,,,,,,,,,,,,,,,,,,,"Stars Skincare Med Spa, Florida",Southeast,Lisa,2021,Yes,,,,,,,,,,,,1083,1129.5,0,0,,,,,,,,,,,,,0,25008,1083.0,1129.5,0.0,0.0,-1,-1,-1,0,-1129.5,-1083,0,0,-1,-1,-1,0,-1129.5,-1083,0,,,,,,,,,,,,,,,,,,,,,,,,,,,,,,,,,,,,,,,,,,,,,,,,,,,,,,,,,,,,,,,,,,,,,,,,,,,,,,,,,,,,,,,,,,,,,,,,,,,,,,,,,,,,,,,,,,,,us_budget_v2_full_workbook_rows,2026-03-24T16:45:36+00:00
Performance data,20260324T164535Z_2026.01.22 US Spa Sales Budget 2026 FINAL.xlsx,2,9,,,,,,,,,,,,,,,,,,,,,,,,,,,,,,,,,,,,,,,,,,,,,,,,,,,,,,Glo Rejuvenation; Oregon,West,Amy,2022,No,,,,,,,,,,,,22959.840000000004,9876.65,0,0,,,,,,,,,,,,,0,25009,22959.840000000004,9876.65,0.0,0.0,-1,-1,-1,0,-9876.65,-22959.840000000004,0,0,-1,-1,-1,0,-9876.65,-22959.840000000004,0,,,,,,,,,,,,,,,,,,,,,,,,,,,,,,,,,,,,,,,,,,,,,,,,,,,,,,,,,,,,,,,,,,,,,,,,,,,,,,,,,,,,,,,,,,,,,,,,,,,,,,,,,,,,,,,,,,,,us_budget_v2_full_workbook_rows,2026-03-24T16:45:36+00:00
Performance data,20260324T164535Z_2026.01.22 US Spa Sales Budget 2026 FINAL.xlsx,2,10,,,,,,,,,,,,,,,,,,,,,,,,,,,,,,,,,,,,,,,,,,,,,,,,,,,A,,,"Four Seasons Hotel, Fort Lauderdale; FL",Southeast,Lisa,2022,Yes,,,,,,,,,,-0.17960678719193468,-0.2531744,54627.810000000005,53276.36,45516.32,50000,,,-0.17960678719193468,-0.2531744,,,,,,,,,37341.28,25010,54627.810000000005,53276.36,45516.32,37341.28,-0.29910226599564993,-0.3164419368083766,-0.09072792681570774,-8175.040000000001,-15935.080000000002,-17286.530000000006,-12658.720000000001,50000,-0.29910226599564993,-0.3164419368083766,-0.09072792681570774,-8175.040000000001,-15935.080000000002,-17286.530000000006,-12658.720000000001,,,,,,,,,,,,,,,,,,,,,,,,,,,,,,,,,,,,,,,,,,,,,,,,,,,,,,,,,,,,,,,,,,,,,,,,,,,,,,,,,,,,,,,,,,,,,,,,,,,,,,,,,,,,,,,,,,,,us_budget_v2_full_workbook_rows,2026-03-24T16:45:36+00:00
Performance data,20260324T164535Z_2026.01.22 US Spa Sales Budget 2026 FINAL.xlsx,2,11,,,,,,,,,,,,,,,,,,,,,,,,,,,,,,,,,,,,,,,,,,,,,,,,,,,,,,D&G Global Inc.; Claire Gobler; CA,West,Amy,2022,No,,,,,,,,,,,,25189.2,524.2,0,0,,,,,,,,,,,,,0,25011,25189.2,524.2,0.0,0.0,-1,-1,-1,0,-524.2,-25189.2,0,0,-1,-1,-1,0,-524.2,-25189.2,0,,,,,,,,,,,,,,,,,,,,,,,,,,,,,,,,,,,,,,,,,,,,,,,,,,,,,,,,,,,,,,,,,,,,,,,,,,,,,,,,,,,,,,,,,,,,,,,,,,,,,,,,,,,,,,,,,,,,us_budget_v2_full_workbook_rows,2026-03-24T16:45:36+00:00
Performance data,20260324T164535Z_2026.01.22 US Spa Sales Budget 2026 FINAL.xlsx,2,12,,,,,,,,,,,,,,,,,,,,,,,,,,,,,,,,,,,,,,,,,,,,,,,,,,,A+,,,"Rosewood Sense Spa, CA",West,Amy,2022,Yes,,,,,,,,,,-0.49581277027478776,-0.5613639166666666,127800.66,127251.65999999997,104398.38,120000,,,-0.49581277027478776,-0.5613639166666666,,,,,,,,,52636.33000000001,25012,127800.66,127251.65999999997,104398.38,52636.33000000001,-0.5863603665366721,-0.5881372600110202,-0.19889742795686938,-51762.049999999996,-74615.32999999996,-75164.32999999999,-67363.66999999998,120000,-0.5863603665366721,-0.5881372600110202,-0.19889742795686938,-51762.049999999996,-74615.32999999996,-75164.32999999999,-67363.66999999998,,,,,,,,,,,,,,,,,,,,,,,,,,,,,,,,,,,,,,,,,,,,,,,,,,,,,,,,,,,,,,,,,,,,,,,,,,,,,,,,,,,,,,,,,,,,,,,,,,,,,,,,,,,,,,,,,,,,us_budget_v2_full_workbook_rows,2026-03-24T16:45:36+00:00
Performance data,20260324T164535Z_2026.01.22 US Spa Sales Budget 2026 FINAL.xlsx,2,13,,,,,,,,,,,,,,,,,,,,,,,,,,,,,,,,,,,,,,,,,,,,,,,,,,,,,,Gurney ´s Inn Resort & Spa LLC; NY,Central,Emily,2022,No,,,,,,,,,,,,28353.3,0,0,0,,,,,,,,,,,,,0,25013,28353.3,0.0,0.0,0.0,,-1,-1,0,0,-28353.3,0,0,,-1,-1,0,0,-28353.3,0,,,,,,,,,,,,,,,,,,,,,,,,,,,,,,,,,,,,,,,,,,,,,,,,,,,,,,,,,,,,,,,,,,,,,,,,,,,,,,,,,,,,,,,,,,,,,,,,,,,,,,,,,,,,,,,,,,,,us_budget_v2_full_workbook_rows,2026-03-24T16:45:36+00:00
Performance data,20260324T164535Z_2026.01.22 US Spa Sales Budget 2026 FINAL.xlsx,2,14,,,,,,,,,,,,,,,,,,,,,,,,,,,,,,,,,,,,,,,,,,,,,,,,,,,C,,,Gateway Canyon Resort & Spa; CO,West,Amy,2022,Yes,,,,,,,,,,-0.4208705636435899,-0.47544,9631.1,6958.4800000000005,2717.3199999999997,3000,,,-0.4208705636435899,-0.47544,,,,,,,,,1573.68,25015,9631.1,6958.4800000000005,2717.3199999999997,1573.68,-0.7738471620238903,-0.836604333876712,-0.3642152110150668,-1143.6399999999996,-5384.8,-8057.42,-1426.32,3000,-0.7738471620238903,-0.836604333876712,-0.3642152110150668,-1143.6399999999996,-5384.8,-8057.42,-1426.32,,,,,,,,,,,,,,,,,,,,,,,,,,,,,,,,,,,,,,,,,,,,,,,,,,,,,,,,,,,,,,,,,,,,,,,,,,,,,,,,,,,,,,,,,,,,,,,,,,,,,,,,,,,,,,,,,,,,us_budget_v2_full_workbook_rows,2026-03-24T16:45:36+00:00
Performance data,20260324T164535Z_2026.01.22 US Spa Sales Budget 2026 FINAL.xlsx,2,15,,,,,,,,,,,,,,,,,,,,,,,,,,,,,,,,,,,,,,,,,,,,,,,,,,,B,,,"Williams Island POA, Inc.Florida",Southeast,Lisa,2022,Yes,,,,,,,,,,-0.7049474556316225,-0.718065,11106.15,7571.13,11466.5,12000,,,-0.7049474556316225,-0.718065,,,,,,,,,3383.2200000000003,25016,11106.15,7571.13,11466.5,3383.2200000000003,-0.5531420012600496,-0.695374184573412,-0.257080639573497,-8083.28,-4187.91,-7722.929999999999,-8616.779999999999,12000,-0.5531420012600496,-0.695374184573412,-0.257080639573497,-8083.28,-4187.91,-7722.929999999999,-8616.779999999999,,,,,,,,,,,,,,,,,,,,,,,,,,,,,,,,,,,,,,,,,,,,,,,,,,,,,,,,,,,,,,,,,,,,,,,,,,,,,,,,,,,,,,,,,,,,,,,,,,,,,,,,,,,,,,,,,,,,us_budget_v2_full_workbook_rows,2026-03-24T16:45:36+00:00
Performance data,20260324T164535Z_2026.01.22 US Spa Sales Budget 2026 FINAL.xlsx,2,16,,,,,,,,,,,,,,,,,,,,,,,,,,,,,,,,,,,,,,,,,,,,,,,,,,,,,,Iridescent LLC; Big-Bang; Miiami; Paula,Southeast,Lisa,2022,No,,,,,,,,,,,,8694,0,0,0,,,,,,,,,,,,,0,25018,8694.0,0.0,0.0,0.0,,-1,-1,0,0,-8694,0,0,,-1,-1,0,0,-8694,0,,,,,,,,,,,,,,,,,,,,,,,,,,,,,,,,,,,,,,,,,,,,,,,,,,,,,,,,,,,,,,,,,,,,,,,,,,,,,,,,,,,,,,,,,,,,,,,,,,,,,,,,,,,,,,,,,,,,us_budget_v2_full_workbook_rows,2026-03-24T16:45:36+00:00
Performance data,20260324T164535Z_2026.01.22 US Spa Sales Budget 2026 FINAL.xlsx,2,17,,,,,,,,,,,,,,,,,,,,,,,,,,,,,,,,,,,,,,,,,,,,,,,,,,,,,,Banyan Cay Res.; W Palm Beach; Melissa,Southeast,Lisa,2022,No,,,,,,,,,,,,3203.8,0,0,0,,,,,,,,,,,,,0,25019,3203.8,0.0,0.0,0.0,,-1,-1,0,0,-3203.8,0,0,,-1,-1,0,0,-3203.8,0,,,,,,,,,,,,,,,,,,,,,,,,,,,,,,,,,,,,,,,,,,,,,,,,,,,,,,,,,,,,,,,,,,,,,,,,,,,,,,,,,,,,,,,,,,,,,,,,,,,,,,,,,,,,,,,,,,,,us_budget_v2_full_workbook_rows,2026-03-24T16:45:36+00:00
Performance data,20260324T164535Z_2026.01.22 US Spa Sales Budget 2026 FINAL.xlsx,2,18,,,,,,,,,,,,,,,,,,,,,,,,,,,,,,,,,,,,,,,,,,,,,,,,,,,,,,Faena Hotel Miami Beach; FL,Southeast,Lisa,2022,No,,,,,,,,,,,,7514.3,0,0,0,,,,,,,,,,,,,0,25020,7514.3,0.0,0.0,0.0,,-1,-1,0,0,-7514.3,0,0,,-1,-1,0,0,-7514.3,0,,,,,,,,,,,,,,,,,,,,,,,,,,,,,,,,,,,,,,,,,,,,,,,,,,,,,,,,,,,,,,,,,,,,,,,,,,,,,,,,,,,,,,,,,,,,,,,,,,,,,,,,,,,,,,,,,,,,us_budget_v2_full_workbook_rows,2026-03-24T16:45:36+00:00
Performance data,20260324T164535Z_2026.01.22 US Spa Sales Budget 2026 FINAL.xlsx,2,19,,,,,,,,,,,,,,,,,,,,,,,,,,,,,,,,,,,,,,,,,,,,,,,,,,,,,,TALISKER CLUB; Holly Arndt,Central,Amy,,No,,,,,,,,,,,,0,0,0,0,,,,,,,,,,,,,0,25021,0.0,0.0,0.0,0.0,,,0,0,0,0,0,0,,,0,0,0,0,0,,,,,,,,,,,,,,,,,,,,,,,,,,,,,,,,,,,,,,,,,,,,,,,,,,,,,,,,,,,,,,,,,,,,,,,,,,,,,,,,,,,,,,,,,,,,,,,,,,,,,,,,,,,,,,,,,,,,us_budget_v2_full_workbook_rows,2026-03-24T16:45:36+00:00
Performance data,20260324T164535Z_2026.01.22 US Spa Sales Budget 2026 FINAL.xlsx,2,20,,,,,,,,,,,,,,,,,,,,,,,,,,,,,,,,,,,,,,,,,,,,,,,,,,,,,,Beating Hearts; Dallas; Lori Feste,Central,Amy,2022,No,,,,,,,,,,,,2997.3,0,0,0,,,,,,,,,,,,,0,25022,2997.3,0.0,0.0,0.0,,-1,-1,0,0,-2997.3,0,0,,-1,-1,0,0,-2997.3,0,,,,,,,,,,,,,,,,,,,,,,,,,,,,,,,,,,,,,,,,,,,,,,,,,,,,,,,,,,,,,,,,,,,,,,,,,,,,,,,,,,,,,,,,,,,,,,,,,,,,,,,,,,,,,,,,,,,,us_budget_v2_full_workbook_rows,2026-03-24T16:45:36+00:00
Performance data,20260324T164535Z_2026.01.22 US Spa Sales Budget 2026 FINAL.xlsx,2,21,,,,,,,,,,,,,,,,,,,,,,,,,,,,,,,,,,,,,,,,,,,,,,,,,,,,,,HLP Hotels LLC DBA Lost Pines; Texas,Central,Amy,2022,No,,,,,,,,,,,,8796.8,6782.98,0,0,,,,,,,,,,,,,0,25023,8796.8,6782.98,0.0,0.0,-1,-1,-1,0,-6782.98,-8796.8,0,0,-1,-1,-1,0,-6782.98,-8796.8,0,,,,,,,,,,,,,,,,,,,,,,,,,,,,,,,,,,,,,,,,,,,,,,,,,,,,,,,,,,,,,,,,,,,,,,,,,,,,,,,,,,,,,,,,,,,,,,,,,,,,,,,,,,,,,,,,,,,,us_budget_v2_full_workbook_rows,2026-03-24T16:45:36+00:00
Performance data,20260324T164535Z_2026.01.22 US Spa Sales Budget 2026 FINAL.xlsx,2,22,,,,,,,,,,,,,,,,,,,,,,,,,,,,,,,,,,,,,,,,,,,,,,,,,,,,,,"Mt. Bailey Holdings, LLC; Four Seasons Hotel Atlanta",Southeast,Lisa,2022,Yes,,,,,,,,,,,,7009.6,2544.2400000000002,0,0,,,,,,,,,,,,,0,25024,7009.6,2544.2400000000002,0.0,0.0,-1,-1,-1,0,-2544.2400000000002,-7009.6,0,0,-1,-1,-1,0,-2544.2400000000002,-7009.6,0,,,,,,,,,,,,,,,,,,,,,,,,,,,,,,,,,,,,,,,,,,,,,,,,,,,,,,,,,,,,,,,,,,,,,,,,,,,,,,,,,,,,,,,,,,,,,,,,,,,,,,,,,,,,,,,,,,,,us_budget_v2_full_workbook_rows,2026-03-24T16:45:36+00:00
Performance data,20260324T164535Z_2026.01.22 US Spa Sales Budget 2026 FINAL.xlsx,2,23,,,,,,,,,,,,,,,,,,,,,,,,,,,,,,,,,,,,,,,,,,,,,,,,,,,,,,"ARCH Amenity Group, Florida",Southeast,Lisa,,No,,,,,,,,,,,,0,0,0,0,,,,,,,,,,,,,0,25025,0.0,0.0,0.0,0.0,,,0,0,0,0,0,0,,,0,0,0,0,0,,,,,,,,,,,,,,,,,,,,,,,,,,,,,,,,,,,,,,,,,,,,,,,,,,,,,,,,,,,,,,,,,,,,,,,,,,,,,,,,,,,,,,,,,,,,,,,,,,,,,,,,,,,,,,,,,,,,us_budget_v2_full_workbook_rows,2026-03-24T16:45:36+00:00
Performance data,20260324T164535Z_2026.01.22 US Spa Sales Budget 2026 FINAL.xlsx,2,24,,,,,,,,,,,,,,,,,,,,,,,,,,,,,,,,,,,,,,,,,,,,,,,,,,,C,,,JW Marriott Miami Turnberry,Southeast,Lisa,2023,Yes,,,,,,,,,,0.20480657415303516,-0.22296000000000005,0,10735.11,3224.75,5000,,,0.20480657415303516,-0.22296000000000005,,,,,,,,,3885.2,25026,0.0,10735.11,3224.75,3885.2,-0.638084751809716,,,660.4499999999998,-6849.910000000001,3885.2,-1114.8000000000002,5000,-0.638084751809716,,,660.4499999999998,-6849.910000000001,3885.2,-1114.8000000000002,,,,,,,,,,,,,,,,,,,,,,,,,,,,,,,,,,,,,,,,,,,,,,,,,,,,,,,,,,,,,,,,,,,,,,,,,,,,,,,,,,,,,,,,,,,,,,,,,,,,,,,,,,,,,,,,,,,,us_budget_v2_full_workbook_rows,2026-03-24T16:45:36+00:00
Performance data,20260324T164535Z_2026.01.22 US Spa Sales Budget 2026 FINAL.xlsx,2,25,,,,,,,,,,,,,,,,,,,,,,,,,,,,,,,,,,,,,,,,,,,,,,,,,,,A+,,,San Manuel Entert.; Yaamava Resort; Highland,West,Amy,2022,Yes,,,,,,,,,,0.09700025229351406,-0.010521130434782644,19362.58,57225.3,103728.38999999998,115000,,,0.09700025229351406,-0.010521130434782644,,,,,,,,,113790.06999999999,25027,19362.58,57225.3,103728.38999999998,113790.06999999999,0.9884573781177204,4.8768030913235725,0.5569880698046126,10061.680000000008,56564.76999999999,94427.48999999999,-1209.9300000000076,115000,0.9884573781177204,4.8768030913235725,0.5569880698046126,10061.680000000008,56564.76999999999,94427.48999999999,-1209.9300000000076,,,,,,,,,,,,,,,,,,,,,,,,,,,,,,,,,,,,,,,,,,,,,,,,,,,,,,,,,,,,,,,,,,,,,,,,,,,,,,,,,,,,,,,,,,,,,,,,,,,,,,,,,,,,,,,,,,,,us_budget_v2_full_workbook_rows,2026-03-24T16:45:36+00:00
Performance data,20260324T164535Z_2026.01.22 US Spa Sales Budget 2026 FINAL.xlsx,2,26,,,,,,,,,,,,,,,,,,,,,,,,,,,,,,,,,,,,,,,,,,,,,,,,,,,,,,Jenny Y Yu; MD FACS PLLC,Northeast,Emily,2023,No,,,,,,,,,,,,0,2978,0,0,,,,,,,,,,,,,0,25028,0.0,2978.0,0.0,0.0,-1,,0,0,-2978,0,0,0,-1,,0,0,-2978,0,0,,,,,,,,,,,,,,,,,,,,,,,,,,,,,,,,,,,,,,,,,,,,,,,,,,,,,,,,,,,,,,,,,,,,,,,,,,,,,,,,,,,,,,,,,,,,,,,,,,,,,,,,,,,,,,,,,,,,us_budget_v2_full_workbook_rows,2026-03-24T16:45:36+00:00
Performance data,20260324T164535Z_2026.01.22 US Spa Sales Budget 2026 FINAL.xlsx,2,27,,,,,,,,,,,,,,,,,,,,,,,,,,,,,,,,,,,,,,,,,,,,,,,,,,,C,,,Ana Molinari Inc.; FL,Southeast,Lisa,2023,Yes,,,,,,,,,,-0.365189326384011,-0.39222749999999995,0,3872.89,7659.260000000001,8000,,,-0.365189326384011,-0.39222749999999995,,,,,,,,,4862.18,25029,0.0,3872.89,7659.260000000001,4862.18,0.2554397362176566,,,-2797.080000000001,989.2900000000004,4862.18,-3137.8199999999997,8000,0.2554397362176566,,,-2797.080000000001,989.2900000000004,4862.18,-3137.8199999999997,,,,,,,,,,,,,,,,,,,,,,,,,,,,,,,,,,,,,,,,,,,,,,,,,,,,,,,,,,,,,,,,,,,,,,,,,,,,,,,,,,,,,,,,,,,,,,,,,,,,,,,,,,,,,,,,,,,,us_budget_v2_full_workbook_rows,2026-03-24T16:45:36+00:00
Performance data,20260324T164535Z_2026.01.22 US Spa Sales Budget 2026 FINAL.xlsx,2,28,,,,,,,,,,,,,,,,,,,,,,,,,,,,,,,,,,,,,,,,,,,,,,,,,,,A+,,,Four Seasons Hotel Las Vegas,West,Amy,2023,Yes,,,,,,,,,,-0.11353658371096709,-0.1923467272727274,0,38782.75,50110.27999999999,55000,,,-0.11353658371096709,-0.1923467272727274,,,,,,,,,44420.92999999999,25032,0.0,38782.75,50110.27999999999,44420.92999999999,0.1453785510310639,,,-5689.3499999999985,5638.179999999993,44420.92999999999,-10579.070000000007,55000,0.1453785510310639,,,-5689.3499999999985,5638.179999999993,44420.92999999999,-10579.070000000007,,,,,,,,,,,,,,,,,,,,,,,,,,,,,,,,,,,,,,,,,,,,,,,,,,,,,,,,,,,,,,,,,,,,,,,,,,,,,,,,,,,,,,,,,,,,,,,,,,,,,,,,,,,,,,,,,,,,us_budget_v2_full_workbook_rows,2026-03-24T16:45:36+00:00
Performance data,20260324T164535Z_2026.01.22 US Spa Sales Budget 2026 FINAL.xlsx,2,29,,,,,,,,,,,,,,,,,,,,,,,,,,,,,,,,,,,,,,,,,,,,,,,,,,,,,,Body Works Day Spa; Stewart Manor,Northeast,Emily,2023,No,,,,,,,,,,,,0,5424.13,0,0,,,,,,,,,,,,,0,25033,0.0,5424.13,0.0,0.0,-1,,0,0,-5424.13,0,0,0,-1,,0,0,-5424.13,0,0,,,,,,,,,,,,,,,,,,,,,,,,,,,,,,,,,,,,,,,,,,,,,,,,,,,,,,,,,,,,,,,,,,,,,,,,,,,,,,,,,,,,,,,,,,,,,,,,,,,,,,,,,,,,,,,,,,,,us_budget_v2_full_workbook_rows,2026-03-24T16:45:36+00:00
Performance data,20260324T164535Z_2026.01.22 US Spa Sales Budget 2026 FINAL.xlsx,2,30,,,,,,,,,,,,,,,,,,,,,,,,,,,,,,,,,,,,,,,,,,,,,,,,,,,,,,"Live Love Spa; Tustin, CA",Other,Melissa,2023,No,,,,,,,,,,,,0,494,0,0,,,,,,,,,,,,,0,25034,0.0,494.0,0.0,0.0,-1,,0,0,-494,0,0,0,-1,,0,0,-494,0,0,,,,,,,,,,,,,,,,,,,,,,,,,,,,,,,,,,,,,,,,,,,,,,,,,,,,,,,,,,,,,,,,,,,,,,,,,,,,,,,,,,,,,,,,,,,,,,,,,,,,,,,,,,,,,,,,,,,,us_budget_v2_full_workbook_rows,2026-03-24T16:45:36+00:00
Performance data,20260324T164535Z_2026.01.22 US Spa Sales Budget 2026 FINAL.xlsx,2,31,,,,,,,,,,,,,,,,,,,,,,,,,,,,,,,,,,,,,,,,,,,,,,,,,,,B,,,Rosewood Little Dix Bay; Helen Lugo,Other,Melissa,2023,Yes,,,,,,,,,,-1,-1,0,22651.159999999996,13723.61,15000,,,-1,-1,,,,,,,,,0,25035,0.0,22651.159999999996,13723.61,0.0,-1,,0,-13723.61,-22651.159999999996,0,-15000,15000,-1,,0,-13723.61,-22651.159999999996,0,-15000,,,,,,,,,,,,,,,,,,,,,,,,,,,,,,,,,,,,,,,,,,,,,,,,,,,,,,,,,,,,,,,,,,,,,,,,,,,,,,,,,,,,,,,,,,,,,,,,,,,,,,,,,,,,,,,,,,,,us_budget_v2_full_workbook_rows,2026-03-24T16:45:36+00:00
Performance data,20260324T164535Z_2026.01.22 US Spa Sales Budget 2026 FINAL.xlsx,2,32,,,,,,,,,,,,,,,,,,,,,,,,,,,,,,,,,,,,,,,,,,,,,,,,,,,C,,,MacArthur Place; LÁuberge de Sonoma LLC; CA,West,Amy,2023,Yes,,,,,,,,,,-0.7224526845324443,-0.869132,0,5919.87,2357.58,5000,,,-0.7224526845324443,-0.869132,,,,,,,,,654.34,25036,0.0,5919.87,2357.58,654.34,-0.8894671673533372,,,-1703.2399999999998,-5265.53,654.34,-4345.66,5000,-0.8894671673533372,,,-1703.2399999999998,-5265.53,654.34,-4345.66,,,,,,,,,,,,,,,,,,,,,,,,,,,,,,,,,,,,,,,,,,,,,,,,,,,,,,,,,,,,,,,,,,,,,,,,,,,,,,,,,,,,,,,,,,,,,,,,,,,,,,,,,,,,,,,,,,,,us_budget_v2_full_workbook_rows,2026-03-24T16:45:36+00:00
Performance data,20260324T164535Z_2026.01.22 US Spa Sales Budget 2026 FINAL.xlsx,2,33,,,,,,,,,,,,,,,,,,,,,,,,,,,,,,,,,,,,,,,,,,,,,,,,,,,B,,,Equinox Holdings Inc; Boston,Northeast,Emily,2023,Yes,,,,,,,,,,-0.633967731993412,-0.6719175000000001,0,20827.14,14341.14,16000,,,-0.633967731993412,-0.6719175000000001,,,,,,,,,5249.319999999999,25037,0.0,20827.14,14341.14,5249.319999999999,-0.7479577128688817,,,-9091.82,-15577.82,5249.319999999999,-10750.68,16000,-0.7479577128688817,,,-9091.82,-15577.82,5249.319999999999,-10750.68,,,,,,,,,,,,,,,,,,,,,,,,,,,,,,,,,,,,,,,,,,,,,,,,,,,,,,,,,,,,,,,,,,,,,,,,,,,,,,,,,,,,,,,,,,,,,,,,,,,,,,,,,,,,,,,,,,,,us_budget_v2_full_workbook_rows,2026-03-24T16:45:36+00:00
Performance data,20260324T164535Z_2026.01.22 US Spa Sales Budget 2026 FINAL.xlsx,2,34,,,,,,,,,,,,,,,,,,,,,,,,,,,,,,,,,,,,,,,,,,,,,,,,,,,A,,,"Lemon & Honey Day Spa; Orange, CA",West,Amy,2023,Yes,,,,,,,,,,-0.5283295760114626,-0.4824149999999999,0,5204.37,28530.96,26000,,,-0.5283295760114626,-0.4824149999999999,,,,,,,,,13457.210000000001,25038,0.0,5204.37,28530.96,13457.210000000001,1.5857519738219996,,,-15073.749999999998,8252.84,13457.210000000001,-12542.789999999999,26000,1.5857519738219996,,,-15073.749999999998,8252.84,13457.210000000001,-12542.789999999999,,,,,,,,,,,,,,,,,,,,,,,,,,,,,,,,,,,,,,,,,,,,,,,,,,,,,,,,,,,,,,,,,,,,,,,,,,,,,,,,,,,,,,,,,,,,,,,,,,,,,,,,,,,,,,,,,,,,us_budget_v2_full_workbook_rows,2026-03-24T16:45:36+00:00
Performance data,20260324T164535Z_2026.01.22 US Spa Sales Budget 2026 FINAL.xlsx,2,35,,,,,,,,,,,,,,,,,,,,,,,,,,,,,,,,,,,,,,,,,,,,,,,,,,,NKD24,,,Four Seasons Hotel Austin; DTRS Austin LLC,Central,Emily,2024,Yes,,,,,,,,,,-0.8830296532147943,-0.865405,0,0,18410.82,16000,,,-0.8830296532147943,-0.865405,,,,,,,,,2153.52,25039,0.0,0.0,18410.82,2153.52,,,,-16257.3,2153.52,2153.52,-13846.48,16000,,,,-16257.3,2153.52,2153.52,-13846.48,,,,,,,,,,,,,,,,,,,,,,,,,,,,,,,,,,,,,,,,,,,,,,,,,,,,,,,,,,,,,,,,,,,,,,,,,,,,,,,,,,,,,,,,,,,,,,,,,,,,,,,,,,,,,,,,,,,,us_budget_v2_full_workbook_rows,2026-03-24T16:45:36+00:00
Performance data,20260324T164535Z_2026.01.22 US Spa Sales Budget 2026 FINAL.xlsx,2,36,,,,,,,,,,,,,,,,,,,,,,,,,,,,,,,,,,,,,,,,,,,,,,,,,,,C,,,AMG Investments LLC; Fl,Southeast,Lisa,2023,Yes,,,,,,,,,,0.26787682622159115,0.1761237499999999,0,6216.36,7421.0599999999995,8000,,,0.26787682622159115,0.1761237499999999,,,,,,,,,9408.99,25040,0.0,6216.36,7421.0599999999995,9408.99,0.5135851205528639,,,1987.9300000000003,3192.63,9408.99,1408.9899999999998,8000,0.5135851205528639,,,1987.9300000000003,3192.63,9408.99,1408.9899999999998,,,,,,,,,,,,,,,,,,,,,,,,,,,,,,,,,,,,,,,,,,,,,,,,,,,,,,,,,,,,,,,,,,,,,,,,,,,,,,,,,,,,,,,,,,,,,,,,,,,,,,,,,,,,,,,,,,,,us_budget_v2_full_workbook_rows,2026-03-24T16:45:36+00:00
Performance data,20260324T164535Z_2026.01.22 US Spa Sales Budget 2026 FINAL.xlsx,2,37,,,,,,,,,,,,,,,,,,,,,,,,,,,,,,,,,,,,,,,,,,,,,,,,,,,,,,Agata Sokolowska; IL,Central,Emily,2023,No,,,,,,,,,,,,0,575.16,0,0,,,,,,,,,,,,,0,25041,0.0,575.16,0.0,0.0,-1,,0,0,-575.16,0,0,0,-1,,0,0,-575.16,0,0,,,,,,,,,,,,,,,,,,,,,,,,,,,,,,,,,,,,,,,,,,,,,,,,,,,,,,,,,,,,,,,,,,,,,,,,,,,,,,,,,,,,,,,,,,,,,,,,,,,,,,,,,,,,,,,,,,,,us_budget_v2_full_workbook_rows,2026-03-24T16:45:36+00:00
Performance data,20260324T164535Z_2026.01.22 US Spa Sales Budget 2026 FINAL.xlsx,2,38,,,,,,,,,,,,,,,,,,,,,,,,,,,,,,,,,,,,,,,,,,,,,,,,,,,A,,,Eau Spa Palm Beach; Fl,Southeast,Lisa,2023,Yes,,,,,,,,,,0.37043741220633075,0.26419479999999984,0,24324,46123.77,50000,,,0.37043741220633075,0.26419479999999984,,,,,,,,,63209.73999999999,25042,0.0,24324.0,46123.77,63209.73999999999,1.5986572932083534,,,17085.969999999994,38885.73999999999,63209.73999999999,13209.73999999999,50000,1.5986572932083534,,,17085.969999999994,38885.73999999999,63209.73999999999,13209.73999999999,,,,,,,,,,,,,,,,,,,,,,,,,,,,,,,,,,,,,,,,,,,,,,,,,,,,,,,,,,,,,,,,,,,,,,,,,,,,,,,,,,,,,,,,,,,,,,,,,,,,,,,,,,,,,,,,,,,,us_budget_v2_full_workbook_rows,2026-03-24T16:45:36+00:00
Performance data,20260324T164535Z_2026.01.22 US Spa Sales Budget 2026 FINAL.xlsx,2,39,,,,,,,,,,,,,,,,,,,,,,,,,,,,,,,,,,,,,,,,,,,,,,,,,,,C,,,"Jupiter Island Holdings, Inc.; Fl",Southeast,Lisa,2023,Yes,,,,,,,,,,0.24657064471879298,0.21166666666666667,0,1212,2916,3000,,,0.24657064471879298,0.21166666666666667,,,,,,,,,3635,25043,0.0,1212.0,2916.0,3635.0,1.9991749174917492,,,719,2423,3635,635,3000,1.9991749174917492,,,719,2423,3635,635,,,,,,,,,,,,,,,,,,,,,,,,,,,,,,,,,,,,,,,,,,,,,,,,,,,,,,,,,,,,,,,,,,,,,,,,,,,,,,,,,,,,,,,,,,,,,,,,,,,,,,,,,,,,,,,,,,,,us_budget_v2_full_workbook_rows,2026-03-24T16:45:36+00:00
Performance data,20260324T164535Z_2026.01.22 US Spa Sales Budget 2026 FINAL.xlsx,2,40,,,,,,,,,,,,,,,,,,,,,,,,,,,,,,,,,,,,,,,,,,,,,,,,,,,NKD24,,,The Elms Hotel and Spa; Missouri,Central,Emily,2024,Yes,,,,,,,,,,0.14412859405210598,0.07011400000000001,0,0,23382.73,25000,,,0.14412859405210598,0.07011400000000001,,,,,,,,,26752.850000000002,25044,0.0,0.0,23382.73,26752.850000000002,,,,3370.1200000000026,26752.850000000002,26752.850000000002,1752.8500000000022,25000,,,,3370.1200000000026,26752.850000000002,26752.850000000002,1752.8500000000022,,,,,,,,,,,,,,,,,,,,,,,,,,,,,,,,,,,,,,,,,,,,,,,,,,,,,,,,,,,,,,,,,,,,,,,,,,,,,,,,,,,,,,,,,,,,,,,,,,,,,,,,,,,,,,,,,,,,us_budget_v2_full_workbook_rows,2026-03-24T16:45:36+00:00
Performance data,20260324T164535Z_2026.01.22 US Spa Sales Budget 2026 FINAL.xlsx,2,41,,,,,,,,,,,,,,,,,,,,,,,,,,,,,,,,,,,,,,,,,,,,,,,,,,,NKD24,,,dba Haven Spa,Northeast,Emily,2024,Yes,,,,,,,,,,-0.7846148851338662,-0.7664792,0,0,27105.03,25000,,,-0.7846148851338662,-0.7664792,,,,,,,,,5838.02,25045,0.0,0.0,27105.03,5838.02,,,,-21267.01,5838.02,5838.02,-19161.98,25000,,,,-21267.01,5838.02,5838.02,-19161.98,,,,,,,,,,,,,,,,,,,,,,,,,,,,,,,,,,,,,,,,,,,,,,,,,,,,,,,,,,,,,,,,,,,,,,,,,,,,,,,,,,,,,,,,,,,,,,,,,,,,,,,,,,,,,,,,,,,,us_budget_v2_full_workbook_rows,2026-03-24T16:45:36+00:00
Performance data,20260324T164535Z_2026.01.22 US Spa Sales Budget 2026 FINAL.xlsx,2,42,,,,,,,,,,,,,,,,,,,,,,,,,,,,,,,,,,,,,,,,,,,,,,,,,,,NKD24,,,"Beverly Wilshire,Four Seasons Hotel, CA",West,Amy,2024,Yes,,,,,,,,,,-0.892544029739118,-0.903019375,0,0,14440.24,16000,,,-0.892544029739118,-0.903019375,,,,,,,,,1551.69,25046,0.0,0.0,14440.24,1551.69,,,,-12888.55,1551.69,1551.69,-14448.31,16000,,,,-12888.55,1551.69,1551.69,-14448.31,,,,,,,,,,,,,,,,,,,,,,,,,,,,,,,,,,,,,,,,,,,,,,,,,,,,,,,,,,,,,,,,,,,,,,,,,,,,,,,,,,,,,,,,,,,,,,,,,,,,,,,,,,,,,,,,,,,,us_budget_v2_full_workbook_rows,2026-03-24T16:45:36+00:00
Performance data,20260324T164535Z_2026.01.22 US Spa Sales Budget 2026 FINAL.xlsx,2,43,,,,,,,,,,,,,,,,,,,,,,,,,,,,,,,,,,,,,,,,,,,,,,,,,,,NKD24,,,"Four Seasons Resort Orlando,FL",Southeast,Lisa,2024,Yes,,,,,,,,,,-0.21795113745538597,-0.35078422222222216,0,0,37356.63,45000,,,-0.21795113745538597,-0.35078422222222216,,,,,,,,,29214.710000000003,25047,0.0,0.0,37356.63,29214.710000000003,,,,-8141.919999999995,29214.710000000003,29214.710000000003,-15785.289999999997,45000,,,,-8141.919999999995,29214.710000000003,29214.710000000003,-15785.289999999997,,,,,,,,,,,,,,,,,,,,,,,,,,,,,,,,,,,,,,,,,,,,,,,,,,,,,,,,,,,,,,,,,,,,,,,,,,,,,,,,,,,,,,,,,,,,,,,,,,,,,,,,,,,,,,,,,,,,us_budget_v2_full_workbook_rows,2026-03-24T16:45:36+00:00
Performance data,20260324T164535Z_2026.01.22 US Spa Sales Budget 2026 FINAL.xlsx,2,44,,,,,,,,,,,,,,,,,,,,,,,,,,,,,,,,,,,,,,,,,,,,,,,,,,,NKD24,,,Four Seasons Baltimore; MD,Northeast,Emily,2024,Yes,,,,,,,,,,-0.09538382045637461,-0.20827388888888876,0,0,15753.72,18000,,,-0.09538382045637461,-0.20827388888888876,,,,,,,,,14251.070000000002,25049,0.0,0.0,15753.72,14251.070000000002,,,,-1502.6499999999978,14251.070000000002,14251.070000000002,-3748.9299999999985,18000,,,,-1502.6499999999978,14251.070000000002,14251.070000000002,-3748.9299999999985,,,,,,,,,,,,,,,,,,,,,,,,,,,,,,,,,,,,,,,,,,,,,,,,,,,,,,,,,,,,,,,,,,,,,,,,,,,,,,,,,,,,,,,,,,,,,,,,,,,,,,,,,,,,,,,,,,,,us_budget_v2_full_workbook_rows,2026-03-24T16:45:36+00:00
Performance data,20260324T164535Z_2026.01.22 US Spa Sales Budget 2026 FINAL.xlsx,2,45,,,,,,,,,,,,,,,,,,,,,,,,,,,,,,,,,,,,,,,,,,,,,,,,,,,NKD24,,,"Mokara Hotel & Spa, Omni Hotels Management Corp.",Central,Emily,2024,Yes,,,,,,,,,,-0.5535316943113282,-0.5495425,0,0,16142.96,16000,,,-0.5535316943113282,-0.5495425,,,,,,,,,7207.32,25050,0.0,0.0,16142.96,7207.32,,,,-8935.64,7207.32,7207.32,-8792.68,16000,,,,-8935.64,7207.32,7207.32,-8792.68,,,,,,,,,,,,,,,,,,,,,,,,,,,,,,,,,,,,,,,,,,,,,,,,,,,,,,,,,,,,,,,,,,,,,,,,,,,,,,,,,,,,,,,,,,,,,,,,,,,,,,,,,,,,,,,,,,,,us_budget_v2_full_workbook_rows,2026-03-24T16:45:36+00:00
Performance data,20260324T164535Z_2026.01.22 US Spa Sales Budget 2026 FINAL.xlsx,2,46,,,,,,,,,,,,,,,,,,,,,,,,,,,,,,,,,,,,,,,,,,,,,,,,,,,NKD24,,,Rosewood Miramar Beach; CA,West,Amy,2024,Yes,,,,,,,,,,-1,-1,0,0,5734,5000,,,-1,-1,,,,,,,,,0,25052,0.0,0.0,5734.0,0.0,,,0,-5734,0,0,-5000,5000,,,0,-5734,0,0,-5000,,,,,,,,,,,,,,,,,,,,,,,,,,,,,,,,,,,,,,,,,,,,,,,,,,,,,,,,,,,,,,,,,,,,,,,,,,,,,,,,,,,,,,,,,,,,,,,,,,,,,,,,,,,,,,,,,,,,us_budget_v2_full_workbook_rows,2026-03-24T16:45:36+00:00
Performance data,20260324T164535Z_2026.01.22 US Spa Sales Budget 2026 FINAL.xlsx,2,47,,,,,,,,,,,,,,,,,,,,,,,,,,,,,,,,,,,,,,,,,,,,,,,,,,,NKD24,,,"Bonnie Frances Skin;Phoenix, AZ",West,Amy,2024,Yes,,,,,,,,,,-0.8526581361410609,-0.8461133333333334,0,0,12533.029999999999,12000,,,-0.8526581361410609,-0.8461133333333334,,,,,,,,,1846.6399999999999,25053,0.0,0.0,12533.029999999999,1846.6399999999999,,,,-10686.39,1846.6399999999999,1846.6399999999999,-10153.36,12000,,,,-10686.39,1846.6399999999999,1846.6399999999999,-10153.36,,,,,,,,,,,,,,,,,,,,,,,,,,,,,,,,,,,,,,,,,,,,,,,,,,,,,,,,,,,,,,,,,,,,,,,,,,,,,,,,,,,,,,,,,,,,,,,,,,,,,,,,,,,,,,,,,,,,us_budget_v2_full_workbook_rows,2026-03-24T16:45:36+00:00
Performance data,20260324T164535Z_2026.01.22 US Spa Sales Budget 2026 FINAL.xlsx,2,48,,,,,,,,,,,,,,,,,,,,,,,,,,,,,,,,,,,,,,,,,,,,,,,,,,,NKD24,,,Four Seasons Hotel Nashville; TN,Southeast,Lisa,2024,Yes,,,,,,,,,,0.10187333316179048,0.06198640000000011,0,0,24095.02,25000,,,0.10187333316179048,0.06198640000000011,,,,,,,,,26549.660000000003,25054,0.0,0.0,24095.02,26549.660000000003,,,,2454.640000000003,26549.660000000003,26549.660000000003,1549.6600000000035,25000,,,,2454.640000000003,26549.660000000003,26549.660000000003,1549.6600000000035,,,,,,,,,,,,,,,,,,,,,,,,,,,,,,,,,,,,,,,,,,,,,,,,,,,,,,,,,,,,,,,,,,,,,,,,,,,,,,,,,,,,,,,,,,,,,,,,,,,,,,,,,,,,,,,,,,,,us_budget_v2_full_workbook_rows,2026-03-24T16:45:36+00:00
Performance data,20260324T164535Z_2026.01.22 US Spa Sales Budget 2026 FINAL.xlsx,2,49,,,,,,,,,,,,,,,,,,,,,,,,,,,,,,,,,,,,,,,,,,,,,,,,,,,NKD24,,,USREC Banyan Cay Resort LLC,Southeast,Lisa,2024,Yes,,,,,,,,,,-0.7811118064487822,-0.68404,0,0,17321.719999999998,12000,,,-0.7811118064487822,-0.68404,,,,,,,,,3791.52,25055,0.0,0.0,17321.719999999998,3791.52,,,,-13530.199999999997,3791.52,3791.52,-8208.48,12000,,,,-13530.199999999997,3791.52,3791.52,-8208.48,,,,,,,,,,,,,,,,,,,,,,,,,,,,,,,,,,,,,,,,,,,,,,,,,,,,,,,,,,,,,,,,,,,,,,,,,,,,,,,,,,,,,,,,,,,,,,,,,,,,,,,,,,,,,,,,,,,,us_budget_v2_full_workbook_rows,2026-03-24T16:45:36+00:00
Performance data,20260324T164535Z_2026.01.22 US Spa Sales Budget 2026 FINAL.xlsx,2,50,,,,,,,,,,,,,,,,,,,,,,,,,,,,,,,,,,,,,,,,,,,,,,,,,,,NKD24,,,AMI LLC Bergamos Retreat,Central,Amy,2024,Yes,,,,,,,,,,0.027597203268233006,-0.2970075999999999,0,0,34205.64,50000,,,0.027597203268233006,-0.2970075999999999,,,,,,,,,35149.62,25056,0.0,0.0,34205.64,35149.62,,,,943.9800000000032,35149.62,35149.62,-14850.379999999997,50000,,,,943.9800000000032,35149.62,35149.62,-14850.379999999997,,,,,,,,,,,,,,,,,,,,,,,,,,,,,,,,,,,,,,,,,,,,,,,,,,,,,,,,,,,,,,,,,,,,,,,,,,,,,,,,,,,,,,,,,,,,,,,,,,,,,,,,,,,,,,,,,,,,us_budget_v2_full_workbook_rows,2026-03-24T16:45:36+00:00
Performance data,20260324T164535Z_2026.01.22 US Spa Sales Budget 2026 FINAL.xlsx,2,51,,,,,,,,,,,,,,,,,,,,,,,,,,,,,,,,,,,,,,,,,,,,,,,,,,,NKD24,,,Waldorf Astoria Spa Chicago,Central,Emily,2024,No,,,,,,,,,,-1,-1,0,0,5494,10000,,,-1,-1,,,,,,,,,0,25057,0.0,0.0,5494.0,0.0,,,0,-5494,0,0,-10000,10000,,,0,-5494,0,0,-10000,,,,,,,,,,,,,,,,,,,,,,,,,,,,,,,,,,,,,,,,,,,,,,,,,,,,,,,,,,,,,,,,,,,,,,,,,,,,,,,,,,,,,,,,,,,,,,,,,,,,,,,,,,,,,,,,,,,,us_budget_v2_full_workbook_rows,2026-03-24T16:45:36+00:00
Performance data,20260324T164535Z_2026.01.22 US Spa Sales Budget 2026 FINAL.xlsx,2,52,,,,,,,,,,,,,,,,,,,,,,,,,,,,,,,,,,,,,,,,,,,,,,,,,,,NKD24,,,"Five Point Five, Inc.",West,Amy,2024,Yes,,,,,,,,,,-0.08337901910544576,-0.667,0,0,4359.49,12000,,,-0.08337901910544576,-0.667,,,,,,,,,3996,25058,0.0,0.0,4359.49,3996.0,,,,-363.4899999999998,3996,3996,-8004,12000,,,,-363.4899999999998,3996,3996,-8004,,,,,,,,,,,,,,,,,,,,,,,,,,,,,,,,,,,,,,,,,,,,,,,,,,,,,,,,,,,,,,,,,,,,,,,,,,,,,,,,,,,,,,,,,,,,,,,,,,,,,,,,,,,,,,,,,,,,us_budget_v2_full_workbook_rows,2026-03-24T16:45:36+00:00
Performance data,20260324T164535Z_2026.01.22 US Spa Sales Budget 2026 FINAL.xlsx,2,53,,,,,,,,,,,,,,,,,,,,,,,,,,,,,,,,,,,,,,,,,,,,,,,,,,,NKD24,,,Red Rock Tivoli Aestetics,West,Amy,2024,Yes,,,,,,,,,,1.02545779908258,-0.5830983333333334,0,0,2469.97,12000,,,1.02545779908258,-0.5830983333333334,,,,,,,,,5002.82,25059,0.0,0.0,2469.97,5002.82,,,,2532.85,5002.82,5002.82,-6997.18,12000,,,,2532.85,5002.82,5002.82,-6997.18,,,,,,,,,,,,,,,,,,,,,,,,,,,,,,,,,,,,,,,,,,,,,,,,,,,,,,,,,,,,,,,,,,,,,,,,,,,,,,,,,,,,,,,,,,,,,,,,,,,,,,,,,,,,,,,,,,,,us_budget_v2_full_workbook_rows,2026-03-24T16:45:36+00:00
Performance data,20260324T164535Z_2026.01.22 US Spa Sales Budget 2026 FINAL.xlsx,2,54,,,,,,,,,,,,,,,,,,,,,,,,,,,,,,,,,,,,,,,,,,,,,,,,,,,NKD25,,,Nashville Hospitality/DBA Westin,Southeast,Lisa,2025,Yes,,,,,,,,,,,,0,0,0,0,,,,,,,,,,,,,10814.48,25060,0.0,0.0,0.0,10814.48,,,,10814.48,10814.48,10814.48,10814.48,0,,,,10814.48,10814.48,10814.48,10814.48,,,,,,,,,,,,,,,,,,,,,,,,,,,,,,,,,,,,,,,,,,,,,,,,,,,,,,,,,,,,,,,,,,,,,,,,,,,,,,,,,,,,,,,,,,,,,,,,,,,,,,,,,,,,,,,,,,,,us_budget_v2_full_workbook_rows,2026-03-24T16:45:36+00:00
Performance data,20260324T164535Z_2026.01.22 US Spa Sales Budget 2026 FINAL.xlsx,2,55,,,,,,,,,,,,,,,,,,,,,,,,,,,,,,,,,,,,,,,,,,,,,,,,,,,NKD25,,,Equinox Holdings Inc; Washington DC,Northeast,Emily,2025,Yes,,,,,,,,,,,,0,0,0,0,,,,,,,,,,,,,6871.790000000001,25061,0.0,0.0,0.0,6871.790000000001,,,,6871.790000000001,6871.790000000001,6871.790000000001,6871.790000000001,0,,,,6871.790000000001,6871.790000000001,6871.790000000001,6871.790000000001,,,,,,,,,,,,,,,,,,,,,,,,,,,,,,,,,,,,,,,,,,,,,,,,,,,,,,,,,,,,,,,,,,,,,,,,,,,,,,,,,,,,,,,,,,,,,,,,,,,,,,,,,,,,,,,,,,,,us_budget_v2_full_workbook_rows,2026-03-24T16:45:36+00:00
Performance data,20260324T164535Z_2026.01.22 US Spa Sales Budget 2026 FINAL.xlsx,2,56,,,,,,,,,,,,,,,,,,,,,,,,,,,,,,,,,,,,,,,,,,,,,,,,,,,NKD25,,,Equinox Holdings Inc; Miami,Southeast,Lisa,2025,Yes,,,,,,,,,,,,0,0,0,0,,,,,,,,,,,,,7189.44,25063,0.0,0.0,0.0,7189.44,,,,7189.44,7189.44,7189.44,7189.44,0,,,,7189.44,7189.44,7189.44,7189.44,,,,,,,,,,,,,,,,,,,,,,,,,,,,,,,,,,,,,,,,,,,,,,,,,,,,,,,,,,,,,,,,,,,,,,,,,,,,,,,,,,,,,,,,,,,,,,,,,,,,,,,,,,,,,,,,,,,,us_budget_v2_full_workbook_rows,2026-03-24T16:45:36+00:00
Performance data,20260324T164535Z_2026.01.22 US Spa Sales Budget 2026 FINAL.xlsx,2,57,,,,,,,,,,,,,,,,,,,,,,,,,,,,,,,,,,,,,,,,,,,,,,,,,,,NKD25,,,Equinox Holdings Inc; SPA Retail Washington DC,Northeast,Emily,2025,Yes,,,,,,,,,,,,0,0,0,0,,,,,,,,,,,,,3844.76,25062,0.0,0.0,0.0,3844.76,,,,3844.76,3844.76,3844.76,3844.76,0,,,,3844.76,3844.76,3844.76,3844.76,,,,,,,,,,,,,,,,,,,,,,,,,,,,,,,,,,,,,,,,,,,,,,,,,,,,,,,,,,,,,,,,,,,,,,,,,,,,,,,,,,,,,,,,,,,,,,,,,,,,,,,,,,,,,,,,,,,,us_budget_v2_full_workbook_rows,2026-03-24T16:45:36+00:00
Performance data,20260324T164535Z_2026.01.22 US Spa Sales Budget 2026 FINAL.xlsx,2,58,,,,,,,,,,,,,,,,,,,,,,,,,,,,,,,,,,,,,,,,,,,,,,,,,,,NKD25,,,Embracing the Dance of Healing,West,Amy,2025,Yes,,,,,,,,,,,,0,0,0,0,,,,,,,,,,,,,2111.76,25064,0.0,0.0,0.0,2111.76,,,,2111.76,2111.76,2111.76,2111.76,0,,,,2111.76,2111.76,2111.76,2111.76,,,,,,,,,,,,,,,,,,,,,,,,,,,,,,,,,,,,,,,,,,,,,,,,,,,,,,,,,,,,,,,,,,,,,,,,,,,,,,,,,,,,,,,,,,,,,,,,,,,,,,,,,,,,,,,,,,,,us_budget_v2_full_workbook_rows,2026-03-24T16:45:36+00:00
Performance data,20260324T164535Z_2026.01.22 US Spa Sales Budget 2026 FINAL.xlsx,2,59,,,,,,,,,,,,,,,,,,,,,,,,,,,,,,,,,,,,,,,,,,,,,,,,,,,NKD25,,,"Cupid Lift Inc., West Hollywood",West,Amy,2025,Yes,,,,,,,,,,,,0,0,0,0,,,,,,,,,,,,,4155,25065,0.0,0.0,0.0,4155.0,,,,4155,4155,4155,4155,0,,,,4155,4155,4155,4155,,,,,,,,,,,,,,,,,,,,,,,,,,,,,,,,,,,,,,,,,,,,,,,,,,,,,,,,,,,,,,,,,,,,,,,,,,,,,,,,,,,,,,,,,,,,,,,,,,,,,,,,,,,,,,,,,,,,us_budget_v2_full_workbook_rows,2026-03-24T16:45:36+00:00
Performance data,20260324T164535Z_2026.01.22 US Spa Sales Budget 2026 FINAL.xlsx,2,60,,,,,,,,,,,,,,,,,,,,,,,,,,,,,,,,,,,,,,,,,,,,,,,,,,,NKD25,,,ARIA Resort & Casino; Las Vegas,West,Amy,2025,Yes,,,,,,,,,,,,0,0,0,0,,,,,,,,,,,,,20154.800000000003,25066,0.0,0.0,0.0,20154.800000000003,,,,20154.800000000003,20154.800000000003,20154.800000000003,20154.800000000003,0,,,,20154.800000000003,20154.800000000003,20154.800000000003,20154.800000000003,,,,,,,,,,,,,,,,,,,,,,,,,,,,,,,,,,,,,,,,,,,,,,,,,,,,,,,,,,,,,,,,,,,,,,,,,,,,,,,,,,,,,,,,,,,,,,,,,,,,,,,,,,,,,,,,,,,,us_budget_v2_full_workbook_rows,2026-03-24T16:45:36+00:00
Performance data,20260324T164535Z_2026.01.22 US Spa Sales Budget 2026 FINAL.xlsx,2,61,,,,,,,,,,,,,,,,,,,,,,,,,,,,,,,,,,,,,,,,,,,,,,,,,,,NKD25,,,"The Ritz-Carlton, Half Moon Bay LLC",West,Amy,2025,Yes,,,,,,,,,,,,0,0,0,0,,,,,,,,,,,,,25962.32,25067,0.0,0.0,0.0,25962.32,,,,25962.32,25962.32,25962.32,25962.32,0,,,,25962.32,25962.32,25962.32,25962.32,,,,,,,,,,,,,,,,,,,,,,,,,,,,,,,,,,,,,,,,,,,,,,,,,,,,,,,,,,,,,,,,,,,,,,,,,,,,,,,,,,,,,,,,,,,,,,,,,,,,,,,,,,,,,,,,,,,,us_budget_v2_full_workbook_rows,2026-03-24T16:45:36+00:00
Performance data,20260324T164535Z_2026.01.22 US Spa Sales Budget 2026 FINAL.xlsx,2,62,,,,,,,,,,,,,,,,,,,,,,,,,,,,,,,,,,,,,,,,,,,,,,,,,,,NKD25,,,321 Skin Glow LLC,Central,Emily,2025,Yes,,,,,,,,,,,,0,0,0,0,,,,,,,,,,,,,9538,25068,0.0,0.0,0.0,9538.0,,,,9538,9538,9538,9538,0,,,,9538,9538,9538,9538,,,,,,,,,,,,,,,,,,,,,,,,,,,,,,,,,,,,,,,,,,,,,,,,,,,,,,,,,,,,,,,,,,,,,,,,,,,,,,,,,,,,,,,,,,,,,,,,,,,,,,,,,,,,,,,,,,,,us_budget_v2_full_workbook_rows,2026-03-24T16:45:36+00:00
Performance data,20260324T164535Z_2026.01.22 US Spa Sales Budget 2026 FINAL.xlsx,2,63,,,,,,,,,,,,,,,,,,,,,,,,,,,,,,,,,,,,,,,,,,,,,,,,,,,NKD25,,,Simply Bliss SkinCare LLC,Southeast,Lisa,2025,Yes,,,,,,,,,,,,0,0,0,0,,,,,,,,,,,,,343,25069,0.0,0.0,0.0,343.0,,,,343,343,343,343,0,,,,343,343,343,343,,,,,,,,,,,,,,,,,,,,,,,,,,,,,,,,,,,,,,,,,,,,,,,,,,,,,,,,,,,,,,,,,,,,,,,,,,,,,,,,,,,,,,,,,,,,,,,,,,,,,,,,,,,,,,,,,,,,us_budget_v2_full_workbook_rows,2026-03-24T16:45:36+00:00
Performance data,20260324T164535Z_2026.01.22 US Spa Sales Budget 2026 FINAL.xlsx,2,64,,,,,,,,,,,,,,,,,,,,,,,,,,,,,,,,,,,,,,,,,,,,,,,,,,,NKD25,,,Renaissance Hotel Partners LLC,Northeast,Emily,2025,Yes,,,,,,,,,,,,0,0,0,0,,,,,,,,,,,,,19760,25070,0.0,0.0,0.0,19760.0,,,,19760,19760,19760,19760,0,,,,19760,19760,19760,19760,,,,,,,,,,,,,,,,,,,,,,,,,,,,,,,,,,,,,,,,,,,,,,,,,,,,,,,,,,,,,,,,,,,,,,,,,,,,,,,,,,,,,,,,,,,,,,,,,,,,,,,,,,,,,,,,,,,,us_budget_v2_full_workbook_rows,2026-03-24T16:45:36+00:00
Performance data,20260324T164535Z_2026.01.22 US Spa Sales Budget 2026 FINAL.xlsx,2,65,,,,,,,,,,,,,,,,,,,,,,,,,,,,,,,,,,,,,,,,,,,,,,,,,,,NKD25,,,Nerdium LLC; Texas,Central,Emily,2025,Yes,,,,,,,,,,,,0,0,0,0,,,,,,,,,,,,,5488.99,25071,0.0,0.0,0.0,5488.99,,,,5488.99,5488.99,5488.99,5488.99,0,,,,5488.99,5488.99,5488.99,5488.99,,,,,,,,,,,,,,,,,,,,,,,,,,,,,,,,,,,,,,,,,,,,,,,,,,,,,,,,,,,,,,,,,,,,,,,,,,,,,,,,,,,,,,,,,,,,,,,,,,,,,,,,,,,,,,,,,,,,us_budget_v2_full_workbook_rows,2026-03-24T16:45:36+00:00
Performance data,20260324T164535Z_2026.01.22 US Spa Sales Budget 2026 FINAL.xlsx,2,66,,,,,,,,,,,,,,,,,,,,,,,,,,,,,,,,,,,,,,,,,,,,,,,,,,,NKD25,,,Balboa Bay Club Ventures LLC,West,Amy,2025,Yes,,,,,,,,,,,,0,0,0,0,,,,,,,,,,,,,8683.91,25072,0.0,0.0,0.0,8683.91,,,,8683.91,8683.91,8683.91,8683.91,0,,,,8683.91,8683.91,8683.91,8683.91,,,,,,,,,,,,,,,,,,,,,,,,,,,,,,,,,,,,,,,,,,,,,,,,,,,,,,,,,,,,,,,,,,,,,,,,,,,,,,,,,,,,,,,,,,,,,,,,,,,,,,,,,,,,,,,,,,,,us_budget_v2_full_workbook_rows,2026-03-24T16:45:36+00:00
Performance data,20260324T164535Z_2026.01.22 US Spa Sales Budget 2026 FINAL.xlsx,2,67,,,,,,,,,,,,,,,,,,,,,,,,,,,,,,,,,,,,,,,,,,,,,,,,,,,NKD25,,,Mario Tricoci Hair Salons & Day Spas,Central,Emily,2025,Yes,,,,,,,,,,,,0,0,0,0,,,,,,,,,,,,,8904,25073,0.0,0.0,0.0,8904.0,,,,8904,8904,8904,8904,0,,,,8904,8904,8904,8904,,,,,,,,,,,,,,,,,,,,,,,,,,,,,,,,,,,,,,,,,,,,,,,,,,,,,,,,,,,,,,,,,,,,,,,,,,,,,,,,,,,,,,,,,,,,,,,,,,,,,,,,,,,,,,,,,,,,us_budget_v2_full_workbook_rows,2026-03-24T16:45:36+00:00
Performance data,20260324T164535Z_2026.01.22 US Spa Sales Budget 2026 FINAL.xlsx,2,68,,,,,,,,,,,,,,,,,,,,,,,,,,,,,,,,,,,,,,,,,,,,,,,,,,,NKD25,,,"Houstonian Campus, LLC",Central,Emily,2025,Yes,,,,,,,,,,,,0,0,0,0,,,,,,,,,,,,,6178.28,25074,0.0,0.0,0.0,6178.28,,,,6178.28,6178.28,6178.28,6178.28,0,,,,6178.28,6178.28,6178.28,6178.28,,,,,,,,,,,,,,,,,,,,,,,,,,,,,,,,,,,,,,,,,,,,,,,,,,,,,,,,,,,,,,,,,,,,,,,,,,,,,,,,,,,,,,,,,,,,,,,,,,,,,,,,,,,,,,,,,,,,us_budget_v2_full_workbook_rows,2026-03-24T16:45:36+00:00
Performance data,20260324T164535Z_2026.01.22 US Spa Sales Budget 2026 FINAL.xlsx,2,69,,,,,,,,,,,,,,,,,,,,,,,,,,,,,,,,,,,,,,,,,,,,,,,,,,,NKD25,,,Wyndham Grand Rio Mar Hotel,Other,Melissa,2025,Yes,,,,,,,,,,,,0,0,0,0,,,,,,,,,,,,,14403.8,25075,0.0,0.0,0.0,14403.8,,,,14403.8,14403.8,14403.8,14403.8,0,,,,14403.8,14403.8,14403.8,14403.8,,,,,,,,,,,,,,,,,,,,,,,,,,,,,,,,,,,,,,,,,,,,,,,,,,,,,,,,,,,,,,,,,,,,,,,,,,,,,,,,,,,,,,,,,,,,,,,,,,,,,,,,,,,,,,,,,,,,us_budget_v2_full_workbook_rows,2026-03-24T16:45:36+00:00
Performance data,20260324T164535Z_2026.01.22 US Spa Sales Budget 2026 FINAL.xlsx,2,70,,,,,,,,,,,,,,,,,,,,,,,,,,,,,,,,,,,,,,,,,,,,,,,,,,,NKD25,,,Costa d' Este Beach Resort & Spa,Other,Melissa,2025,Yes,,,,,,,,,,,,0,0,0,0,,,,,,,,,,,,,3193.01,25076,0.0,0.0,0.0,3193.01,,,,3193.01,3193.01,3193.01,3193.01,0,,,,3193.01,3193.01,3193.01,3193.01,,,,,,,,,,,,,,,,,,,,,,,,,,,,,,,,,,,,,,,,,,,,,,,,,,,,,,,,,,,,,,,,,,,,,,,,,,,,,,,,,,,,,,,,,,,,,,,,,,,,,,,,,,,,,,,,,,,,us_budget_v2_full_workbook_rows,2026-03-24T16:45:36+00:00
Spa,20260324T164535Z_2026.01.22 US Spa Sales Budget 2026 FINAL.xlsx,2,3,Amy,,,,,,West,,,,,,,,,,,,,,,,,,,,,,,,,,,,,,,,,,,,,,,,,,,,,,,West Coast Lifestyles Inc.; CA,West,Amy,2021,,,,,,,,738.52,737,,,,,,,,,,,,,,,,,,,,,25000,,,,,,,,,,,,,,,,,,,,2021-07-01 00:00:00,,,Yes,Yes,Yes,Yes,Yes,-0.0020581703948436836,,,,,,,,,,,,,,,,,,,,,,,,,,,,,,,,,,,,,,,,,,,,,,,,,,,,,,,,,,,,,,,,,,,,,,,,,,,,,,,,,,,,,,,,,,,,,,,,,,,,,,,,,,,us_budget_v2_full_workbook_rows,2026-03-24T16:45:36+00:00
Spa,20260324T164535Z_2026.01.22 US Spa Sales Budget 2026 FINAL.xlsx,2,4,Nicole,,,,,,Northeast,,,,,,,,,,,,,,,,,,,,,,,,,,,,,,,,,,,,,,,,,,,,,,,Four Seasons Hotel Philadelphia; PA,Northeast,Emily,2021,,,,,,,,17132.379999999997,9033.2,,,,,,,,,,,,,,,,,,,,,25001,,,,,,,,,,,,,,,,,,,,2021-05-01 00:00:00,,,Yes,Yes,Yes,Yes,Yes,-0.47274109026299893,,,,,,,,,,,,,,,,,,,,,,,,,,,,,,,,,,,,,,,,,,,,,,,,,,,,,,,,,,,,,,,,,,,,,,,,,,,,,,,,,,,,,,,,,,,,,,,,,,,,,,,,,,,us_budget_v2_full_workbook_rows,2026-03-24T16:45:36+00:00
Spa,20260324T164535Z_2026.01.22 US Spa Sales Budget 2026 FINAL.xlsx,2,5,Lisa,,,,,,Southeast,,,,,,,,,,,,,,,,,,,,,,,,,,,,,,,,,,,,,,,,,,,,,,,Porto Vita/Villa Grande Club; Fl,Southeast,Lisa,2021,,,,,,,,5127.99,14467.439999999999,,,,,,,,,,,,,,,,,,,,,25002,,,,,,,,,,,,,,,,,,,,2021-08-01 00:00:00,,,Yes,Yes,Yes,Yes,Yes,1.8212691522409363,,,,,,,,,,,,,,,,,,,,,,,,,,,,,,,,,,,,,,,,,,,,,,,,,,,,,,,,,,,,,,,,,,,,,,,,,,,,,,,,,,,,,,,,,,,,,,,,,,,,,,,,,,,us_budget_v2_full_workbook_rows,2026-03-24T16:45:36+00:00
Spa,20260324T164535Z_2026.01.22 US Spa Sales Budget 2026 FINAL.xlsx,2,6,Lisa,,,,,,Southeast,,,,,,,,,,,,,,,,,,,,,,,,,,,,,,,,,,,,,,,,,,,,,,,The resort at Longboat Key CLub; Florida,Southeast,Lisa,2021,,,,,,,,0,0,,,,,,,,,,,,,,,,,,,,,25003,,,,,,,,,,,,,,,,,,,,2021-09-01 00:00:00,2022,2022-09-01 00:00:00,Yes,No,No,No,No,,,,,,,,,,,,,,,,,,,,,,,,,,,,,,,,,,,,,,,,,,,,,,,,,,,,,,,,,,,,,,,,,,,,,,,,,,,,,,,,,,,,,,,,,,,,,,,,,,,,,,,,,,,,us_budget_v2_full_workbook_rows,2026-03-24T16:45:36+00:00
Spa,20260324T164535Z_2026.01.22 US Spa Sales Budget 2026 FINAL.xlsx,2,7,Amy,,,,,,West,,,,,,,,,,,,,,,,,,,,,,,,,,,,,,,,,,,,,,,,,,,,,,,Teton Mountain Lodge,West,Amy,2021,,,,,,,,4463.52,3699.8100000000004,,,,,,,,,,,,,,,,,,,,,25004,,,,,,,,,,,,,,,,,,,,2021-09-01 00:00:00,,,Yes,Yes,Yes,Yes,Yes,-0.17110038713840192,,,,,,,,,,,,,,,,,,,,,,,,,,,,,,,,,,,,,,,,,,,,,,,,,,,,,,,,,,,,,,,,,,,,,,,,,,,,,,,,,,,,,,,,,,,,,,,,,,,,,,,,,,,us_budget_v2_full_workbook_rows,2026-03-24T16:45:36+00:00
Spa,20260324T164535Z_2026.01.22 US Spa Sales Budget 2026 FINAL.xlsx,2,8,Lisa,,,,,,Southeast,,,,,,,,,,,,,,,,,,,,,,,,,,,,,,,,,,,,,,,,,,,,,,,"Stars Skincare Med Spa, Florida",Southeast,Lisa,2021,,,,,,,,0,0,,,,,,,,,,,,,,,,,,,,,25008,,,,,,,,,,,,,,,,,,,,2021-12-01 00:00:00,,,Yes,Yes,Yes,Yes,Yes,,,,,,,,,,,,,,,,,,,,,,,,,,,,,,,,,,,,,,,,,,,,,,,,,,,,,,,,,,,,,,,,,,,,,,,,,,,,,,,,,,,,,,,,,,,,,,,,,,,,,,,,,,,,us_budget_v2_full_workbook_rows,2026-03-24T16:45:36+00:00
Spa,20260324T164535Z_2026.01.22 US Spa Sales Budget 2026 FINAL.xlsx,2,9,Amy,,,,,,West,,,,,,,,,,,,,,,,,,,,,,,,,,,,,,,,,,,,,,,,,,,,,,,Glo Rejuvenation; Oregon,West,Amy,2022,,,,,,,,0,0,,,,,,,,,,,,,,,,,,,,,25009,,,,,,,,,,,,,,,,,,,,2022-01-01 00:00:00,2023,2023-07-01 00:00:00,No,Yes,No,No,No,,,,,,,,,,,,,,,,,,,,,,,,,,,,,,,,,,,,,,,,,,,,,,,,,,,,,,,,,,,,,,,,,,,,,,,,,,,,,,,,,,,,,,,,,,,,,,,,,,,,,,,,,,,,us_budget_v2_full_workbook_rows,2026-03-24T16:45:36+00:00
Spa,20260324T164535Z_2026.01.22 US Spa Sales Budget 2026 FINAL.xlsx,2,10,Lisa,,,,,,Southeast,,,,,,,,,,,,,,,,,,,,,,,,,,,,,,,,,,,,,,,,,,,,,,,"Four Seasons Hotel, Fort Lauderdale; FL",Southeast,Lisa,2022,,,,,,,,29239.44,24795.21,,,,,,,,,,,,,,,,,,,,,25010,,,,,,,,,,,,,,,,,,,,2022-01-01 00:00:00,,,No,Yes,Yes,Yes,Yes,-0.1519943610411143,,,,,,,,,,,,,,,,,,,,,,,,,,,,,,,,,,,,,,,,,,,,,,,,,,,,,,,,,,,,,,,,,,,,,,,,,,,,,,,,,,,,,,,,,,,,,,,,,,,,,,,,,,,us_budget_v2_full_workbook_rows,2026-03-24T16:45:36+00:00
Spa,20260324T164535Z_2026.01.22 US Spa Sales Budget 2026 FINAL.xlsx,2,11,Amy,,,,,,West,,,,,,,,,,,,,,,,,,,,,,,,,,,,,,,,,,,,,,,,,,,,,,,D&G Global Inc.; Claire Gobler; CA,West,Amy,2022,,,,,,,,0,0,,,,,,,,,,,,,,,,,,,,,25011,,,,,,,,,,,,,,,,,,,,2022-02-01 00:00:00,2023,2023-03-01 00:00:00,No,Yes,No,No,No,,,,,,,,,,,,,,,,,,,,,,,,,,,,,,,,,,,,,,,,,,,,,,,,,,,,,,,,,,,,,,,,,,,,,,,,,,,,,,,,,,,,,,,,,,,,,,,,,,,,,,,,,,,,us_budget_v2_full_workbook_rows,2026-03-24T16:45:36+00:00
Spa,20260324T164535Z_2026.01.22 US Spa Sales Budget 2026 FINAL.xlsx,2,12,Amy,,,,,,West,,,,,,,,,,,,,,,,,,,,,,,,,,,,,,,,,,,,,,,,,,,,,,,"Rosewood Sense Spa, CA",West,Amy,2022,,,,,,,,66879.20999999999,32325.59,,,,,,,,,,,,,,,,,,,,,25012,,,,,,,,,,,,,,,,,,,,2022-03-01 00:00:00,,,No,Yes,Yes,Yes,Yes,-0.5166571196041341,,,,,,,,,,,,,,,,,,,,,,,,,,,,,,,,,,,,,,,,,,,,,,,,,,,,,,,,,,,,,,,,,,,,,,,,,,,,,,,,,,,,,,,,,,,,,,,,,,,,,,,,,,,us_budget_v2_full_workbook_rows,2026-03-24T16:45:36+00:00
Spa,20260324T164535Z_2026.01.22 US Spa Sales Budget 2026 FINAL.xlsx,2,13,Emily,,,,,,Central,,,,,,,,,,,,,,,,,,,,,,,,,,,,,,,,,,,,,,,,,,,,,,,Gurney ´s Inn Resort & Spa LLC; NY,Central,Emily,2022,,,,,,,,0,0,,,,,,,,,,,,,,,,,,,,,25013,,,,,,,,,,,,,,,,,,,,2022-03-01 00:00:00,2023,2023-02-01 00:00:00,No,Yes,No,No,No,,,,,,,,,,,,,,,,,,,,,,,,,,,,,,,,,,,,,,,,,,,,,,,,,,,,,,,,,,,,,,,,,,,,,,,,,,,,,,,,,,,,,,,,,,,,,,,,,,,,,,,,,,,,us_budget_v2_full_workbook_rows,2026-03-24T16:45:36+00:00
Spa,20260324T164535Z_2026.01.22 US Spa Sales Budget 2026 FINAL.xlsx,2,14,Amy,,,,,,West,,,,,,,,,,,,,,,,,,,,,,,,,,,,,,,,,,,,,,,,,,,,,,,Gateway Canyon Resort & Spa; CO,West,Amy,2022,,,,,,,,1453.98,1573.68,,,,,,,,,,,,,,,,,,,,,25015,,,,,,,,,,,,,,,,,,,,2022-03-01 00:00:00,,,No,Yes,Yes,Yes,Yes,0.08232575413692067,,,,,,,,,,,,,,,,,,,,,,,,,,,,,,,,,,,,,,,,,,,,,,,,,,,,,,,,,,,,,,,,,,,,,,,,,,,,,,,,,,,,,,,,,,,,,,,,,,,,,,,,,,,us_budget_v2_full_workbook_rows,2026-03-24T16:45:36+00:00
Spa,20260324T164535Z_2026.01.22 US Spa Sales Budget 2026 FINAL.xlsx,2,15,Lisa,,,,,,Southeast,,,,,,,,,,,,,,,,,,,,,,,,,,,,,,,,,,,,,,,,,,,,,,,"Williams Island POA, Inc.Florida",Southeast,Lisa,2022,,,,,,,,5289,1700.92,,,,,,,,,,,,,,,,,,,,,25016,,,,,,,,,,,,,,,,,,,,2022-04-01 00:00:00,,,No,Yes,Yes,Yes,Yes,-0.6784042352051427,,,,,,,,,,,,,,,,,,,,,,,,,,,,,,,,,,,,,,,,,,,,,,,,,,,,,,,,,,,,,,,,,,,,,,,,,,,,,,,,,,,,,,,,,,,,,,,,,,,,,,,,,,,us_budget_v2_full_workbook_rows,2026-03-24T16:45:36+00:00
Spa,20260324T164535Z_2026.01.22 US Spa Sales Budget 2026 FINAL.xlsx,2,16,Lisa,,,,,,Southeast,,,,,,,,,,,,,,,,,,,,,,,,,,,,,,,,,,,,,,,,,,,,,,,Iridescent LLC; Big-Bang; Miiami; Paula,Southeast,Lisa,2022,,,,,,,,0,0,,,,,,,,,,,,,,,,,,,,,25018,,,,,,,,,,,,,,,,,,,,2022-07-01 00:00:00,2023,2023-12-01 00:00:00,No,Yes,No,No,No,,,,,,,,,,,,,,,,,,,,,,,,,,,,,,,,,,,,,,,,,,,,,,,,,,,,,,,,,,,,,,,,,,,,,,,,,,,,,,,,,,,,,,,,,,,,,,,,,,,,,,,,,,,,us_budget_v2_full_workbook_rows,2026-03-24T16:45:36+00:00
Spa,20260324T164535Z_2026.01.22 US Spa Sales Budget 2026 FINAL.xlsx,2,17,Lisa,,,,,,Southeast,,,,,,,,,,,,,,,,,,,,,,,,,,,,,,,,,,,,,,,,,,,,,,,Banyan Cay Res.; W Palm Beach; Melissa,Southeast,Lisa,2022,,,,,,,,0,0,,,,,,,,,,,,,,,,,,,,,25019,,,,,,,,,,,,,,,,,,,,2022-06-01 00:00:00,2023,2023-12-01 00:00:00,No,Yes,No,No,No,,,,,,,,,,,,,,,,,,,,,,,,,,,,,,,,,,,,,,,,,,,,,,,,,,,,,,,,,,,,,,,,,,,,,,,,,,,,,,,,,,,,,,,,,,,,,,,,,,,,,,,,,,,,us_budget_v2_full_workbook_rows,2026-03-24T16:45:36+00:00
Spa,20260324T164535Z_2026.01.22 US Spa Sales Budget 2026 FINAL.xlsx,2,18,Lisa,,,,,,Southeast,,,,,,,,,,,,,,,,,,,,,,,,,,,,,,,,,,,,,,,,,,,,,,,Faena Hotel Miami Beach; FL,Southeast,Lisa,2022,,,,,,,,0,0,,,,,,,,,,,,,,,,,,,,,25020,,,,,,,,,,,,,,,,,,,,2022-07-01 00:00:00,2023,2023-02-01 00:00:00,No,Yes,No,No,No,,,,,,,,,,,,,,,,,,,,,,,,,,,,,,,,,,,,,,,,,,,,,,,,,,,,,,,,,,,,,,,,,,,,,,,,,,,,,,,,,,,,,,,,,,,,,,,,,,,,,,,,,,,,us_budget_v2_full_workbook_rows,2026-03-24T16:45:36+00:00
Spa,20260324T164535Z_2026.01.22 US Spa Sales Budget 2026 FINAL.xlsx,2,19,Amy,,,,,,Central,,,,,,,,,,,,,,,,,,,,,,,,,,,,,,,,,,,,,,,,,,,,,,,TALISKER CLUB; Holly Arndt,Central,Amy,,,,,,,,,0,0,,,,,,,,,,,,,,,,,,,,,25021,,,,,,,,,,,,,,,,,,,,,,,No,No,No,No,No,,,,,,,,,,,,,,,,,,,,,,,,,,,,,,,,,,,,,,,,,,,,,,,,,,,,,,,,,,,,,,,,,,,,,,,,,,,,,,,,,,,,,,,,,,,,,,,,,,,,,,,,,,,,us_budget_v2_full_workbook_rows,2026-03-24T16:45:36+00:00
Spa,20260324T164535Z_2026.01.22 US Spa Sales Budget 2026 FINAL.xlsx,2,20,Amy,,,,,,Central,,,,,,,,,,,,,,,,,,,,,,,,,,,,,,,,,,,,,,,,,,,,,,,Beating Hearts; Dallas; Lori Feste,Central,Amy,2022,,,,,,,,0,0,,,,,,,,,,,,,,,,,,,,,25022,,,,,,,,,,,,,,,,,,,,2022-08-01 00:00:00,2023,2023-02-01 00:00:00,No,Yes,No,No,No,,,,,,,,,,,,,,,,,,,,,,,,,,,,,,,,,,,,,,,,,,,,,,,,,,,,,,,,,,,,,,,,,,,,,,,,,,,,,,,,,,,,,,,,,,,,,,,,,,,,,,,,,,,,us_budget_v2_full_workbook_rows,2026-03-24T16:45:36+00:00
Spa,20260324T164535Z_2026.01.22 US Spa Sales Budget 2026 FINAL.xlsx,2,21,Amy,,,,,,Central,,,,,,,,,,,,,,,,,,,,,,,,,,,,,,,,,,,,,,,,,,,,,,,HLP Hotels LLC DBA Lost Pines; Texas,Central,Amy,2022,,,,,,,,0,0,,,,,,,,,,,,,,,,,,,,,25023,,,,,,,,,,,,,,,,,,,,2022-09-01 00:00:00,2024,2024-06-01 00:00:00,No,Yes,Yes,No,No,,,,,,,,,,,,,,,,,,,,,,,,,,,,,,,,,,,,,,,,,,,,,,,,,,,,,,,,,,,,,,,,,,,,,,,,,,,,,,,,,,,,,,,,,,,,,,,,,,,,,,,,,,,,us_budget_v2_full_workbook_rows,2026-03-24T16:45:36+00:00
Spa,20260324T164535Z_2026.01.22 US Spa Sales Budget 2026 FINAL.xlsx,2,22,Lisa,,,,,,Southeast,,,,,,,,,,,,,,,,,,,,,,,,,,,,,,,,,,,,,,,,,,,,,,,"Mt. Bailey Holdings, LLC; Four Seasons Hotel Atlanta",Southeast,Lisa,2022,,,,,,,,0,0,,,,,,,,,,,,,,,,,,,,,25024,,,,,,,,,,,,,,,,,,,,2022-10-01 00:00:00,,,No,Yes,Yes,Yes,Yes,,,,,,,,,,,,,,,,,,,,,,,,,,,,,,,,,,,,,,,,,,,,,,,,,,,,,,,,,,,,,,,,,,,,,,,,,,,,,,,,,,,,,,,,,,,,,,,,,,,,,,,,,,,,us_budget_v2_full_workbook_rows,2026-03-24T16:45:36+00:00
Spa,20260324T164535Z_2026.01.22 US Spa Sales Budget 2026 FINAL.xlsx,2,23,Lisa,,,,,,Southeast,,,,,,,,,,,,,,,,,,,,,,,,,,,,,,,,,,,,,,,,,,,,,,,"ARCH Amenity Group, Florida",Southeast,Lisa,,,,,,,,,0,0,,,,,,,,,,,,,,,,,,,,,25025,,,,,,,,,,,,,,,,,,,,,,,No,No,No,No,No,,,,,,,,,,,,,,,,,,,,,,,,,,,,,,,,,,,,,,,,,,,,,,,,,,,,,,,,,,,,,,,,,,,,,,,,,,,,,,,,,,,,,,,,,,,,,,,,,,,,,,,,,,,,us_budget_v2_full_workbook_rows,2026-03-24T16:45:36+00:00
Spa,20260324T164535Z_2026.01.22 US Spa Sales Budget 2026 FINAL.xlsx,2,24,Lisa,,,,,,Southeast,,,,,,,,,,,,,,,,,,,,,,,,,,,,,,,,,,,,,,,,,,,,,,,JW Marriott Miami Turnberry,Southeast,Lisa,2023,,,,,,,,3224.75,3885.2,,,,,,,,,,,,,,,,,,,,,25026,,,,,,,,,,,,,,,,,,,,2023-01-01 00:00:00,,,No,No,Yes,Yes,Yes,0.20480657415303516,,,,,,,,,,,,,,,,,,,,,,,,,,,,,,,,,,,,,,,,,,,,,,,,,,,,,,,,,,,,,,,,,,,,,,,,,,,,,,,,,,,,,,,,,,,,,,,,,,,,,,,,,,,us_budget_v2_full_workbook_rows,2026-03-24T16:45:36+00:00
Spa,20260324T164535Z_2026.01.22 US Spa Sales Budget 2026 FINAL.xlsx,2,25,Amy,,,,,,West,,,,,,,,,,,,,,,,,,,,,,,,,,,,,,,,,,,,,,,,,,,,,,,San Manuel Entert.; Yaamava Resort; Highland,West,Amy,2022,,,,,,,,48635.42999999999,18856.079999999998,,,,,,,,,,,,,,,,,,,,,25027,,,,,,,,,,,,,,,,,,,,2022-12-01 00:00:00,,,No,Yes,Yes,Yes,Yes,-0.6122974547567483,,,,,,,,,,,,,,,,,,,,,,,,,,,,,,,,,,,,,,,,,,,,,,,,,,,,,,,,,,,,,,,,,,,,,,,,,,,,,,,,,,,,,,,,,,,,,,,,,,,,,,,,,,,us_budget_v2_full_workbook_rows,2026-03-24T16:45:36+00:00
Spa,20260324T164535Z_2026.01.22 US Spa Sales Budget 2026 FINAL.xlsx,2,26,Nicole,,,,,,Northeast,,,,,,,,,,,,,,,,,,,,,,,,,,,,,,,,,,,,,,,,,,,,,,,Jenny Y Yu; MD FACS PLLC,Northeast,Emily,2023,,,,,,,,0,0,,,,,,,,,,,,,,,,,,,,,25028,,,,,,,,,,,,,,,,,,,,2023-01-01 00:00:00,2023,2023-05-01 00:00:00,No,No,No,No,No,,,,,,,,,,,,,,,,,,,,,,,,,,,,,,,,,,,,,,,,,,,,,,,,,,,,,,,,,,,,,,,,,,,,,,,,,,,,,,,,,,,,,,,,,,,,,,,,,,,,,,,,,,,,us_budget_v2_full_workbook_rows,2026-03-24T16:45:36+00:00
Spa,20260324T164535Z_2026.01.22 US Spa Sales Budget 2026 FINAL.xlsx,2,27,Lisa,,,,,,Southeast,,,,,,,,,,,,,,,,,,,,,,,,,,,,,,,,,,,,,,,,,,,,,,,Ana Molinari Inc.; FL,Southeast,Lisa,2023,,,,,,,,0,2472.49,,,,,,,,,,,,,,,,,,,,,25029,,,,,,,,,,,,,,,,,,,,2023-01-01 00:00:00,,,No,No,Yes,Yes,Yes,,,,,,,,,,,,,,,,,,,,,,,,,,,,,,,,,,,,,,,,,,,,,,,,,,,,,,,,,,,,,,,,,,,,,,,,,,,,,,,,,,,,,,,,,,,,,,,,,,,,,,,,,,,,us_budget_v2_full_workbook_rows,2026-03-24T16:45:36+00:00
Spa,20260324T164535Z_2026.01.22 US Spa Sales Budget 2026 FINAL.xlsx,2,28,Amy,,,,,,West,,,,,,,,,,,,,,,,,,,,,,,,,,,,,,,,,,,,,,,,,,,,,,,Four Seasons Hotel Las Vegas,West,Amy,2023,,,,,,,,22714.129999999997,22531.31,,,,,,,,,,,,,,,,,,,,,25032,,,,,,,,,,,,,,,,,,,,2023-04-01 00:00:00,,,No,No,Yes,Yes,Yes,-0.00804873442214149,,,,,,,,,,,,,,,,,,,,,,,,,,,,,,,,,,,,,,,,,,,,,,,,,,,,,,,,,,,,,,,,,,,,,,,,,,,,,,,,,,,,,,,,,,,,,,,,,,,,,,,,,,,us_budget_v2_full_workbook_rows,2026-03-24T16:45:36+00:00
Spa,20260324T164535Z_2026.01.22 US Spa Sales Budget 2026 FINAL.xlsx,2,29,Nicole,,,,,,Northeast,,,,,,,,,,,,,,,,,,,,,,,,,,,,,,,,,,,,,,,,,,,,,,,Body Works Day Spa; Stewart Manor,Northeast,Emily,2023,,,,,,,,0,0,,,,,,,,,,,,,,,,,,,,,25033,,,,,,,,,,,,,,,,,,,,2023-05-01 00:00:00,2024,2024-03-01 00:00:00,No,No,Yes,No,No,,,,,,,,,,,,,,,,,,,,,,,,,,,,,,,,,,,,,,,,,,,,,,,,,,,,,,,,,,,,,,,,,,,,,,,,,,,,,,,,,,,,,,,,,,,,,,,,,,,,,,,,,,,,us_budget_v2_full_workbook_rows,2026-03-24T16:45:36+00:00
Spa,20260324T164535Z_2026.01.22 US Spa Sales Budget 2026 FINAL.xlsx,2,30,Melissa,,,,,,Other,,,,,,,,,,,,,,,,,,,,,,,,,,,,,,,,,,,,,,,,,,,,,,,"Live Love Spa; Tustin, CA",Other,Melissa,2023,,,,,,,,0,0,,,,,,,,,,,,,,,,,,,,,25034,,,,,,,,,,,,,,,,,,,,2023-05-01 00:00:00,2025,2025-01-01 00:00:00,No,No,Yes,Yes,No,,,,,,,,,,,,,,,,,,,,,,,,,,,,,,,,,,,,,,,,,,,,,,,,,,,,,,,,,,,,,,,,,,,,,,,,,,,,,,,,,,,,,,,,,,,,,,,,,,,,,,,,,,,,us_budget_v2_full_workbook_rows,2026-03-24T16:45:36+00:00
Spa,20260324T164535Z_2026.01.22 US Spa Sales Budget 2026 FINAL.xlsx,2,31,Melissa,,,,,,Other,,,,,,,,,,,,,,,,,,,,,,,,,,,,,,,,,,,,,,,,,,,,,,,Rosewood Little Dix Bay; Helen Lugo,Other,Melissa,2023,,,,,,,,3417,0,,,,,,,,,,,,,,,,,,,,,25035,,,,,,,,,,,,,,,,,,,,2023-09-01 00:00:00,,,No,No,Yes,Yes,Yes,-1,,,,,,,,,,,,,,,,,,,,,,,,,,,,,,,,,,,,,,,,,,,,,,,,,,,,,,,,,,,,,,,,,,,,,,,,,,,,,,,,,,,,,,,,,,,,,,,,,,,,,,,,,,,us_budget_v2_full_workbook_rows,2026-03-24T16:45:36+00:00
Spa,20260324T164535Z_2026.01.22 US Spa Sales Budget 2026 FINAL.xlsx,2,32,Amy,,,,,,West,,,,,,,,,,,,,,,,,,,,,,,,,,,,,,,,,,,,,,,,,,,,,,,MacArthur Place; LÁuberge de Sonoma LLC; CA,West,Amy,2023,,,,,,,,267.52,654.34,,,,,,,,,,,,,,,,,,,,,25036,,,,,,,,,,,,,,,,,,,,2023-08-01 00:00:00,,,No,No,Yes,Yes,Yes,1.4459479665071773,,,,,,,,,,,,,,,,,,,,,,,,,,,,,,,,,,,,,,,,,,,,,,,,,,,,,,,,,,,,,,,,,,,,,,,,,,,,,,,,,,,,,,,,,,,,,,,,,,,,,,,,,,,us_budget_v2_full_workbook_rows,2026-03-24T16:45:36+00:00
Spa,20260324T164535Z_2026.01.22 US Spa Sales Budget 2026 FINAL.xlsx,2,33,Nicole,,,,,,Northeast,,,,,,,,,,,,,,,,,,,,,,,,,,,,,,,,,,,,,,,,,,,,,,,Equinox Holdings Inc; Boston,Northeast,Emily,2023,,,,,,,,4811.66,4383.23,,,,,,,,,,,,,,,,,,,,,25037,,,,,,,,,,,,,,,,,,,,2023-08-01 00:00:00,,,No,No,Yes,Yes,Yes,-0.0890399571042011,,,,,,,,,,,,,,,,,,,,,,,,,,,,,,,,,,,,,,,,,,,,,,,,,,,,,,,,,,,,,,,,,,,,,,,,,,,,,,,,,,,,,,,,,,,,,,,,,,,,,,,,,,,us_budget_v2_full_workbook_rows,2026-03-24T16:45:36+00:00
Spa,20260324T164535Z_2026.01.22 US Spa Sales Budget 2026 FINAL.xlsx,2,34,Nicole,,,,,,Northeast,,,,,,,,,,,,,,,,,,,,,,,,,,,,,,,,,,,,,,,,,,,,,,,Equinox Holdings Inc; Washington,Northeast,Emily,2023,,,,,,,,0,0,,,,,,,,,,,,,,,,,,,,,25037-2,,,,,,,,,,,,,,,,,,,,2023-08-01 00:00:00,,,No,No,Yes,Yes,Yes,,,,,,,,,,,,,,,,,,,,,,,,,,,,,,,,,,,,,,,,,,,,,,,,,,,,,,,,,,,,,,,,,,,,,,,,,,,,,,,,,,,,,,,,,,,,,,,,,,,,,,,,,,,,us_budget_v2_full_workbook_rows,2026-03-24T16:45:36+00:00
Spa,20260324T164535Z_2026.01.22 US Spa Sales Budget 2026 FINAL.xlsx,2,35,Amy,,,,,,West,,,,,,,,,,,,,,,,,,,,,,,,,,,,,,,,,,,,,,,,,,,,,,,"Lemon & Honey Day Spa; Orange, CA",West,Amy,2023,,,,,,,,9214.11,8371.52,,,,,,,,,,,,,,,,,,,,,25038,,,,,,,,,,,,,,,,,,,,2023-10-01 00:00:00,,,No,No,Yes,Yes,Yes,-0.09144561981569577,,,,,,,,,,,,,,,,,,,,,,,,,,,,,,,,,,,,,,,,,,,,,,,,,,,,,,,,,,,,,,,,,,,,,,,,,,,,,,,,,,,,,,,,,,,,,,,,,,,,,,,,,,,us_budget_v2_full_workbook_rows,2026-03-24T16:45:36+00:00
Spa,20260324T164535Z_2026.01.22 US Spa Sales Budget 2026 FINAL.xlsx,2,36,Emily,,,,,,Central,,,,,,,,,,,,,,,,,,,,,,,,,,,,,,,,,,,,,,,,,,,,,,,Four Seasons Hotel Austin; DTRS Austin LLC,Central,Emily,2024,,,,,,,,7373.27,555,,,,,,,,,,,,,,,,,,,,,25039,,,,,,,,,,,,,,,,,,,,2024-03-01 00:00:00,,,No,No,No,Yes,Yes,-0.924728105711577,,,,,,,,,,,,,,,,,,,,,,,,,,,,,,,,,,,,,,,,,,,,,,,,,,,,,,,,,,,,,,,,,,,,,,,,,,,,,,,,,,,,,,,,,,,,,,,,,,,,,,,,,,,us_budget_v2_full_workbook_rows,2026-03-24T16:45:36+00:00
Spa,20260324T164535Z_2026.01.22 US Spa Sales Budget 2026 FINAL.xlsx,2,37,Lisa,,,,,,Southeast,,,,,,,,,,,,,,,,,,,,,,,,,,,,,,,,,,,,,,,,,,,,,,,AMG Investments LLC; Fl,Southeast,Lisa,2023,,,,,,,,2374.2999999999997,5533.16,,,,,,,,,,,,,,,,,,,,,25040,,,,,,,,,,,,,,,,,,,,2023-10-01 00:00:00,,,No,No,Yes,Yes,Yes,1.330438445015373,,,,,,,,,,,,,,,,,,,,,,,,,,,,,,,,,,,,,,,,,,,,,,,,,,,,,,,,,,,,,,,,,,,,,,,,,,,,,,,,,,,,,,,,,,,,,,,,,,,,,,,,,,,us_budget_v2_full_workbook_rows,2026-03-24T16:45:36+00:00
Spa,20260324T164535Z_2026.01.22 US Spa Sales Budget 2026 FINAL.xlsx,2,38,Emily,,,,,,Central,,,,,,,,,,,,,,,,,,,,,,,,,,,,,,,,,,,,,,,,,,,,,,,Agata Sokolowska; IL,Central,Emily,2023,,,,,,,,0,0,,,,,,,,,,,,,,,,,,,,,25041,,,,,,,,,,,,,,,,,,,,2023-11-01 00:00:00,2023,2023-12-01 00:00:00,No,No,No,No,No,,,,,,,,,,,,,,,,,,,,,,,,,,,,,,,,,,,,,,,,,,,,,,,,,,,,,,,,,,,,,,,,,,,,,,,,,,,,,,,,,,,,,,,,,,,,,,,,,,,,,,,,,,,,us_budget_v2_full_workbook_rows,2026-03-24T16:45:36+00:00
Spa,20260324T164535Z_2026.01.22 US Spa Sales Budget 2026 FINAL.xlsx,2,39,Lisa,,,,,,Southeast,,,,,,,,,,,,,,,,,,,,,,,,,,,,,,,,,,,,,,,,,,,,,,,Eau Spa Palm Beach; Fl,Southeast,Lisa,2023,,,,,,,,8262,39356.29,,,,,,,,,,,,,,,,,,,,,25042,,,,,,,,,,,,,,,,,,,,2023-12-01 00:00:00,,,No,No,Yes,Yes,Yes,3.7635306221253932,,,,,,,,,,,,,,,,,,,,,,,,,,,,,,,,,,,,,,,,,,,,,,,,,,,,,,,,,,,,,,,,,,,,,,,,,,,,,,,,,,,,,,,,,,,,,,,,,,,,,,,,,,,us_budget_v2_full_workbook_rows,2026-03-24T16:45:36+00:00
Spa,20260324T164535Z_2026.01.22 US Spa Sales Budget 2026 FINAL.xlsx,2,40,Lisa,,,,,,Southeast,,,,,,,,,,,,,,,,,,,,,,,,,,,,,,,,,,,,,,,,,,,,,,,"Jupiter Island Holdings, Inc.; Fl",Southeast,Lisa,2023,,,,,,,,0,2570,,,,,,,,,,,,,,,,,,,,,25043,,,,,,,,,,,,,,,,,,,,2023-12-01 00:00:00,,,No,No,Yes,Yes,Yes,,,,,,,,,,,,,,,,,,,,,,,,,,,,,,,,,,,,,,,,,,,,,,,,,,,,,,,,,,,,,,,,,,,,,,,,,,,,,,,,,,,,,,,,,,,,,,,,,,,,,,,,,,,,us_budget_v2_full_workbook_rows,2026-03-24T16:45:36+00:00
Spa,20260324T164535Z_2026.01.22 US Spa Sales Budget 2026 FINAL.xlsx,2,41,Emily,,,,,,Central,,,,,,,,,,,,,,,,,,,,,,,,,,,,,,,,,,,,,,,,,,,,,,,The Elms Hotel and Spa; Missouri,Central,Emily,2024,,,,,,,,9667.73,15084.829999999998,,,,,,,,,,,,,,,,,,,,,25044,,,,,,,,,,,,,,,,,,,,2024-01-01 00:00:00,,,No,No,No,Yes,Yes,0.5603280190903137,,,,,,,,,,,,,,,,,,,,,,,,,,,,,,,,,,,,,,,,,,,,,,,,,,,,,,,,,,,,,,,,,,,,,,,,,,,,,,,,,,,,,,,,,,,,,,,,,,,,,,,,,,,us_budget_v2_full_workbook_rows,2026-03-24T16:45:36+00:00
Spa,20260324T164535Z_2026.01.22 US Spa Sales Budget 2026 FINAL.xlsx,2,42,Nicole,,,,,,Northeast,,,,,,,,,,,,,,,,,,,,,,,,,,,,,,,,,,,,,,,,,,,,,,,dba Haven Spa,Northeast,Emily,2024,,,,,,,,14437.29,5838.02,,,,,,,,,,,,,,,,,,,,,25045,,,,,,,,,,,,,,,,,,,,2024-02-01 00:00:00,,,No,No,No,Yes,Yes,-0.5956290965963834,,,,,,,,,,,,,,,,,,,,,,,,,,,,,,,,,,,,,,,,,,,,,,,,,,,,,,,,,,,,,,,,,,,,,,,,,,,,,,,,,,,,,,,,,,,,,,,,,,,,,,,,,,,us_budget_v2_full_workbook_rows,2026-03-24T16:45:36+00:00
Spa,20260324T164535Z_2026.01.22 US Spa Sales Budget 2026 FINAL.xlsx,2,43,Amy,,,,,,West,,,,,,,,,,,,,,,,,,,,,,,,,,,,,,,,,,,,,,,,,,,,,,,"Beverly Wilshire,Four Seasons Hotel, CA",West,Amy,2024,,,,,,,,11898.24,0,,,,,,,,,,,,,,,,,,,,,25046,,,,,,,,,,,,,,,,,,,,2024-04-01 00:00:00,,,No,No,No,Yes,Yes,-1,,,,,,,,,,,,,,,,,,,,,,,,,,,,,,,,,,,,,,,,,,,,,,,,,,,,,,,,,,,,,,,,,,,,,,,,,,,,,,,,,,,,,,,,,,,,,,,,,,,,,,,,,,,us_budget_v2_full_workbook_rows,2026-03-24T16:45:36+00:00
Spa,20260324T164535Z_2026.01.22 US Spa Sales Budget 2026 FINAL.xlsx,2,44,Lisa,,,,,,Southeast,,,,,,,,,,,,,,,,,,,,,,,,,,,,,,,,,,,,,,,,,,,,,,,"Four Seasons Resort Orlando,FL",Southeast,Lisa,2024,,,,,,,,13311.289999999999,20149.530000000002,,,,,,,,,,,,,,,,,,,,,25047,,,,,,,,,,,,,,,,,,,,2024-05-01 00:00:00,,,No,No,No,Yes,Yes,0.5137173031314022,,,,,,,,,,,,,,,,,,,,,,,,,,,,,,,,,,,,,,,,,,,,,,,,,,,,,,,,,,,,,,,,,,,,,,,,,,,,,,,,,,,,,,,,,,,,,,,,,,,,,,,,,,,us_budget_v2_full_workbook_rows,2026-03-24T16:45:36+00:00
Spa,20260324T164535Z_2026.01.22 US Spa Sales Budget 2026 FINAL.xlsx,2,45,Nicole,,,,,,Northeast,,,,,,,,,,,,,,,,,,,,,,,,,,,,,,,,,,,,,,,,,,,,,,,Four Seasons Baltimore; MD,Northeast,Emily,2024,,,,,,,,5398.5,3235.52,,,,,,,,,,,,,,,,,,,,,25049,,,,,,,,,,,,,,,,,,,,2024-05-01 00:00:00,,,No,No,No,Yes,Yes,-0.4006631471705103,,,,,,,,,,,,,,,,,,,,,,,,,,,,,,,,,,,,,,,,,,,,,,,,,,,,,,,,,,,,,,,,,,,,,,,,,,,,,,,,,,,,,,,,,,,,,,,,,,,,,,,,,,,us_budget_v2_full_workbook_rows,2026-03-24T16:45:36+00:00
Spa,20260324T164535Z_2026.01.22 US Spa Sales Budget 2026 FINAL.xlsx,2,46,Emily,,,,,,Central,,,,,,,,,,,,,,,,,,,,,,,,,,,,,,,,,,,,,,,,,,,,,,,"Mokara Hotel & Spa, Omni Hotels Management Corp.",Central,Emily,2024,,,,,,,,8986.55,3455.54,,,,,,,,,,,,,,,,,,,,,25050,,,,,,,,,,,,,,,,,,,,2024-06-01 00:00:00,,,No,No,No,Yes,Yes,-0.6154764620460578,,,,,,,,,,,,,,,,,,,,,,,,,,,,,,,,,,,,,,,,,,,,,,,,,,,,,,,,,,,,,,,,,,,,,,,,,,,,,,,,,,,,,,,,,,,,,,,,,,,,,,,,,,,us_budget_v2_full_workbook_rows,2026-03-24T16:45:36+00:00
Spa,20260324T164535Z_2026.01.22 US Spa Sales Budget 2026 FINAL.xlsx,2,47,Amy,,,,,,West,,,,,,,,,,,,,,,,,,,,,,,,,,,,,,,,,,,,,,,,,,,,,,,Rosewood Miramar Beach; CA,West,Amy,2024,,,,,,,,0,0,,,,,,,,,,,,,,,,,,,,,25052,,,,,,,,,,,,,,,,,,,,2024-07-01 00:00:00,,,No,No,No,Yes,Yes,,,,,,,,,,,,,,,,,,,,,,,,,,,,,,,,,,,,,,,,,,,,,,,,,,,,,,,,,,,,,,,,,,,,,,,,,,,,,,,,,,,,,,,,,,,,,,,,,,,,,,,,,,,,us_budget_v2_full_workbook_rows,2026-03-24T16:45:36+00:00
Spa,20260324T164535Z_2026.01.22 US Spa Sales Budget 2026 FINAL.xlsx,2,48,Amy,,,,,,West,,,,,,,,,,,,,,,,,,,,,,,,,,,,,,,,,,,,,,,,,,,,,,,"Bonnie Frances Skin;Phoenix, AZ",West,Amy,2024,,,,,,,,0,1846.6399999999999,,,,,,,,,,,,,,,,,,,,,25053,,,,,,,,,,,,,,,,,,,,2024-08-01 00:00:00,,,No,No,No,Yes,Yes,,,,,,,,,,,,,,,,,,,,,,,,,,,,,,,,,,,,,,,,,,,,,,,,,,,,,,,,,,,,,,,,,,,,,,,,,,,,,,,,,,,,,,,,,,,,,,,,,,,,,,,,,,,,us_budget_v2_full_workbook_rows,2026-03-24T16:45:36+00:00
Spa,20260324T164535Z_2026.01.22 US Spa Sales Budget 2026 FINAL.xlsx,2,49,Lisa,,,,,,Southeast,,,,,,,,,,,,,,,,,,,,,,,,,,,,,,,,,,,,,,,,,,,,,,,Four Seasons Hotel Nashville; TN,Southeast,Lisa,2024,,,,,,,,0,7264.8,,,,,,,,,,,,,,,,,,,,,25054,,,,,,,,,,,,,,,,,,,,2024-08-01 00:00:00,,,No,No,No,Yes,Yes,,,,,,,,,,,,,,,,,,,,,,,,,,,,,,,,,,,,,,,,,,,,,,,,,,,,,,,,,,,,,,,,,,,,,,,,,,,,,,,,,,,,,,,,,,,,,,,,,,,,,,,,,,,,us_budget_v2_full_workbook_rows,2026-03-24T16:45:36+00:00
Spa,20260324T164535Z_2026.01.22 US Spa Sales Budget 2026 FINAL.xlsx,2,50,Lisa,,,,,,Southeast,,,,,,,,,,,,,,,,,,,,,,,,,,,,,,,,,,,,,,,,,,,,,,,USREC Banyan Cay Resort LLC,Southeast,Lisa,2024,,,,,,,,0,2486.5,,,,,,,,,,,,,,,,,,,,,25055,,,,,,,,,,,,,,,,,,,,2024-09-01 00:00:00,,,No,No,No,Yes,Yes,,,,,,,,,,,,,,,,,,,,,,,,,,,,,,,,,,,,,,,,,,,,,,,,,,,,,,,,,,,,,,,,,,,,,,,,,,,,,,,,,,,,,,,,,,,,,,,,,,,,,,,,,,,,us_budget_v2_full_workbook_rows,2026-03-24T16:45:36+00:00
Spa,20260324T164535Z_2026.01.22 US Spa Sales Budget 2026 FINAL.xlsx,2,51,Amy,,,,,,Central,,,,,,,,,,,,,,,,,,,,,,,,,,,,,,,,,,,,,,,,,,,,,,,AMI LLC Bergamos Retreat,Central,Amy,2024,,,,,,,,0,15568.18,,,,,,,,,,,,,,,,,,,,,25056,,,,,,,,,,,,,,,,,,,,2024-09-01 00:00:00,,,No,No,No,Yes,Yes,,,,,,,,,,,,,,,,,,,,,,,,,,,,,,,,,,,,,,,,,,,,,,,,,,,,,,,,,,,,,,,,,,,,,,,,,,,,,,,,,,,,,,,,,,,,,,,,,,,,,,,,,,,,us_budget_v2_full_workbook_rows,2026-03-24T16:45:36+00:00
Spa,20260324T164535Z_2026.01.22 US Spa Sales Budget 2026 FINAL.xlsx,2,52,Emily,,,,,,Central,,,,,,,,,,,,,,,,,,,,,,,,,,,,,,,,,,,,,,,,,,,,,,,Waldorf Astoria Spa Chicago,Central,Emily,2024,,,,,,,,0,0,,,,,,,,,,,,,,,,,,,,,25057,,,,,,,,,,,,,,,,,,,,2024-10-01 00:00:00,2024,2024-10-01 00:00:00,No,No,No,No,No,,,,,,,,,,,,,,,,,,,,,,,,,,,,,,,,,,,,,,,,,,,,,,,,,,,,,,,,,,,,,,,,,,,,,,,,,,,,,,,,,,,,,,,,,,,,,,,,,,,,,,,,,,,,us_budget_v2_full_workbook_rows,2026-03-24T16:45:36+00:00
Spa,20260324T164535Z_2026.01.22 US Spa Sales Budget 2026 FINAL.xlsx,2,53,Amy,,,,,,West,,,,,,,,,,,,,,,,,,,,,,,,,,,,,,,,,,,,,,,,,,,,,,,"Five Point Five, Inc.",West,Amy,2024,,,,,,,,0,2594.2799999999997,,,,,,,,,,,,,,,,,,,,,25058,,,,,,,,,,,,,,,,,,,,2024-10-01 00:00:00,,,No,No,No,Yes,Yes,,,,,,,,,,,,,,,,,,,,,,,,,,,,,,,,,,,,,,,,,,,,,,,,,,,,,,,,,,,,,,,,,,,,,,,,,,,,,,,,,,,,,,,,,,,,,,,,,,,,,,,,,,,,us_budget_v2_full_workbook_rows,2026-03-24T16:45:36+00:00
Spa,20260324T164535Z_2026.01.22 US Spa Sales Budget 2026 FINAL.xlsx,2,54,Amy,,,,,,West,,,,,,,,,,,,,,,,,,,,,,,,,,,,,,,,,,,,,,,,,,,,,,,Red Rock Tivoli Aestetics,West,Amy,2024,,,,,,,,0,4006.8,,,,,,,,,,,,,,,,,,,,,25059,,,,,,,,,,,,,,,,,,,,2024-12-01 00:00:00,,,No,No,No,Yes,Yes,,,,,,,,,,,,,,,,,,,,,,,,,,,,,,,,,,,,,,,,,,,,,,,,,,,,,,,,,,,,,,,,,,,,,,,,,,,,,,,,,,,,,,,,,,,,,,,,,,,,,,,,,,,,us_budget_v2_full_workbook_rows,2026-03-24T16:45:36+00:00
Spa,20260324T164535Z_2026.01.22 US Spa Sales Budget 2026 FINAL.xlsx,2,55,Lisa,,,,,,Southeast,,,,,,,,,,,,,,,,,,,,,,,,,,,,,,,,,,,,,,,,,,,,,,,Nashville Hospitality/DBA Westin,Southeast,Lisa,2025,,,,,,,,0,10086.14,,,,,,,,,,,,,,,,,,,,,25060,,,,,,,,,,,,,,,,,,,,2025-01-01 00:00:00,,,,,,No,Yes,,,,,,,,,,,,,,,,,,,,,,,,,,,,,,,,,,,,,,,,,,,,,,,,,,,,,,,,,,,,,,,,,,,,,,,,,,,,,,,,,,,,,,,,,,,,,,,,,,,,,,,,,,,,us_budget_v2_full_workbook_rows,2026-03-24T16:45:36+00:00
Spa,20260324T164535Z_2026.01.22 US Spa Sales Budget 2026 FINAL.xlsx,2,56,Nicole,,,,,,Northeast,,,,,,,,,,,,,,,,,,,,,,,,,,,,,,,,,,,,,,,,,,,,,,,Equinox Holdings Inc; Washington DC,Northeast,Emily,2025,,,,,,,,0,5166.17,,,,,,,,,,,,,,,,,,,,,25061,,,,,,,,,,,,,,,,,,,,2025-02-01 00:00:00,,,,,,No,Yes,,,,,,,,,,,,,,,,,,,,,,,,,,,,,,,,,,,,,,,,,,,,,,,,,,,,,,,,,,,,,,,,,,,,,,,,,,,,,,,,,,,,,,,,,,,,,,,,,,,,,,,,,,,,us_budget_v2_full_workbook_rows,2026-03-24T16:45:36+00:00
Spa,20260324T164535Z_2026.01.22 US Spa Sales Budget 2026 FINAL.xlsx,2,57,Lisa,,,,,,Southeast,,,,,,,,,,,,,,,,,,,,,,,,,,,,,,,,,,,,,,,,,,,,,,,Equinox Holdings Inc; Miami,Southeast,Lisa,2025,,,,,,,,0,4285.38,,,,,,,,,,,,,,,,,,,,,25063,,,,,,,,,,,,,,,,,,,,2025-02-01 00:00:00,,,,,,No,Yes,,,,,,,,,,,,,,,,,,,,,,,,,,,,,,,,,,,,,,,,,,,,,,,,,,,,,,,,,,,,,,,,,,,,,,,,,,,,,,,,,,,,,,,,,,,,,,,,,,,,,,,,,,,,us_budget_v2_full_workbook_rows,2026-03-24T16:45:36+00:00
Spa,20260324T164535Z_2026.01.22 US Spa Sales Budget 2026 FINAL.xlsx,2,58,Nicole,,,,,,Northeast,,,,,,,,,,,,,,,,,,,,,,,,,,,,,,,,,,,,,,,,,,,,,,,Equinox Holdings Inc; SPA Retail Washington DC,Northeast,Emily,2025,,,,,,,,0,1843.8799999999999,,,,,,,,,,,,,,,,,,,,,25062,,,,,,,,,,,,,,,,,,,,2025-03-01 00:00:00,,,,,,No,Yes,,,,,,,,,,,,,,,,,,,,,,,,,,,,,,,,,,,,,,,,,,,,,,,,,,,,,,,,,,,,,,,,,,,,,,,,,,,,,,,,,,,,,,,,,,,,,,,,,,,,,,,,,,,,us_budget_v2_full_workbook_rows,2026-03-24T16:45:36+00:00
Spa,20260324T164535Z_2026.01.22 US Spa Sales Budget 2026 FINAL.xlsx,2,59,Amy,,,,,,West,,,,,,,,,,,,,,,,,,,,,,,,,,,,,,,,,,,,,,,,,,,,,,,Embracing the Dance of Healing,West,Amy,2025,,,,,,,,0,1640.9,,,,,,,,,,,,,,,,,,,,,25064,,,,,,,,,,,,,,,,,,,,2025-03-01 00:00:00,,,,,,No,Yes,,,,,,,,,,,,,,,,,,,,,,,,,,,,,,,,,,,,,,,,,,,,,,,,,,,,,,,,,,,,,,,,,,,,,,,,,,,,,,,,,,,,,,,,,,,,,,,,,,,,,,,,,,,,us_budget_v2_full_workbook_rows,2026-03-24T16:45:36+00:00
Spa,20260324T164535Z_2026.01.22 US Spa Sales Budget 2026 FINAL.xlsx,2,60,Amy,,,,,,West,,,,,,,,,,,,,,,,,,,,,,,,,,,,,,,,,,,,,,,,,,,,,,,"Cupid Lift Inc., West Hollywood",West,Amy,2025,,,,,,,,0,4155,,,,,,,,,,,,,,,,,,,,,25065,,,,,,,,,,,,,,,,,,,,2025-04-01 00:00:00,,,,,,No,Yes,,,,,,,,,,,,,,,,,,,,,,,,,,,,,,,,,,,,,,,,,,,,,,,,,,,,,,,,,,,,,,,,,,,,,,,,,,,,,,,,,,,,,,,,,,,,,,,,,,,,,,,,,,,,us_budget_v2_full_workbook_rows,2026-03-24T16:45:36+00:00
Spa,20260324T164535Z_2026.01.22 US Spa Sales Budget 2026 FINAL.xlsx,2,61,Amy,,,,,,West,,,,,,,,,,,,,,,,,,,,,,,,,,,,,,,,,,,,,,,,,,,,,,,ARIA Resort & Casino; Las Vegas,West,Amy,2025,,,,,,,,0,16619.72,,,,,,,,,,,,,,,,,,,,,25066,,,,,,,,,,,,,,,,,,,,2025-05-01 00:00:00,,,,,,,Yes,,,,,,,,,,,,,,,,,,,,,,,,,,,,,,,,,,,,,,,,,,,,,,,,,,,,,,,,,,,,,,,,,,,,,,,,,,,,,,,,,,,,,,,,,,,,,,,,,,,,,,,,,,,,us_budget_v2_full_workbook_rows,2026-03-24T16:45:36+00:00
Spa,20260324T164535Z_2026.01.22 US Spa Sales Budget 2026 FINAL.xlsx,2,62,Amy,,,,,,West,,,,,,,,,,,,,,,,,,,,,,,,,,,,,,,,,,,,,,,,,,,,,,,"The Ritz-Carlton, Half Moon Bay LLC",West,Amy,2025,,,,,,,,0,19698.06,,,,,,,,,,,,,,,,,,,,,25067,,,,,,,,,,,,,,,,,,,,2025-05-01 00:00:00,,,,,,,Yes,,,,,,,,,,,,,,,,,,,,,,,,,,,,,,,,,,,,,,,,,,,,,,,,,,,,,,,,,,,,,,,,,,,,,,,,,,,,,,,,,,,,,,,,,,,,,,,,,,,,,,,,,,,,us_budget_v2_full_workbook_rows,2026-03-24T16:45:36+00:00
Spa,20260324T164535Z_2026.01.22 US Spa Sales Budget 2026 FINAL.xlsx,2,63,Emily,,,,,,Central,,,,,,,,,,,,,,,,,,,,,,,,,,,,,,,,,,,,,,,,,,,,,,,321 Skin Glow LLC,Central,Emily,2025,,,,,,,,0,9538,,,,,,,,,,,,,,,,,,,,,25068,,,,,,,,,,,,,,,,,,,,2025-06-01 00:00:00,,,,,,,Yes,,,,,,,,,,,,,,,,,,,,,,,,,,,,,,,,,,,,,,,,,,,,,,,,,,,,,,,,,,,,,,,,,,,,,,,,,,,,,,,,,,,,,,,,,,,,,,,,,,,,,,,,,,,,us_budget_v2_full_workbook_rows,2026-03-24T16:45:36+00:00
Spa,20260324T164535Z_2026.01.22 US Spa Sales Budget 2026 FINAL.xlsx,2,64,Lisa,,,,,,Southeast,,,,,,,,,,,,,,,,,,,,,,,,,,,,,,,,,,,,,,,,,,,,,,,Simply Bliss SkinCare LLC,Southeast,Lisa,2025,,,,,,,,0,343,,,,,,,,,,,,,,,,,,,,,25069,,,,,,,,,,,,,,,,,,,,2025-06-01 00:00:00,,,,,,,Yes,,,,,,,,,,,,,,,,,,,,,,,,,,,,,,,,,,,,,,,,,,,,,,,,,,,,,,,,,,,,,,,,,,,,,,,,,,,,,,,,,,,,,,,,,,,,,,,,,,,,,,,,,,,,us_budget_v2_full_workbook_rows,2026-03-24T16:45:36+00:00
Spa,20260324T164535Z_2026.01.22 US Spa Sales Budget 2026 FINAL.xlsx,2,65,Emily,,,,,,Northeast,,,,,,,,,,,,,,,,,,,,,,,,,,,,,,,,,,,,,,,,,,,,,,,Renaissance Hotel Partners LLC,Northeast,Emily,2025,,,,,,,,0,0,,,,,,,,,,,,,,,,,,,,,25070,,,,,,,,,,,,,,,,,,,,2025-07-01 00:00:00,,,,,,,Yes,,,,,,,,,,,,,,,,,,,,,,,,,,,,,,,,,,,,,,,,,,,,,,,,,,,,,,,,,,,,,,,,,,,,,,,,,,,,,,,,,,,,,,,,,,,,,,,,,,,,,,,,,,,,us_budget_v2_full_workbook_rows,2026-03-24T16:45:36+00:00
Spa,20260324T164535Z_2026.01.22 US Spa Sales Budget 2026 FINAL.xlsx,2,66,Emily,,,,,,Central,,,,,,,,,,,,,,,,,,,,,,,,,,,,,,,,,,,,,,,,,,,,,,,Nerdium LLC; Texas,Central,Emily,2025,,,,,,,,0,0,,,,,,,,,,,,,,,,,,,,,25071,,,,,,,,,,,,,,,,,,,,2025-07-01 00:00:00,,,,,,,Yes,,,,,,,,,,,,,,,,,,,,,,,,,,,,,,,,,,,,,,,,,,,,,,,,,,,,,,,,,,,,,,,,,,,,,,,,,,,,,,,,,,,,,,,,,,,,,,,,,,,,,,,,,,,,us_budget_v2_full_workbook_rows,2026-03-24T16:45:36+00:00
Spa,20260324T164535Z_2026.01.22 US Spa Sales Budget 2026 FINAL.xlsx,2,67,Amy,,,,,,West,,,,,,,,,,,,,,,,,,,,,,,,,,,,,,,,,,,,,,,,,,,,,,,Balboa Bay Club Ventures LLC,West,Amy,2025,,,,,,,,0,0,,,,,,,,,,,,,,,,,,,,,25072,,,,,,,,,,,,,,,,,,,,2025-07-01 00:00:00,,,,,,,Yes,,,,,,,,,,,,,,,,,,,,,,,,,,,,,,,,,,,,,,,,,,,,,,,,,,,,,,,,,,,,,,,,,,,,,,,,,,,,,,,,,,,,,,,,,,,,,,,,,,,,,,,,,,,,us_budget_v2_full_workbook_rows,2026-03-24T16:45:36+00:00
Spa,20260324T164535Z_2026.01.22 US Spa Sales Budget 2026 FINAL.xlsx,2,68,,,,,,,,,,,,,,,,,,,,,,,,,,,,,,,,,,,,,,,,,,,,,,,,,,,,,,Mario Tricoci Hair Salons & Day Spas,Central,Emily,2025,,,,,,,,0,0,,,,,,,,,,,,,,,,,,,,,25073,,,,,,,,,,,,,,,,,,,,45931,,,,,,,Yes,,,,,,,,,,,,,,,,,,,,,,,,,,,,,,,,,,,,,,,,,,,,,,,,,,,,,,,,,,,,,,,,,,,,,,,,,,,,,,,,,,,,,,,,,,,,,,,,,,,,,,,,,,,,us_budget_v2_full_workbook_rows,2026-03-24T16:45:36+00:00
Spa,20260324T164535Z_2026.01.22 US Spa Sales Budget 2026 FINAL.xlsx,2,69,,,,,,,,,,,,,,,,,,,,,,,,,,,,,,,,,,,,,,,,,,,,,,,,,,,,,,"Houstonian Campus, LLC",Central,Emily,2025,,,,,,,,0,0,,,,,,,,,,,,,,,,,,,,,25074,,,,,,,,,,,,,,,,,,,,45931,,,,,,,Yes,,,,,,,,,,,,,,,,,,,,,,,,,,,,,,,,,,,,,,,,,,,,,,,,,,,,,,,,,,,,,,,,,,,,,,,,,,,,,,,,,,,,,,,,,,,,,,,,,,,,,,,,,,,,us_budget_v2_full_workbook_rows,2026-03-24T16:45:36+00:00
Spa,20260324T164535Z_2026.01.22 US Spa Sales Budget 2026 FINAL.xlsx,2,70,,,,,,,,,,,,,,,,,,,,,,,,,,,,,,,,,,,,,,,,,,,,,,,,,,,,,,Wyndham Grand Rio Mar Hotel,Other,Melissa,2025,,,,,,,,0,0,,,,,,,,,,,,,,,,,,,,,25075,,,,,,,,,,,,,,,,,,,,45931,,,,,,,Yes,,,,,,,,,,,,,,,,,,,,,,,,,,,,,,,,,,,,,,,,,,,,,,,,,,,,,,,,,,,,,,,,,,,,,,,,,,,,,,,,,,,,,,,,,,,,,,,,,,,,,,,,,,,,us_budget_v2_full_workbook_rows,2026-03-24T16:45:36+00:00
Spa,20260324T164535Z_2026.01.22 US Spa Sales Budget 2026 FINAL.xlsx,2,71,,,,,,,,,,,,,,,,,,,,,,,,,,,,,,,,,,,,,,,,,,,,,,,,,,,,,,Costa d' Este Beach Resort & Spa,Other,Melissa,2025,,,,,,,,,,,,,,,,,,,,,,,,,,,,,,25076,,,,,,,,,,,,,,,,,,,,45992,,,,,,,Yes,,,,,,,,,,,,,,,,,,,,,,,,,,,,,,,,,,,,,,,,,,,,,,,,,,,,,,,,,,,,,,,,,,,,,,,,,,,,,,,,,,,,,,,,,,,,,,,,,,,,,,,,,,,,us_budget_v2_full_workbook_rows,2026-03-24T16:45:36+00:00
2022,20260324T164535Z_2026.01.22 US Spa Sales Budget 2026 FINAL.xlsx,10,11,,,,,,,,,,,,,,,,,,,,,,,,,,,,,,,,,,,,,,,,,,,,,,,,,,,,,25000,West Coast Lifestyles Inc.; CA,West,Amy,2021,Yes,,,,,,,,,,,,,,,,,,,,,,,,,,,,,,,,,,,,,,,,,,,,,,,,,,,,,,,,,,2,2021-07-01 00:00:00,20217,12766.93,179.25,,1280,,901,759.5,,89,1118.8,561,611.1,250,179.25,179.25,1459.25,1459.25,2360.25,3119.75,3119.75,3208.75,4327.55,4888.55,5499.650000000001,5749.650000000001,,,,,,,,,,,,,,,,,,,,,,,,,,,,,,,,,,,,,,,,,,,,,,,,,,,,,,,,,,,,,,,,,,,,,,,,,,,,,,,us_budget_v2_full_workbook_rows,2026-03-24T16:45:36+00:00
2022,20260324T164535Z_2026.01.22 US Spa Sales Budget 2026 FINAL.xlsx,10,12,,,,,,,,,,,,,,,,,,,,,,,,,,,,,,,,,,,,,,,,,,,,,,,,,,,,,25001,Four Seasons Hotel Philadelphia; ; El Paso,Northeast,Emily,2021,Yes,,,,,,,,,,,,,,,,,,,,,,,,,,,,,,,,,,,,,,,,,,,,,,,,,,,,,,,,,,3,2021-05-01 00:00:00,20215,57102.76,1315.75,656.48,2264.5,4158.93,2035.13,2374.55,2259.05,2999.35,2742.2,4017.9,4694.2,2839.15,1315.75,1972.23,4236.73,8395.66,10430.79,12805.34,15064.39,18063.739999999998,20805.94,24823.84,29518.04,32357.190000000002,,,,,,,,,,,,,,,,,,,,,,,,,,,,,,,,,,,,,,,,,,,,,,,,,,,,,,,,,,,,,,,,,,,,,,,,,,,,,,,us_budget_v2_full_workbook_rows,2026-03-24T16:45:36+00:00
2022,20260324T164535Z_2026.01.22 US Spa Sales Budget 2026 FINAL.xlsx,10,13,,,,,,,,,,,,,,,,,,,,,,,,,,,,,,,,,,,,,,,,,,,,,,,,,,,,,25002,Porto Vita/Villa Grande Club; Fl,Southeast,Lisa,2021,Yes,,,,,,,,,,,,,,,,,,,,,,,,,,,,,,,,,,,,,,,,,,,,,,,,,,,,,,,,,,4,2021-08-01 00:00:00,20218,24911.8,5332.02,3759.9,,1919.37,1883.75,,1267.6,910.95,,,930.5,,5332.02,9091.92,9091.92,11011.29,12895.04,12895.04,14162.640000000001,15073.590000000002,15073.590000000002,15073.590000000002,16004.090000000002,16004.090000000002,,,,,,,,,,,,,,,,,,,,,,,,,,,,,,,,,,,,,,,,,,,,,,,,,,,,,,,,,,,,,,,,,,,,,,,,,,,,,,,us_budget_v2_full_workbook_rows,2026-03-24T16:45:36+00:00
2022,20260324T164535Z_2026.01.22 US Spa Sales Budget 2026 FINAL.xlsx,10,14,,,,,,,,,,,,,,,,,,,,,,,,,,,,,,,,,,,,,,,,,,,,,,,,,,,,,25003,The resort at Longboat Key CLub; Florida,Southeast,Lisa,2021,No,,,,,,,,,,,,,,,,,,,,,,,,,,,,,,,,,,,,,,,,,,,,,,,,,,,,,,,,,,5,2021-09-01 00:00:00,20219,1917.25,,,,,,,,,1917.25,,,,0,0,0,0,0,0,0,0,1917.25,1917.25,1917.25,1917.25,,,,,,,,,,,,,,,,,,,,,,,,,,,,,,,,,,,,,,,,,,,,,,,,,,,,,,,,,,,,,,,,,,,,,,,,,,,,,,,us_budget_v2_full_workbook_rows,2026-03-24T16:45:36+00:00
2022,20260324T164535Z_2026.01.22 US Spa Sales Budget 2026 FINAL.xlsx,10,15,,,,,,,,,,,,,,,,,,,,,,,,,,,,,,,,,,,,,,,,,,,,,,,,,,,,,25004,Teton Mountain Lodge,West,Amy,2021,Yes,,,,,,,,,,,,,,,,,,,,,,,,,,,,,,,,,,,,,,,,,,,,,,,,,,,,,,,,,,6,2021-09-01 00:00:00,20219,15904.31,,,1529.5,,,,2102.25,,,,,2002.25,0,0,1529.5,1529.5,1529.5,1529.5,3631.75,3631.75,3631.75,3631.75,3631.75,5634,,,,,,,,,,,,,,,,,,,,,,,,,,,,,,,,,,,,,,,,,,,,,,,,,,,,,,,,,,,,,,,,,,,,,,,,,,,,,,,us_budget_v2_full_workbook_rows,2026-03-24T16:45:36+00:00
2022,20260324T164535Z_2026.01.22 US Spa Sales Budget 2026 FINAL.xlsx,10,16,,,,,,,,,,,,,,,,,,,,,,,,,,,,,,,,,,,,,,,,,,,,,,,,,,,,,25008,"Stars Skincare Med Spa, Florida",Southeast,Lisa,2021,Yes,,,,,,,,,,,,,,,,,,,,,,,,,,,,,,,,,,,,,,,,,,,,,,,,,,,,,,,,,,10,2021-12-01 00:00:00,202112,2212.5,,1083,,,,,,,,,,,0,1083,1083,1083,1083,1083,1083,1083,1083,1083,1083,1083,,,,,,,,,,,,,,,,,,,,,,,,,,,,,,,,,,,,,,,,,,,,,,,,,,,,,,,,,,,,,,,,,,,,,,,,,,,,,,,us_budget_v2_full_workbook_rows,2026-03-24T16:45:36+00:00
2022,20260324T164535Z_2026.01.22 US Spa Sales Budget 2026 FINAL.xlsx,10,17,,,,,,,,,,,,,,,,,,,,,,,,,,,,,,,,,,,,,,,,,,,,,,,,,,,,,25009,Glo Rejuvenation; Oregon,West,Amy,2022,Yes,,,,,,,,,,,,,,,,,,,,,,,,,,,,,,,,,,,,,,,,,,,,,,,,,,,,,,,,,,11,2022-01-01 00:00:00,20221,32836.49,6791.99,2612.4,1156,1690.95,2351.1,2456.55,,4783.85,177,940,,,6791.99,9404.39,10560.39,12251.34,14602.44,17058.99,17058.99,21842.840000000004,22019.840000000004,22959.840000000004,22959.840000000004,22959.840000000004,,,,,,,,,,,,,,,,,,,,,,,,,,,,,,,,,,,,,,,,,,,,,,,,,,,,,,,,,,,,,,,,,,,,,,,,,,,,,,,us_budget_v2_full_workbook_rows,2026-03-24T16:45:36+00:00
2022,20260324T164535Z_2026.01.22 US Spa Sales Budget 2026 FINAL.xlsx,10,18,,,,,,,,,,,,,,,,,,,,,,,,,,,,,,,,,,,,,,,,,,,,,,,,,,,,,25010,"Four Seasons Hotel, Fort Lauderdale; FL",Southeast,Lisa,2022,Yes,,,,,,,,,,,,,,,,,,,,,,,,,,,,,,,,,,,,,,,,,,,,,,,,,,,,,,,,,,12,2022-01-01 00:00:00,20221,108983.17,15594.96,,2750.2,2894,4996.6,1046.4,,4501.5,8382.5,,7206.85,7254.8,15594.96,15594.96,18345.16,21239.16,26235.760000000002,27282.160000000003,27282.160000000003,31783.660000000003,40166.16,40166.16,47373.01,54627.810000000005,,,,,,,,,,,,,,,,,,,,,,,,,,,,,,,,,,,,,,,,,,,,,,,,,,,,,,,,,,,,,,,,,,,,,,,,,,,,,,,us_budget_v2_full_workbook_rows,2026-03-24T16:45:36+00:00
2022,20260324T164535Z_2026.01.22 US Spa Sales Budget 2026 FINAL.xlsx,10,19,,,,,,,,,,,,,,,,,,,,,,,,,,,,,,,,,,,,,,,,,,,,,,,,,,,,,25011,D&G Global Inc.; Claire Gobler; CA,West,Amy,2022,Yes,,,,,,,,,,,,,,,,,,,,,,,,,,,,,,,,,,,,,,,,,,,,,,,,,,,,,,,,,,13,2022-02-01 00:00:00,20222,25713.4,,13099.35,2394.3,,2326.4,2170,1073.6,4125.55,,,,,0,13099.35,15493.650000000001,15493.650000000001,17820.050000000003,19990.050000000003,21063.65,25189.2,25189.2,25189.2,25189.2,25189.2,,,,,,,,,,,,,,,,,,,,,,,,,,,,,,,,,,,,,,,,,,,,,,,,,,,,,,,,,,,,,,,,,,,,,,,,,,,,,,,us_budget_v2_full_workbook_rows,2026-03-24T16:45:36+00:00
2022,20260324T164535Z_2026.01.22 US Spa Sales Budget 2026 FINAL.xlsx,10,20,,,,,,,,,,,,,,,,,,,,,,,,,,,,,,,,,,,,,,,,,,,,,,,,,,,,,25012,"Rosewood Sense Spa, CA",West,Amy,2022,Yes,,,,,,,,,,,,,,,,,,,,,,,,,,,,,,,,,,,,,,,,,,,,,,,,,,,,,,,,,,14,2022-03-01 00:00:00,20223,268312.63,,0,13598.45,13686.16,8825.1,8815.9,3507,29517.7,18258.05,8394.3,3753,19445,0,0,13598.45,27284.61,36109.71,44925.61,48432.61,77950.31,96208.36,104602.66,108355.66,127800.66,,,,,,,,,,,,,,,,,,,,,,,,,,,,,,,,,,,,,,,,,,,,,,,,,,,,,,,,,,,,,,,,,,,,,,,,,,,,,,,us_budget_v2_full_workbook_rows,2026-03-24T16:45:36+00:00
2022,20260324T164535Z_2026.01.22 US Spa Sales Budget 2026 FINAL.xlsx,10,21,,,,,,,,,,,,,,,,,,,,,,,,,,,,,,,,,,,,,,,,,,,,,,,,,,,,,25013,Gurney ´s Inn Resort & Spa LLC; NY,Central,Emily,2022,Yes,,,,,,,,,,,,,,,,,,,,,,,,,,,,,,,,,,,,,,,,,,,,,,,,,,,,,,,,,,15,2022-03-01 00:00:00,20223,28353.3,,,26813.5,,1539.8,,,,,,,,0,0,26813.5,26813.5,28353.3,28353.3,28353.3,28353.3,28353.3,28353.3,28353.3,28353.3,,,,,,,,,,,,,,,,,,,,,,,,,,,,,,,,,,,,,,,,,,,,,,,,,,,,,,,,,,,,,,,,,,,,,,,,,,,,,,,us_budget_v2_full_workbook_rows,2026-03-24T16:45:36+00:00
2022,20260324T164535Z_2026.01.22 US Spa Sales Budget 2026 FINAL.xlsx,10,22,,,,,,,,,,,,,,,,,,,,,,,,,,,,,,,,,,,,,,,,,,,,,,,,,,,,,25015,Gateway Canyon Resort & Spa; CO,West,Amy,2022,Yes,,,,,,,,,,,,,,,,,,,,,,,,,,,,,,,,,,,,,,,,,,,,,,,,,,,,,,,,,,16,2022-03-01 00:00:00,20223,16589.58,,,4213.45,,1272.7,162,566.25,650.45,,2162.9,,603.35,0,0,4213.45,4213.45,5486.15,5648.15,6214.4,6864.849999999999,6864.849999999999,9027.75,9027.75,9631.1,,,,,,,,,,,,,,,,,,,,,,,,,,,,,,,,,,,,,,,,,,,,,,,,,,,,,,,,,,,,,,,,,,,,,,,,,,,,,,,us_budget_v2_full_workbook_rows,2026-03-24T16:45:36+00:00
2022,20260324T164535Z_2026.01.22 US Spa Sales Budget 2026 FINAL.xlsx,10,23,,,,,,,,,,,,,,,,,,,,,,,,,,,,,,,,,,,,,,,,,,,,,,,,,,,,,25016,"Williams Island POA, Inc.Florida",Southeast,Lisa,2022,Yes,,,,,,,,,,,,,,,,,,,,,,,,,,,,,,,,,,,,,,,,,,,,,,,,,,,,,,,,,,17,2022-04-01 00:00:00,20224,21196.78,,,,5813.7,,323.1,,1546.7,,1649.35,,1773.3,0,0,0,5813.7,5813.7,6136.8,6136.8,7683.5,7683.5,9332.85,9332.85,11106.15,,,,,,,,,,,,,,,,,,,,,,,,,,,,,,,,,,,,,,,,,,,,,,,,,,,,,,,,,,,,,,,,,,,,,,,,,,,,,,,us_budget_v2_full_workbook_rows,2026-03-24T16:45:36+00:00
2022,20260324T164535Z_2026.01.22 US Spa Sales Budget 2026 FINAL.xlsx,10,24,,,,,,,,,,,,,,,,,,,,,,,,,,,,,,,,,,,,,,,,,,,,,,,,,,,,,25018,Iridescent LLC; Big-Bang; Miiami; Paula,Southeast,Lisa,2022,Yes,,,,,,,,,,,,,,,,,,,,,,,,,,,,,,,,,,,,,,,,,,,,,,,,,,,,,,,,,,18,2022-07-01 00:00:00,20227,8694,,,,,,,8694,,,,,,0,0,0,0,0,0,8694,8694,8694,8694,8694,8694,,,,,,,,,,,,,,,,,,,,,,,,,,,,,,,,,,,,,,,,,,,,,,,,,,,,,,,,,,,,,,,,,,,,,,,,,,,,,,,us_budget_v2_full_workbook_rows,2026-03-24T16:45:36+00:00
2022,20260324T164535Z_2026.01.22 US Spa Sales Budget 2026 FINAL.xlsx,10,25,,,,,,,,,,,,,,,,,,,,,,,,,,,,,,,,,,,,,,,,,,,,,,,,,,,,,25019,Banyan Cay Res.; W Palm Beach; Melissa,Southeast,Lisa,2022,Yes,,,,,,,,,,,,,,,,,,,,,,,,,,,,,,,,,,,,,,,,,,,,,,,,,,,,,,,,,,19,2022-06-01 00:00:00,20226,3203.8,,,,,,3203.8,,0,,,,,0,0,0,0,0,3203.8,3203.8,3203.8,3203.8,3203.8,3203.8,3203.8,,,,,,,,,,,,,,,,,,,,,,,,,,,,,,,,,,,,,,,,,,,,,,,,,,,,,,,,,,,,,,,,,,,,,,,,,,,,,,,us_budget_v2_full_workbook_rows,2026-03-24T16:45:36+00:00
2022,20260324T164535Z_2026.01.22 US Spa Sales Budget 2026 FINAL.xlsx,10,26,,,,,,,,,,,,,,,,,,,,,,,,,,,,,,,,,,,,,,,,,,,,,,,,,,,,,25020,Faena Hotel Miami Beach; FL,Southeast,Lisa,2022,Yes,,,,,,,,,,,,,,,,,,,,,,,,,,,,,,,,,,,,,,,,,,,,,,,,,,,,,,,,,,20,2022-07-01 00:00:00,20227,7514.3,,,,,,,7514.3,,,,0,,0,0,0,0,0,0,7514.3,7514.3,7514.3,7514.3,7514.3,7514.3,,,,,,,,,,,,,,,,,,,,,,,,,,,,,,,,,,,,,,,,,,,,,,,,,,,,,,,,,,,,,,,,,,,,,,,,,,,,,,,us_budget_v2_full_workbook_rows,2026-03-24T16:45:36+00:00
2022,20260324T164535Z_2026.01.22 US Spa Sales Budget 2026 FINAL.xlsx,10,27,,,,,,,,,,,,,,,,,,,,,,,,,,,,,,,,,,,,,,,,,,,,,,,,,,,,,25021,TALISKER CLUB; Holly Arndt,Central,Amy,,No,,,,,,,,,,,,,,,,,,,,,,,,,,,,,,,,,,,,,,,,,,,,,,,,,,,,,,,,,,21,,,0,,,,,,,,0,,,,,0,0,0,0,0,0,0,0,0,0,0,0,,,,,,,,,,,,,,,,,,,,,,,,,,,,,,,,,,,,,,,,,,,,,,,,,,,,,,,,,,,,,,,,,,,,,,,,,,,,,,,us_budget_v2_full_workbook_rows,2026-03-24T16:45:36+00:00
2022,20260324T164535Z_2026.01.22 US Spa Sales Budget 2026 FINAL.xlsx,10,28,,,,,,,,,,,,,,,,,,,,,,,,,,,,,,,,,,,,,,,,,,,,,,,,,,,,,25022,Beating Hearts; Dallas; Lori Feste,Central,Amy,2022,Yes,,,,,,,,,,,,,,,,,,,,,,,,,,,,,,,,,,,,,,,,,,,,,,,,,,,,,,,,,,22,2022-08-01 00:00:00,20228,2997.3,,,,,,,,2997.3,,,0,,0,0,0,0,0,0,0,2997.3,2997.3,2997.3,2997.3,2997.3,,,,,,,,,,,,,,,,,,,,,,,,,,,,,,,,,,,,,,,,,,,,,,,,,,,,,,,,,,,,,,,,,,,,,,,,,,,,,,,us_budget_v2_full_workbook_rows,2026-03-24T16:45:36+00:00
2022,20260324T164535Z_2026.01.22 US Spa Sales Budget 2026 FINAL.xlsx,10,29,,,,,,,,,,,,,,,,,,,,,,,,,,,,,,,,,,,,,,,,,,,,,,,,,,,,,25023,HLP Hotels LLC DBA Lost Pines; Texas,Central,Amy,2022,Yes,,,,,,,,,,,,,,,,,,,,,,,,,,,,,,,,,,,,,,,,,,,,,,,,,,,,,,,,,,23,2022-09-01 00:00:00,20229,15579.78,,,,,,,,,7539.8,0,,1257,0,0,0,0,0,0,0,0,7539.8,7539.8,7539.8,8796.8,,,,,,,,,,,,,,,,,,,,,,,,,,,,,,,,,,,,,,,,,,,,,,,,,,,,,,,,,,,,,,,,,,,,,,,,,,,,,,,us_budget_v2_full_workbook_rows,2026-03-24T16:45:36+00:00
2022,20260324T164535Z_2026.01.22 US Spa Sales Budget 2026 FINAL.xlsx,10,30,,,,,,,,,,,,,,,,,,,,,,,,,,,,,,,,,,,,,,,,,,,,,,,,,,,,,25024,"Mt. Bailey Holdings, LLC; Four Seasons Hotel Atlanta",Southeast,Lisa,2022,Yes,,,,,,,,,,,,,,,,,,,,,,,,,,,,,,,,,,,,,,,,,,,,,,,,,,,,,,,,,,24,2022-10-01 00:00:00,202210,9553.84,,,,,,,,,,7009.6,,,0,0,0,0,0,0,0,0,0,7009.6,7009.6,7009.6,,,,,,,,,,,,,,,,,,,,,,,,,,,,,,,,,,,,,,,,,,,,,,,,,,,,,,,,,,,,,,,,,,,,,,,,,,,,,,,us_budget_v2_full_workbook_rows,2026-03-24T16:45:36+00:00
2022,20260324T164535Z_2026.01.22 US Spa Sales Budget 2026 FINAL.xlsx,10,31,,,,,,,,,,,,,,,,,,,,,,,,,,,,,,,,,,,,,,,,,,,,,,,,,,,,,25025,"ARCH Amenity Group, Florida",Southeast,Lisa,,No,,,,,,,,,,,,,,,,,,,,,,,,,,,,,,,,,,,,,,,,,,,,,,,,,,,,,,,,,,25,,,0,,,,,,,,,,,0,,0,0,0,0,0,0,0,0,0,0,0,0,,,,,,,,,,,,,,,,,,,,,,,,,,,,,,,,,,,,,,,,,,,,,,,,,,,,,,,,,,,,,,,,,,,,,,,,,,,,,,,us_budget_v2_full_workbook_rows,2026-03-24T16:45:36+00:00
2022,20260324T164535Z_2026.01.22 US Spa Sales Budget 2026 FINAL.xlsx,10,32,,,,,,,,,,,,,,,,,,,,,,,,,,,,,,,,,,,,,,,,,,,,,,,,,,,,,25026,JW Marriott Miami Turnberry,Southeast,Lisa,2023,No,,,,,,,,,,,,,,,,,,,,,,,,,,,,,,,,,,,,,,,,,,,,,,,,,,,,,,,,,,26,2023-01-01 00:00:00,20231,10735.11,,,,,,,,,,,,,0,0,0,0,0,0,0,0,0,0,0,0,,,,,,,,,,,,,,,,,,,,,,,,,,,,,,,,,,,,,,,,,,,,,,,,,,,,,,,,,,,,,,,,,,,,,,,,,,,,,,,us_budget_v2_full_workbook_rows,2026-03-24T16:45:36+00:00
2022,20260324T164535Z_2026.01.22 US Spa Sales Budget 2026 FINAL.xlsx,10,33,,,,,,,,,,,,,,,,,,,,,,,,,,,,,,,,,,,,,,,,,,,,,,,,,,,,,25027,San Manuel Entert.; Yaamava Resort; Highland,West,Amy,2022,Yes,,,,,,,,,,,,,,,,,,,,,,,,,,,,,,,,,,,,,,,,,,,,,,,,,,,,,,,,,,27,2022-12-01 00:00:00,202212,76587.88,,,,,,,,,,,,19362.58,0,0,0,0,0,0,0,0,0,0,0,19362.58,,,,,,,,,,,,,,,,,,,,,,,,,,,,,,,,,,,,,,,,,,,,,,,,,,,,,,,,,,,,,,,,,,,,,,,,,,,,,,,us_budget_v2_full_workbook_rows,2026-03-24T16:45:36+00:00
2022,20260324T164535Z_2026.01.22 US Spa Sales Budget 2026 FINAL.xlsx,10,34,,,,,,,,,,,,,,,,,,,,,,,,,,,,,,,,,,,,,,,,,,,,,,,,,,,,,25028,Jenny Y Yu; MD FACS PLLC,Northeast,Emily,2023,No,,,,,,,,,,,,,,,,,,,,,,,,,,,,,,,,,,,,,,,,,,,,,,,,,,,,,,,,,,28,2023-01-01 00:00:00,20231,2978,,,,,,,,,,,,,0,0,0,0,0,0,0,0,0,0,0,0,,,,,,,,,,,,,,,,,,,,,,,,,,,,,,,,,,,,,,,,,,,,,,,,,,,,,,,,,,,,,,,,,,,,,,,,,,,,,,,us_budget_v2_full_workbook_rows,2026-03-24T16:45:36+00:00
2022,20260324T164535Z_2026.01.22 US Spa Sales Budget 2026 FINAL.xlsx,10,35,,,,,,,,,,,,,,,,,,,,,,,,,,,,,,,,,,,,,,,,,,,,,,,,,,,,,25029,Ana Molinari Inc.; FL,Southeast,Lisa,2023,No,,,,,,,,,,,,,,,,,,,,,,,,,,,,,,,,,,,,,,,,,,,,,,,,,,,,,,,,,,29,2023-01-01 00:00:00,20231,3872.89,,,,,,,,,,,,,0,0,0,0,0,0,0,0,0,0,0,0,,,,,,,,,,,,,,,,,,,,,,,,,,,,,,,,,,,,,,,,,,,,,,,,,,,,,,,,,,,,,,,,,,,,,,,,,,,,,,,us_budget_v2_full_workbook_rows,2026-03-24T16:45:36+00:00
2022,20260324T164535Z_2026.01.22 US Spa Sales Budget 2026 FINAL.xlsx,10,36,,,,,,,,,,,,,,,,,,,,,,,,,,,,,,,,,,,,,,,,,,,,,,,,,,,,,25032,Four Seasons Hotel Las Vegas,West,Amy,2023,No,,,,,,,,,,,,,,,,,,,,,,,,,,,,,,,,,,,,,,,,,,,,,,,,,,,,,,,,,,32,2023-04-01 00:00:00,20234,43029.09,,,,,,,,,,,,,0,0,0,0,0,0,0,0,0,0,0,0,,,,,,,,,,,,,,,,,,,,,,,,,,,,,,,,,,,,,,,,,,,,,,,,,,,,,,,,,,,,,,,,,,,,,,,,,,,,,,,us_budget_v2_full_workbook_rows,2026-03-24T16:45:36+00:00
2022,20260324T164535Z_2026.01.22 US Spa Sales Budget 2026 FINAL.xlsx,10,37,,,,,,,,,,,,,,,,,,,,,,,,,,,,,,,,,,,,,,,,,,,,,,,,,,,,,25033,Body Works Day Spa; Stewart Manor,Northeast,Emily,2023,No,,,,,,,,,,,,,,,,,,,,,,,,,,,,,,,,,,,,,,,,,,,,,,,,,,,,,,,,,,33,2023-05-01 00:00:00,20235,5424.13,,,,,,,,,,,,,0,0,0,0,0,0,0,0,0,0,0,0,,,,,,,,,,,,,,,,,,,,,,,,,,,,,,,,,,,,,,,,,,,,,,,,,,,,,,,,,,,,,,,,,,,,,,,,,,,,,,,us_budget_v2_full_workbook_rows,2026-03-24T16:45:36+00:00
2022,20260324T164535Z_2026.01.22 US Spa Sales Budget 2026 FINAL.xlsx,10,38,,,,,,,,,,,,,,,,,,,,,,,,,,,,,,,,,,,,,,,,,,,,,,,,,,,,,25034,"Live Love Spa; Tustin, CA",Other,Melissa,2023,No,,,,,,,,,,,,,,,,,,,,,,,,,,,,,,,,,,,,,,,,,,,,,,,,,,,,,,,,,,34,2023-05-01 00:00:00,20235,494,,,,,,,,,,,,,0,0,0,0,0,0,0,0,0,0,0,0,,,,,,,,,,,,,,,,,,,,,,,,,,,,,,,,,,,,,,,,,,,,,,,,,,,,,,,,,,,,,,,,,,,,,,,,,,,,,,,us_budget_v2_full_workbook_rows,2026-03-24T16:45:36+00:00
2022,20260324T164535Z_2026.01.22 US Spa Sales Budget 2026 FINAL.xlsx,10,39,,,,,,,,,,,,,,,,,,,,,,,,,,,,,,,,,,,,,,,,,,,,,,,,,,,,,25035,Rosewood Little Dix Bay; Helen Lugo,Other,Melissa,2023,No,,,,,,,,,,,,,,,,,,,,,,,,,,,,,,,,,,,,,,,,,,,,,,,,,,,,,,,,,,35,2023-09-01 00:00:00,20239,22651.16,,,,,,,,,,,,,0,0,0,0,0,0,0,0,0,0,0,0,,,,,,,,,,,,,,,,,,,,,,,,,,,,,,,,,,,,,,,,,,,,,,,,,,,,,,,,,,,,,,,,,,,,,,,,,,,,,,,us_budget_v2_full_workbook_rows,2026-03-24T16:45:36+00:00
2022,20260324T164535Z_2026.01.22 US Spa Sales Budget 2026 FINAL.xlsx,10,40,,,,,,,,,,,,,,,,,,,,,,,,,,,,,,,,,,,,,,,,,,,,,,,,,,,,,25036,MacArthur Place; LÁuberge de Sonoma LLC; CA,West,Amy,2023,No,,,,,,,,,,,,,,,,,,,,,,,,,,,,,,,,,,,,,,,,,,,,,,,,,,,,,,,,,,36,2023-08-01 00:00:00,20238,5919.87,,,,,,,,,,,,,0,0,0,0,0,0,0,0,0,0,0,0,,,,,,,,,,,,,,,,,,,,,,,,,,,,,,,,,,,,,,,,,,,,,,,,,,,,,,,,,,,,,,,,,,,,,,,,,,,,,,,us_budget_v2_full_workbook_rows,2026-03-24T16:45:36+00:00
2022,20260324T164535Z_2026.01.22 US Spa Sales Budget 2026 FINAL.xlsx,10,41,,,,,,,,,,,,,,,,,,,,,,,,,,,,,,,,,,,,,,,,,,,,,,,,,,,,,25037,Equinox Holdings Inc; Ap Communications,Northeast,Emily,2023,No,,,,,,,,,,,,,,,,,,,,,,,,,,,,,,,,,,,,,,,,,,,,,,,,,,,,,,,,,,37,2023-08-01 00:00:00,20238,21563.64,,,,,,,,,,,,,0,0,0,0,0,0,0,0,0,0,0,0,,,,,,,,,,,,,,,,,,,,,,,,,,,,,,,,,,,,,,,,,,,,,,,,,,,,,,,,,,,,,,,,,,,,,,,,,,,,,,,us_budget_v2_full_workbook_rows,2026-03-24T16:45:36+00:00
2022,20260324T164535Z_2026.01.22 US Spa Sales Budget 2026 FINAL.xlsx,10,42,,,,,,,,,,,,,,,,,,,,,,,,,,,,,,,,,,,,,,,,,,,,,,,,,,,,,25038,"Lemon & Honey Day Spa; Orange, CA",West,Amy,2023,No,,,,,,,,,,,,,,,,,,,,,,,,,,,,,,,,,,,,,,,,,,,,,,,,,,,,,,,,,,38,2023-10-01 00:00:00,202310,7243.37,,,,,,,,,,,,,0,0,0,0,0,0,0,0,0,0,0,0,,,,,,,,,,,,,,,,,,,,,,,,,,,,,,,,,,,,,,,,,,,,,,,,,,,,,,,,,,,,,,,,,,,,,,,,,,,,,,,us_budget_v2_full_workbook_rows,2026-03-24T16:45:36+00:00
2022,20260324T164535Z_2026.01.22 US Spa Sales Budget 2026 FINAL.xlsx,10,43,,,,,,,,,,,,,,,,,,,,,,,,,,,,,,,,,,,,,,,,,,,,,,,,,,,,,25039,Four Seasons Hotel Austin; DTRS Austin LLC,Central,Emily,2024,No,,,,,,,,,,,,,,,,,,,,,,,,,,,,,,,,,,,,,,,,,,,,,,,,,,,,,,,,,,39,2024-03-01 00:00:00,20243,0,,,,,,,,,,,,,0,0,0,0,0,0,0,0,0,0,0,0,,,,,,,,,,,,,,,,,,,,,,,,,,,,,,,,,,,,,,,,,,,,,,,,,,,,,,,,,,,,,,,,,,,,,,,,,,,,,,,us_budget_v2_full_workbook_rows,2026-03-24T16:45:36+00:00
2022,20260324T164535Z_2026.01.22 US Spa Sales Budget 2026 FINAL.xlsx,10,44,,,,,,,,,,,,,,,,,,,,,,,,,,,,,,,,,,,,,,,,,,,,,,,,,,,,,25040,AMG Investments LLC; Fl,Southeast,Lisa,2023,No,,,,,,,,,,,,,,,,,,,,,,,,,,,,,,,,,,,,,,,,,,,,,,,,,,,,,,,,,,40,2023-10-01 00:00:00,202310,6451.14,,,,,,,,,,,,,0,0,0,0,0,0,0,0,0,0,0,0,,,,,,,,,,,,,,,,,,,,,,,,,,,,,,,,,,,,,,,,,,,,,,,,,,,,,,,,,,,,,,,,,,,,,,,,,,,,,,,us_budget_v2_full_workbook_rows,2026-03-24T16:45:36+00:00
2022,20260324T164535Z_2026.01.22 US Spa Sales Budget 2026 FINAL.xlsx,10,45,,,,,,,,,,,,,,,,,,,,,,,,,,,,,,,,,,,,,,,,,,,,,,,,,,,,,25041,Agata Sokolowska; IL,Central,Emily,2023,No,,,,,,,,,,,,,,,,,,,,,,,,,,,,,,,,,,,,,,,,,,,,,,,,,,,,,,,,,,41,2023-11-01 00:00:00,202311,575.16,,,,,,,,,,,,,0,0,0,0,0,0,0,0,0,0,0,0,,,,,,,,,,,,,,,,,,,,,,,,,,,,,,,,,,,,,,,,,,,,,,,,,,,,,,,,,,,,,,,,,,,,,,,,,,,,,,,us_budget_v2_full_workbook_rows,2026-03-24T16:45:36+00:00
2022,20260324T164535Z_2026.01.22 US Spa Sales Budget 2026 FINAL.xlsx,10,46,,,,,,,,,,,,,,,,,,,,,,,,,,,,,,,,,,,,,,,,,,,,,,,,,,,,,25042,Eau Spa Palm Beach; Fl,Southeast,Lisa,2023,No,,,,,,,,,,,,,,,,,,,,,,,,,,,,,,,,,,,,,,,,,,,,,,,,,,,,,,,,,,42,2023-12-01 00:00:00,202312,24324,,,,,,,,,,,,,0,0,0,0,0,0,0,0,0,0,0,0,,,,,,,,,,,,,,,,,,,,,,,,,,,,,,,,,,,,,,,,,,,,,,,,,,,,,,,,,,,,,,,,,,,,,,,,,,,,,,,us_budget_v2_full_workbook_rows,2026-03-24T16:45:36+00:00
2022,20260324T164535Z_2026.01.22 US Spa Sales Budget 2026 FINAL.xlsx,10,47,,,,,,,,,,,,,,,,,,,,,,,,,,,,,,,,,,,,,,,,,,,,,,,,,,,,,25043,"Jupiter Island Holdings, Inc.; Fl",Southeast,Lisa,2023,No,,,,,,,,,,,,,,,,,,,,,,,,,,,,,,,,,,,,,,,,,,,,,,,,,,,,,,,,,,43,2023-12-01 00:00:00,202312,1212,,,,,,,,,,,,,0,0,0,0,0,0,0,0,0,0,0,0,,,,,,,,,,,,,,,,,,,,,,,,,,,,,,,,,,,,,,,,,,,,,,,,,,,,,,,,,,,,,,,,,,,,,,,,,,,,,,,us_budget_v2_full_workbook_rows,2026-03-24T16:45:36+00:00
2022,20260324T164535Z_2026.01.22 US Spa Sales Budget 2026 FINAL.xlsx,10,48,,,,,,,,,,,,,,,,,,,,,,,,,,,,,,,,,,,,,,,,,,,,,,,,,,,,,25044,The Elms Hotel and Spa; Missouri,Central,Emily,2024,No,,,,,,,,,,,,,,,,,,,,,,,,,,,,,,,,,,,,,,,,,,,,,,,,,,,,,,,,,,44,2024-01-01 00:00:00,20241,5613.07,,,,,,,,,,,,,0,0,0,0,0,0,0,0,0,0,0,0,,,,,,,,,,,,,,,,,,,,,,,,,,,,,,,,,,,,,,,,,,,,,,,,,,,,,,,,,,,,,,,,,,,,,,,,,,,,,,,us_budget_v2_full_workbook_rows,2026-03-24T16:45:36+00:00
2022,20260324T164535Z_2026.01.22 US Spa Sales Budget 2026 FINAL.xlsx,10,49,,,,,,,,,,,,,,,,,,,,,,,,,,,,,,,,,,,,,,,,,,,,,,,,,,,,,25045,dba Haven Spa,Northeast,Emily,2024,No,,,,,,,,,,,,,,,,,,,,,,,,,,,,,,,,,,,,,,,,,,,,,,,,,,,,,,,,,,45,2024-02-01 00:00:00,20242,,,,,,,,,,,,,,0,0,0,0,0,0,0,0,0,0,0,0,,,,,,,,,,,,,,,,,,,,,,,,,,,,,,,,,,,,,,,,,,,,,,,,,,,,,,,,,,,,,,,,,,,,,,,,,,,,,,,us_budget_v2_full_workbook_rows,2026-03-24T16:45:36+00:00
2022,20260324T164535Z_2026.01.22 US Spa Sales Budget 2026 FINAL.xlsx,10,50,,,,,,,,,,,,,,,,,,,,,,,,,,,,,,,,,,,,,,,,,,,,,,,,,,,,,25046,"Beverly Wilshire,Four Seasons Hotel, CA",West,Amy,2024,No,,,,,,,,,,,,,,,,,,,,,,,,,,,,,,,,,,,,,,,,,,,,,,,,,,,,,,,,,,,2024-04-01 00:00:00,20244,,,,,,,,,,,,,,0,0,0,0,0,0,0,0,0,0,0,0,,,,,,,,,,,,,,,,,,,,,,,,,,,,,,,,,,,,,,,,,,,,,,,,,,,,,,,,,,,,,,,,,,,,,,,,,,,,,,,us_budget_v2_full_workbook_rows,2026-03-24T16:45:36+00:00
2022,20260324T164535Z_2026.01.22 US Spa Sales Budget 2026 FINAL.xlsx,10,51,,,,,,,,,,,,,,,,,,,,,,,,,,,,,,,,,,,,,,,,,,,,,,,,,,,,,25047,"Four Seasons Resort Orlando,FL",Southeast,Lisa,2024,No,,,,,,,,,,,,,,,,,,,,,,,,,,,,,,,,,,,,,,,,,,,,,,,,,,,,,,,,,,,2024-05-01 00:00:00,20245,,,,,,,,,,,,,,0,0,0,0,0,0,0,0,0,0,0,0,,,,,,,,,,,,,,,,,,,,,,,,,,,,,,,,,,,,,,,,,,,,,,,,,,,,,,,,,,,,,,,,,,,,,,,,,,,,,,,us_budget_v2_full_workbook_rows,2026-03-24T16:45:36+00:00
2022,20260324T164535Z_2026.01.22 US Spa Sales Budget 2026 FINAL.xlsx,10,52,,,,,,,,,,,,,,,,,,,,,,,,,,,,,,,,,,,,,,,,,,,,,,,,,,,,,25049,Four Seasons Baltimore; MD,Northeast,Emily,2024,No,,,,,,,,,,,,,,,,,,,,,,,,,,,,,,,,,,,,,,,,,,,,,,,,,,,,,,,,,,,2024-05-01 00:00:00,20245,,,,,,,,,,,,,,0,0,0,0,0,0,0,0,0,0,0,0,,,,,,,,,,,,,,,,,,,,,,,,,,,,,,,,,,,,,,,,,,,,,,,,,,,,,,,,,,,,,,,,,,,,,,,,,,,,,,,us_budget_v2_full_workbook_rows,2026-03-24T16:45:36+00:00
2022,20260324T164535Z_2026.01.22 US Spa Sales Budget 2026 FINAL.xlsx,10,53,,,,,,,,,,,,,,,,,,,,,,,,,,,,,,,,,,,,,,,,,,,,,,,,,,,,,25050,"Mokara Hotel & Spa, Omni Hotels Management Corp.",Central,Emily,2024,No,,,,,,,,,,,,,,,,,,,,,,,,,,,,,,,,,,,,,,,,,,,,,,,,,,,,,,,,,,,2024-06-01 00:00:00,20246,,,,,,,,,,,,,,0,0,0,0,0,0,0,0,0,0,0,0,,,,,,,,,,,,,,,,,,,,,,,,,,,,,,,,,,,,,,,,,,,,,,,,,,,,,,,,,,,,,,,,,,,,,,,,,,,,,,,us_budget_v2_full_workbook_rows,2026-03-24T16:45:36+00:00
2022,20260324T164535Z_2026.01.22 US Spa Sales Budget 2026 FINAL.xlsx,10,54,,,,,,,,,,,,,,,,,,,,,,,,,,,,,,,,,,,,,,,,,,,,,,,,,,,,,25052,Rosewood Miramar Beach; CA,West,Amy,2024,No,,,,,,,,,,,,,,,,,,,,,,,,,,,,,,,,,,,,,,,,,,,,,,,,,,,,,,,,,,,2024-07-01 00:00:00,20247,,,,,,,,,,,,,,0,0,0,0,0,0,0,0,0,0,0,0,,,,,,,,,,,,,,,,,,,,,,,,,,,,,,,,,,,,,,,,,,,,,,,,,,,,,,,,,,,,,,,,,,,,,,,,,,,,,,,us_budget_v2_full_workbook_rows,2026-03-24T16:45:36+00:00
2022,20260324T164535Z_2026.01.22 US Spa Sales Budget 2026 FINAL.xlsx,10,55,,,,,,,,,,,,,,,,,,,,,,,,,,,,,,,,,,,,,,,,,,,,,,,,,,,,,25053,"Bonnie Frances Skin;Phoenix, AZ",West,Amy,2024,No,,,,,,,,,,,,,,,,,,,,,,,,,,,,,,,,,,,,,,,,,,,,,,,,,,,,,,,,,,,2024-08-01 00:00:00,20248,,,,,,,,,,,,,,0,0,0,0,0,0,0,0,0,0,0,0,,,,,,,,,,,,,,,,,,,,,,,,,,,,,,,,,,,,,,,,,,,,,,,,,,,,,,,,,,,,,,,,,,,,,,,,,,,,,,,us_budget_v2_full_workbook_rows,2026-03-24T16:45:36+00:00
2022,20260324T164535Z_2026.01.22 US Spa Sales Budget 2026 FINAL.xlsx,10,56,,,,,,,,,,,,,,,,,,,,,,,,,,,,,,,,,,,,,,,,,,,,,,,,,,,,,25054,Four Seasons Hotel Nashville; TN,Southeast,Lisa,2024,No,,,,,,,,,,,,,,,,,,,,,,,,,,,,,,,,,,,,,,,,,,,,,,,,,,,,,,,,,,,2024-08-01 00:00:00,20248,,,,,,,,,,,,,,0,0,0,0,0,0,0,0,0,0,0,0,,,,,,,,,,,,,,,,,,,,,,,,,,,,,,,,,,,,,,,,,,,,,,,,,,,,,,,,,,,,,,,,,,,,,,,,,,,,,,,us_budget_v2_full_workbook_rows,2026-03-24T16:45:36+00:00
2022,20260324T164535Z_2026.01.22 US Spa Sales Budget 2026 FINAL.xlsx,10,57,,,,,,,,,,,,,,,,,,,,,,,,,,,,,,,,,,,,,,,,,,,,,,,,,,,,,25055,USREC Banyan Cay Resort LLC,Southeast,Lisa,2024,No,,,,,,,,,,,,,,,,,,,,,,,,,,,,,,,,,,,,,,,,,,,,,,,,,,,,,,,,,,,2024-09-01 00:00:00,20249,,,,,,,,,,,,,,0,0,0,0,0,0,0,0,0,0,0,0,,,,,,,,,,,,,,,,,,,,,,,,,,,,,,,,,,,,,,,,,,,,,,,,,,,,,,,,,,,,,,,,,,,,,,,,,,,,,,,us_budget_v2_full_workbook_rows,2026-03-24T16:45:36+00:00
2022,20260324T164535Z_2026.01.22 US Spa Sales Budget 2026 FINAL.xlsx,10,58,,,,,,,,,,,,,,,,,,,,,,,,,,,,,,,,,,,,,,,,,,,,,,,,,,,,,25056,AMI LLC Bergamos Retreat,Central,Amy,2024,No,,,,,,,,,,,,,,,,,,,,,,,,,,,,,,,,,,,,,,,,,,,,,,,,,,,,,,,,,,,2024-09-01 00:00:00,20249,,,,,,,,,,,,,,0,0,0,0,0,0,0,0,0,0,0,0,,,,,,,,,,,,,,,,,,,,,,,,,,,,,,,,,,,,,,,,,,,,,,,,,,,,,,,,,,,,,,,,,,,,,,,,,,,,,,,us_budget_v2_full_workbook_rows,2026-03-24T16:45:36+00:00
2022,20260324T164535Z_2026.01.22 US Spa Sales Budget 2026 FINAL.xlsx,10,59,,,,,,,,,,,,,,,,,,,,,,,,,,,,,,,,,,,,,,,,,,,,,,,,,,,,,25057,Waldorf Astoria Spa Chicago,Central,Emily,2024,No,,,,,,,,,,,,,,,,,,,,,,,,,,,,,,,,,,,,,,,,,,,,,,,,,,,,,,,,,,,2024-10-01 00:00:00,202410,,,,,,,,,,,,,,0,0,0,0,0,0,0,0,0,0,0,0,,,,,,,,,,,,,,,,,,,,,,,,,,,,,,,,,,,,,,,,,,,,,,,,,,,,,,,,,,,,,,,,,,,,,,,,,,,,,,,us_budget_v2_full_workbook_rows,2026-03-24T16:45:36+00:00
2022,20260324T164535Z_2026.01.22 US Spa Sales Budget 2026 FINAL.xlsx,10,60,,,,,,,,,,,,,,,,,,,,,,,,,,,,,,,,,,,,,,,,,,,,,,,,,,,,,25058,"Five Point Five, Inc.",West,Amy,2024,No,,,,,,,,,,,,,,,,,,,,,,,,,,,,,,,,,,,,,,,,,,,,,,,,,,,,,,,,,,,2024-10-01 00:00:00,202410,,,,,,,,,,,,,,0,0,0,0,0,0,0,0,0,0,0,0,,,,,,,,,,,,,,,,,,,,,,,,,,,,,,,,,,,,,,,,,,,,,,,,,,,,,,,,,,,,,,,,,,,,,,,,,,,,,,,us_budget_v2_full_workbook_rows,2026-03-24T16:45:36+00:00
2022,20260324T164535Z_2026.01.22 US Spa Sales Budget 2026 FINAL.xlsx,10,61,,,,,,,,,,,,,,,,,,,,,,,,,,,,,,,,,,,,,,,,,,,,,,,,,,,,,25059,Red Rock Tivoli Aestetics,West,Amy,2024,No,,,,,,,,,,,,,,,,,,,,,,,,,,,,,,,,,,,,,,,,,,,,,,,,,,,,,,,,,,,2024-12-01 00:00:00,202412,,,,,,,,,,,,,,0,0,0,0,0,0,0,0,0,0,0,0,,,,,,,,,,,,,,,,,,,,,,,,,,,,,,,,,,,,,,,,,,,,,,,,,,,,,,,,,,,,,,,,,,,,,,,,,,,,,,,us_budget_v2_full_workbook_rows,2026-03-24T16:45:36+00:00
2023,20260324T164535Z_2026.01.22 US Spa Sales Budget 2026 FINAL.xlsx,10,11,,,,,,,,,,,,,,,,,,,,,,,,,,,,,,,,,,,,,,,,,,,,,,,,,,,,,25000,West Coast Lifestyles Inc.; CA,West,Amy,2021,Yes,,,,,,,,,,,,,,,,,,,,,,,,,,,,,,,,,,,,,,,,,,,,,,,,,,,,,,,,,,2,2021-07-01 00:00:00,20217,12766.93,,,,,,,,,,,,,,,,,,,,,,,,,929.35,759.5,442.39,505.52,765.5,,1811,545,396,,863.02,,929.35,1688.85,2131.24,2636.7599999999998,3402.2599999999998,3402.2599999999998,5213.26,5758.26,6154.26,6154.26,7017.280000000001,7017.280000000001,,,,,,,,,,,,,,,,,,,,,,,,,,,,,,,,,,,,,,,,,,,,,,,,,,,,,,,us_budget_v2_full_workbook_rows,2026-03-24T16:45:36+00:00
2023,20260324T164535Z_2026.01.22 US Spa Sales Budget 2026 FINAL.xlsx,10,12,,,,,,,,,,,,,,,,,,,,,,,,,,,,,,,,,,,,,,,,,,,,,,,,,,,,,25001,Four Seasons Hotel Philadelphia; ; El Paso,Northeast,Emily,2021,Yes,,,,,,,,,,,,,,,,,,,,,,,,,,,,,,,,,,,,,,,,,,,,,,,,,,,,,,,,,,3,2021-05-01 00:00:00,20215,57102.76,,,,,,,,,,,,,,,,,,,,,,,,,3007.85,1232.15,3740.15,2853.07,1684.1,2125.8,1073.5,517.45,2139.66,1631.06,3726.54,1014.24,3007.85,4240,7980.15,10833.22,12517.32,14643.119999999999,15716.619999999999,16234.07,18373.73,20004.79,23731.33,24745.570000000003,,,,,,,,,,,,,,,,,,,,,,,,,,,,,,,,,,,,,,,,,,,,,,,,,,,,,,,us_budget_v2_full_workbook_rows,2026-03-24T16:45:36+00:00
2023,20260324T164535Z_2026.01.22 US Spa Sales Budget 2026 FINAL.xlsx,10,13,,,,,,,,,,,,,,,,,,,,,,,,,,,,,,,,,,,,,,,,,,,,,,,,,,,,,25002,Porto Vita/Villa Grande Club; Fl,Southeast,Lisa,2021,Yes,,,,,,,,,,,,,,,,,,,,,,,,,,,,,,,,,,,,,,,,,,,,,,,,,,,,,,,,,,4,2021-08-01 00:00:00,20218,24911.8,,,,,,,,,,,,,,,,,,,,,,,,,2208.3,357.1,,1058.69,,,420.44,,1549,825.44,,942.67,2208.3,2565.4,2565.4,3624.09,3624.09,3624.09,4044.53,4044.53,5593.530000000001,6418.970000000001,6418.970000000001,7361.640000000001,,,,,,,,,,,,,,,,,,,,,,,,,,,,,,,,,,,,,,,,,,,,,,,,,,,,,,,us_budget_v2_full_workbook_rows,2026-03-24T16:45:36+00:00
2023,20260324T164535Z_2026.01.22 US Spa Sales Budget 2026 FINAL.xlsx,10,14,,,,,,,,,,,,,,,,,,,,,,,,,,,,,,,,,,,,,,,,,,,,,,,,,,,,,25003,The resort at Longboat Key CLub; Florida,Southeast,Lisa,2021,No,,,,,,,,,,,,,,,,,,,,,,,,,,,,,,,,,,,,,,,,,,,,,,,,,,,,,,,,,,5,2021-09-01 00:00:00,20219,1917.25,,,,,,,,,,,,,,,,,,,,,,,,,,,,,,,,,,,,,0,0,0,0,0,0,0,0,0,0,0,0,,,,,,,,,,,,,,,,,,,,,,,,,,,,,,,,,,,,,,,,,,,,,,,,,,,,,,,us_budget_v2_full_workbook_rows,2026-03-24T16:45:36+00:00
2023,20260324T164535Z_2026.01.22 US Spa Sales Budget 2026 FINAL.xlsx,10,15,,,,,,,,,,,,,,,,,,,,,,,,,,,,,,,,,,,,,,,,,,,,,,,,,,,,,25004,Teton Mountain Lodge,West,Amy,2021,Yes,,,,,,,,,,,,,,,,,,,,,,,,,,,,,,,,,,,,,,,,,,,,,,,,,,,,,,,,,,6,2021-09-01 00:00:00,20219,15904.31,,,,,,,,,,,,,,,,,,,,,,,,,454.2,1954.9,1561.55,,,,1723.09,103.38,,,,1360.94,454.2,2409.1,3970.6499999999996,3970.6499999999996,3970.6499999999996,3970.6499999999996,5693.74,5797.12,5797.12,5797.12,5797.12,7158.0599999999995,,,,,,,,,,,,,,,,,,,,,,,,,,,,,,,,,,,,,,,,,,,,,,,,,,,,,,,us_budget_v2_full_workbook_rows,2026-03-24T16:45:36+00:00
2023,20260324T164535Z_2026.01.22 US Spa Sales Budget 2026 FINAL.xlsx,10,16,,,,,,,,,,,,,,,,,,,,,,,,,,,,,,,,,,,,,,,,,,,,,,,,,,,,,25008,"Stars Skincare Med Spa, Florida",Southeast,Lisa,2021,Yes,,,,,,,,,,,,,,,,,,,,,,,,,,,,,,,,,,,,,,,,,,,,,,,,,,,,,,,,,,10,2021-12-01 00:00:00,202112,2212.5,,,,,,,,,,,,,,,,,,,,,,,,,,,,,,,,1129.5,,,,,0,0,0,0,0,0,0,1129.5,1129.5,1129.5,1129.5,1129.5,,,,,,,,,,,,,,,,,,,,,,,,,,,,,,,,,,,,,,,,,,,,,,,,,,,,,,,us_budget_v2_full_workbook_rows,2026-03-24T16:45:36+00:00
2023,20260324T164535Z_2026.01.22 US Spa Sales Budget 2026 FINAL.xlsx,10,17,,,,,,,,,,,,,,,,,,,,,,,,,,,,,,,,,,,,,,,,,,,,,,,,,,,,,25009,Glo Rejuvenation; Oregon,West,Amy,2022,No,,,,,,,,,,,,,,,,,,,,,,,,,,,,,,,,,,,,,,,,,,,,,,,,,,,,,,,,,,11,2022-01-01 00:00:00,20221,32836.49,,,,,,,,,,,,,,,,,,,,,,,,,2270.8,3716.25,,,,3499.6,390,,,,,,2270.8,5987.05,5987.05,5987.05,5987.05,9486.65,9876.65,9876.65,9876.65,9876.65,9876.65,9876.65,,,,,,,,,,,,,,,,,,,,,,,,,,,,,,,,,,,,,,,,,,,,,,,,,,,,,,,us_budget_v2_full_workbook_rows,2026-03-24T16:45:36+00:00
2023,20260324T164535Z_2026.01.22 US Spa Sales Budget 2026 FINAL.xlsx,10,18,,,,,,,,,,,,,,,,,,,,,,,,,,,,,,,,,,,,,,,,,,,,,,,,,,,,,25010,"Four Seasons Hotel, Fort Lauderdale; FL",Southeast,Lisa,2022,Yes,,,,,,,,,,,,,,,,,,,,,,,,,,,,,,,,,,,,,,,,,,,,,,,,,,,,,,,,,,12,2022-01-01 00:00:00,20221,108983.17,,,,,,,,,,,,,,,,,,,,,,,,,9286,1050.4,7131.05,788.62,4900,772.52,,4703.79,9498.68,3197.28,,11948.02,9286,10336.4,17467.45,18256.07,23156.07,23928.59,23928.59,28632.38,38131.06,41328.34,41328.34,53276.36,,,,,,,,,,,,,,,,,,,,,,,,,,,,,,,,,,,,,,,,,,,,,,,,,,,,,,,us_budget_v2_full_workbook_rows,2026-03-24T16:45:36+00:00
2023,20260324T164535Z_2026.01.22 US Spa Sales Budget 2026 FINAL.xlsx,10,19,,,,,,,,,,,,,,,,,,,,,,,,,,,,,,,,,,,,,,,,,,,,,,,,,,,,,25011,D&G Global Inc.; Claire Gobler; CA,West,Amy,2022,No,,,,,,,,,,,,,,,,,,,,,,,,,,,,,,,,,,,,,,,,,,,,,,,,,,,,,,,,,,13,2022-02-01 00:00:00,20222,25713.4,,,,,,,,,,,,,,,,,,,,,,,,,,,524.2,,,,,,,,,,0,0,524.2,524.2,524.2,524.2,524.2,524.2,524.2,524.2,524.2,524.2,,,,,,,,,,,,,,,,,,,,,,,,,,,,,,,,,,,,,,,,,,,,,,,,,,,,,,,us_budget_v2_full_workbook_rows,2026-03-24T16:45:36+00:00
2023,20260324T164535Z_2026.01.22 US Spa Sales Budget 2026 FINAL.xlsx,10,20,,,,,,,,,,,,,,,,,,,,,,,,,,,,,,,,,,,,,,,,,,,,,,,,,,,,,25012,"Rosewood Sense Spa, CA",West,Amy,2022,Yes,,,,,,,,,,,,,,,,,,,,,,,,,,,,,,,,,,,,,,,,,,,,,,,,,,,,,,,,,,14,2022-03-01 00:00:00,20223,268312.63,,,,,,,,,,,,,,,,,,,,,,,,,12330.1,11827.65,11044.13,14278.16,14268.54,14640.63,6943.08,3150,8698.26,3973.79,18012.32,8085,12330.1,24157.75,35201.88,49480.03999999999,63748.579999999994,78389.20999999999,85332.29,88482.29,97180.54999999999,101154.33999999998,119166.65999999997,127251.65999999997,,,,,,,,,,,,,,,,,,,,,,,,,,,,,,,,,,,,,,,,,,,,,,,,,,,,,,,us_budget_v2_full_workbook_rows,2026-03-24T16:45:36+00:00
2023,20260324T164535Z_2026.01.22 US Spa Sales Budget 2026 FINAL.xlsx,10,21,,,,,,,,,,,,,,,,,,,,,,,,,,,,,,,,,,,,,,,,,,,,,,,,,,,,,25013,Gurney ´s Inn Resort & Spa LLC; NY,Central,Emily,2022,No,,,,,,,,,,,,,,,,,,,,,,,,,,,,,,,,,,,,,,,,,,,,,,,,,,,,,,,,,,15,2022-03-01 00:00:00,20223,28353.3,,,,,,,,,,,,,,,,,,,,,,,,,,,,,,,,,,,,,0,0,0,0,0,0,0,0,0,0,0,0,,,,,,,,,,,,,,,,,,,,,,,,,,,,,,,,,,,,,,,,,,,,,,,,,,,,,,,us_budget_v2_full_workbook_rows,2026-03-24T16:45:36+00:00
2023,20260324T164535Z_2026.01.22 US Spa Sales Budget 2026 FINAL.xlsx,10,22,,,,,,,,,,,,,,,,,,,,,,,,,,,,,,,,,,,,,,,,,,,,,,,,,,,,,25015,Gateway Canyon Resort & Spa; CO,West,Amy,2022,Yes,,,,,,,,,,,,,,,,,,,,,,,,,,,,,,,,,,,,,,,,,,,,,,,,,,,,,,,,,,16,2022-03-01 00:00:00,20223,16589.58,,,,,,,,,,,,,,,,,,,,,,,,,,,,306.11,706.36,676.55,,4923.76,345.7,,,,0,0,0,306.11,1012.47,1689.02,1689.02,6612.780000000001,6958.4800000000005,6958.4800000000005,6958.4800000000005,6958.4800000000005,,,,,,,,,,,,,,,,,,,,,,,,,,,,,,,,,,,,,,,,,,,,,,,,,,,,,,,us_budget_v2_full_workbook_rows,2026-03-24T16:45:36+00:00
2023,20260324T164535Z_2026.01.22 US Spa Sales Budget 2026 FINAL.xlsx,10,23,,,,,,,,,,,,,,,,,,,,,,,,,,,,,,,,,,,,,,,,,,,,,,,,,,,,,25016,"Williams Island POA, Inc.Florida",Southeast,Lisa,2022,Yes,,,,,,,,,,,,,,,,,,,,,,,,,,,,,,,,,,,,,,,,,,,,,,,,,,,,,,,,,,17,2022-04-01 00:00:00,20224,21196.78,,,,,,,,,,,,,,,,,,,,,,,,,616.5,1583.3,1111.85,,,,1661.98,,,0,2597.5,,616.5,2199.8,3311.65,3311.65,3311.65,3311.65,4973.63,4973.63,4973.63,4973.63,7571.13,7571.13,,,,,,,,,,,,,,,,,,,,,,,,,,,,,,,,,,,,,,,,,,,,,,,,,,,,,,,us_budget_v2_full_workbook_rows,2026-03-24T16:45:36+00:00
2023,20260324T164535Z_2026.01.22 US Spa Sales Budget 2026 FINAL.xlsx,10,24,,,,,,,,,,,,,,,,,,,,,,,,,,,,,,,,,,,,,,,,,,,,,,,,,,,,,25018,Iridescent LLC; Big-Bang; Miiami; Paula,Southeast,Lisa,2022,No,,,,,,,,,,,,,,,,,,,,,,,,,,,,,,,,,,,,,,,,,,,,,,,,,,,,,,,,,,18,2022-07-01 00:00:00,20227,8694,,,,,,,,,,,,,,,,,,,,,,,,,,,,,,,,,,,,,0,0,0,0,0,0,0,0,0,0,0,0,,,,,,,,,,,,,,,,,,,,,,,,,,,,,,,,,,,,,,,,,,,,,,,,,,,,,,,us_budget_v2_full_workbook_rows,2026-03-24T16:45:36+00:00
2023,20260324T164535Z_2026.01.22 US Spa Sales Budget 2026 FINAL.xlsx,10,25,,,,,,,,,,,,,,,,,,,,,,,,,,,,,,,,,,,,,,,,,,,,,,,,,,,,,25019,Banyan Cay Res.; W Palm Beach; Melissa,Southeast,Lisa,2022,No,,,,,,,,,,,,,,,,,,,,,,,,,,,,,,,,,,,,,,,,,,,,,,,,,,,,,,,,,,19,2022-06-01 00:00:00,20226,3203.8,,,,,,,,,,,,,,,,,,,,,,,,,,,,,,,,,,,,,0,0,0,0,0,0,0,0,0,0,0,0,,,,,,,,,,,,,,,,,,,,,,,,,,,,,,,,,,,,,,,,,,,,,,,,,,,,,,,us_budget_v2_full_workbook_rows,2026-03-24T16:45:36+00:00
2023,20260324T164535Z_2026.01.22 US Spa Sales Budget 2026 FINAL.xlsx,10,26,,,,,,,,,,,,,,,,,,,,,,,,,,,,,,,,,,,,,,,,,,,,,,,,,,,,,25020,Faena Hotel Miami Beach; FL,Southeast,Lisa,2022,No,,,,,,,,,,,,,,,,,,,,,,,,,,,,,,,,,,,,,,,,,,,,,,,,,,,,,,,,,,20,2022-07-01 00:00:00,20227,7514.3,,,,,,,,,,,,,,,,,,,,,,,,,,,,,,,,,,,,,0,0,0,0,0,0,0,0,0,0,0,0,,,,,,,,,,,,,,,,,,,,,,,,,,,,,,,,,,,,,,,,,,,,,,,,,,,,,,,us_budget_v2_full_workbook_rows,2026-03-24T16:45:36+00:00
2023,20260324T164535Z_2026.01.22 US Spa Sales Budget 2026 FINAL.xlsx,10,27,,,,,,,,,,,,,,,,,,,,,,,,,,,,,,,,,,,,,,,,,,,,,,,,,,,,,25021,TALISKER CLUB; Holly Arndt,Central,Amy,,No,,,,,,,,,,,,,,,,,,,,,,,,,,,,,,,,,,,,,,,,,,,,,,,,,,,,,,,,,,21,,,0,,,,,,,,,,,,,,,,,,,,,,,,,,,,,,,,,,,,,0,0,0,0,0,0,0,0,0,0,0,0,,,,,,,,,,,,,,,,,,,,,,,,,,,,,,,,,,,,,,,,,,,,,,,,,,,,,,,us_budget_v2_full_workbook_rows,2026-03-24T16:45:36+00:00
2023,20260324T164535Z_2026.01.22 US Spa Sales Budget 2026 FINAL.xlsx,10,28,,,,,,,,,,,,,,,,,,,,,,,,,,,,,,,,,,,,,,,,,,,,,,,,,,,,,25022,Beating Hearts; Dallas; Lori Feste,Central,Amy,2022,No,,,,,,,,,,,,,,,,,,,,,,,,,,,,,,,,,,,,,,,,,,,,,,,,,,,,,,,,,,22,2022-08-01 00:00:00,20228,2997.3,,,,,,,,,,,,,,,,,,,,,,,,,,,,,,,,,,,,,0,0,0,0,0,0,0,0,0,0,0,0,,,,,,,,,,,,,,,,,,,,,,,,,,,,,,,,,,,,,,,,,,,,,,,,,,,,,,,us_budget_v2_full_workbook_rows,2026-03-24T16:45:36+00:00
2023,20260324T164535Z_2026.01.22 US Spa Sales Budget 2026 FINAL.xlsx,10,29,,,,,,,,,,,,,,,,,,,,,,,,,,,,,,,,,,,,,,,,,,,,,,,,,,,,,25023,HLP Hotels LLC DBA Lost Pines; Texas,Central,Amy,2022,Yes,,,,,,,,,,,,,,,,,,,,,,,,,,,,,,,,,,,,,,,,,,,,,,,,,,,,,,,,,,23,2022-09-01 00:00:00,20229,15579.78,,,,,,,,,,,,,,,,,,,,,,,,,1010.07,,,1390.84,1045.2,,564.81,1099.72,1260.8,,411.54,,1010.07,1010.07,1010.07,2400.91,3446.1099999999997,3446.1099999999997,4010.9199999999996,5110.639999999999,6371.44,6371.44,6782.98,6782.98,,,,,,,,,,,,,,,,,,,,,,,,,,,,,,,,,,,,,,,,,,,,,,,,,,,,,,,us_budget_v2_full_workbook_rows,2026-03-24T16:45:36+00:00
2023,20260324T164535Z_2026.01.22 US Spa Sales Budget 2026 FINAL.xlsx,10,30,,,,,,,,,,,,,,,,,,,,,,,,,,,,,,,,,,,,,,,,,,,,,,,,,,,,,25024,"Mt. Bailey Holdings, LLC; Four Seasons Hotel Atlanta",Southeast,Lisa,2022,Yes,,,,,,,,,,,,,,,,,,,,,,,,,,,,,,,,,,,,,,,,,,,,,,,,,,,,,,,,,,24,2022-10-01 00:00:00,202210,9553.84,,,,,,,,,,,,,,,,,,,,,,,,,,,4686.34,,,,,,,,,-2142.1,0,0,4686.34,4686.34,4686.34,4686.34,4686.34,4686.34,4686.34,4686.34,4686.34,2544.2400000000002,,,,,,,,,,,,,,,,,,,,,,,,,,,,,,,,,,,,,,,,,,,,,,,,,,,,,,,us_budget_v2_full_workbook_rows,2026-03-24T16:45:36+00:00
2023,20260324T164535Z_2026.01.22 US Spa Sales Budget 2026 FINAL.xlsx,10,31,,,,,,,,,,,,,,,,,,,,,,,,,,,,,,,,,,,,,,,,,,,,,,,,,,,,,25025,"ARCH Amenity Group, Florida",Southeast,Lisa,,No,,,,,,,,,,,,,,,,,,,,,,,,,,,,,,,,,,,,,,,,,,,,,,,,,,,,,,,,,,25,,,0,,,,,,,,,,,,,,,,,,,,,,,,,,,,,,,,,,,,,0,0,0,0,0,0,0,0,0,0,0,0,,,,,,,,,,,,,,,,,,,,,,,,,,,,,,,,,,,,,,,,,,,,,,,,,,,,,,,us_budget_v2_full_workbook_rows,2026-03-24T16:45:36+00:00
2023,20260324T164535Z_2026.01.22 US Spa Sales Budget 2026 FINAL.xlsx,10,32,,,,,,,,,,,,,,,,,,,,,,,,,,,,,,,,,,,,,,,,,,,,,,,,,,,,,25026,JW Marriott Miami Turnberry,Southeast,Lisa,2023,Yes,,,,,,,,,,,,,,,,,,,,,,,,,,,,,,,,,,,,,,,,,,,,,,,,,,,,,,,,,,26,2023-01-01 00:00:00,20231,10735.11,,,,,,,,,,,,,,,,,,,,,,,,,7146.35,,,,,,,3588.76,,,,,7146.35,7146.35,7146.35,7146.35,7146.35,7146.35,7146.35,10735.11,10735.11,10735.11,10735.11,10735.11,,,,,,,,,,,,,,,,,,,,,,,,,,,,,,,,,,,,,,,,,,,,,,,,,,,,,,,us_budget_v2_full_workbook_rows,2026-03-24T16:45:36+00:00
2023,20260324T164535Z_2026.01.22 US Spa Sales Budget 2026 FINAL.xlsx,10,33,,,,,,,,,,,,,,,,,,,,,,,,,,,,,,,,,,,,,,,,,,,,,,,,,,,,,25027,San Manuel Entert.; Yaamava Resort; Highland,West,Amy,2022,Yes,,,,,,,,,,,,,,,,,,,,,,,,,,,,,,,,,,,,,,,,,,,,,,,,,,,,,,,,,,27,2022-12-01 00:00:00,202212,76587.88,,,,,,,,,,,,,,,,,,,,,,,,,,1765.1,5063.9,1742.32,11212,3531.32,5218.84,2435,20959.4,704.34,,4593.08,0,1765.1,6829,8571.32,19783.32,23314.64,28533.48,30968.48,51927.880000000005,52632.22,52632.22,57225.3,,,,,,,,,,,,,,,,,,,,,,,,,,,,,,,,,,,,,,,,,,,,,,,,,,,,,,,us_budget_v2_full_workbook_rows,2026-03-24T16:45:36+00:00
2023,20260324T164535Z_2026.01.22 US Spa Sales Budget 2026 FINAL.xlsx,10,34,,,,,,,,,,,,,,,,,,,,,,,,,,,,,,,,,,,,,,,,,,,,,,,,,,,,,25028,Jenny Y Yu; MD FACS PLLC,Northeast,Emily,2023,No,,,,,,,,,,,,,,,,,,,,,,,,,,,,,,,,,,,,,,,,,,,,,,,,,,,,,,,,,,28,2023-01-01 00:00:00,20231,2978,,,,,,,,,,,,,,,,,,,,,,,,,5034,,,,-2056,,,,,,,,5034,5034,5034,5034,2978,2978,2978,2978,2978,2978,2978,2978,,,,,,,,,,,,,,,,,,,,,,,,,,,,,,,,,,,,,,,,,,,,,,,,,,,,,,,us_budget_v2_full_workbook_rows,2026-03-24T16:45:36+00:00
2023,20260324T164535Z_2026.01.22 US Spa Sales Budget 2026 FINAL.xlsx,10,35,,,,,,,,,,,,,,,,,,,,,,,,,,,,,,,,,,,,,,,,,,,,,,,,,,,,,25029,Ana Molinari Inc.; FL,Southeast,Lisa,2023,Yes,,,,,,,,,,,,,,,,,,,,,,,,,,,,,,,,,,,,,,,,,,,,,,,,,,,,,,,,,,29,2023-01-01 00:00:00,20231,3872.89,,,,,,,,,,,,,,,,,,,,,,,,,3087.1,0,,,,2180.89,,,,1692,,-3087.1,3087.1,3087.1,3087.1,3087.1,3087.1,5267.99,5267.99,5267.99,5267.99,6959.99,6959.99,3872.89,,,,,,,,,,,,,,,,,,,,,,,,,,,,,,,,,,,,,,,,,,,,,,,,,,,,,,,us_budget_v2_full_workbook_rows,2026-03-24T16:45:36+00:00
2023,20260324T164535Z_2026.01.22 US Spa Sales Budget 2026 FINAL.xlsx,10,36,,,,,,,,,,,,,,,,,,,,,,,,,,,,,,,,,,,,,,,,,,,,,,,,,,,,,25032,Four Seasons Hotel Las Vegas,West,Amy,2023,Yes,,,,,,,,,,,,,,,,,,,,,,,,,,,,,,,,,,,,,,,,,,,,,,,,,,,,,,,,,,32,2023-04-01 00:00:00,20234,43029.09,,,,,,,,,,,,,,,,,,,,,,,,,,,,4986.65,342.79,1434.2,4259.14,8021.5,3274.33,6470.11,6291.85,3702.18,0,0,0,4986.65,5329.44,6763.639999999999,11022.779999999999,19044.28,22318.61,28788.72,35080.57,38782.75,,,,,,,,,,,,,,,,,,,,,,,,,,,,,,,,,,,,,,,,,,,,,,,,,,,,,,,us_budget_v2_full_workbook_rows,2026-03-24T16:45:36+00:00
2023,20260324T164535Z_2026.01.22 US Spa Sales Budget 2026 FINAL.xlsx,10,37,,,,,,,,,,,,,,,,,,,,,,,,,,,,,,,,,,,,,,,,,,,,,,,,,,,,,25033,Body Works Day Spa; Stewart Manor,Northeast,Emily,2023,Yes,,,,,,,,,,,,,,,,,,,,,,,,,,,,,,,,,,,,,,,,,,,,,,,,,,,,,,,,,,33,2023-05-01 00:00:00,20235,5424.13,,,,,,,,,,,,,,,,,,,,,,,,,,,,,4374.58,,,,,31.05,1018.5,,0,0,0,0,4374.58,4374.58,4374.58,4374.58,4374.58,4405.63,5424.13,5424.13,,,,,,,,,,,,,,,,,,,,,,,,,,,,,,,,,,,,,,,,,,,,,,,,,,,,,,,us_budget_v2_full_workbook_rows,2026-03-24T16:45:36+00:00
2023,20260324T164535Z_2026.01.22 US Spa Sales Budget 2026 FINAL.xlsx,10,38,,,,,,,,,,,,,,,,,,,,,,,,,,,,,,,,,,,,,,,,,,,,,,,,,,,,,25034,"Live Love Spa; Tustin, CA",Other,Melissa,2023,Yes,,,,,,,,,,,,,,,,,,,,,,,,,,,,,,,,,,,,,,,,,,,,,,,,,,,,,,,,,,34,2023-05-01 00:00:00,20235,494,,,,,,,,,,,,,,,,,,,,,,,,,,,,-1999,2493,0,0,0,0,0,,,0,0,0,-1999,494,494,494,494,494,494,494,494,,,,,,,,,,,,,,,,,,,,,,,,,,,,,,,,,,,,,,,,,,,,,,,,,,,,,,,us_budget_v2_full_workbook_rows,2026-03-24T16:45:36+00:00
2023,20260324T164535Z_2026.01.22 US Spa Sales Budget 2026 FINAL.xlsx,10,39,,,,,,,,,,,,,,,,,,,,,,,,,,,,,,,,,,,,,,,,,,,,,,,,,,,,,25035,Rosewood Little Dix Bay; Helen Lugo,Other,Melissa,2023,Yes,,,,,,,,,,,,,,,,,,,,,,,,,,,,,,,,,,,,,,,,,,,,,,,,,,,,,,,,,,35,2023-09-01 00:00:00,20239,22651.16,,,,,,,,,,,,,,,,,,,,,,,,,,,,,0,,,0,12972.38,0,6630,3048.78,0,0,0,0,0,0,0,0,12972.38,12972.38,19602.379999999997,22651.159999999996,,,,,,,,,,,,,,,,,,,,,,,,,,,,,,,,,,,,,,,,,,,,,,,,,,,,,,,us_budget_v2_full_workbook_rows,2026-03-24T16:45:36+00:00
2023,20260324T164535Z_2026.01.22 US Spa Sales Budget 2026 FINAL.xlsx,10,40,,,,,,,,,,,,,,,,,,,,,,,,,,,,,,,,,,,,,,,,,,,,,,,,,,,,,25036,MacArthur Place; LÁuberge de Sonoma LLC; CA,West,Amy,2023,Yes,,,,,,,,,,,,,,,,,,,,,,,,,,,,,,,,,,,,,,,,,,,,,,,,,,,,,,,,,,36,2023-08-01 00:00:00,20238,5919.87,,,,,,,,,,,,,,,,,,,,,,,,,,,,,,,,3150.87,2769,,,,0,0,0,0,0,0,0,3150.87,5919.87,5919.87,5919.87,5919.87,,,,,,,,,,,,,,,,,,,,,,,,,,,,,,,,,,,,,,,,,,,,,,,,,,,,,,,us_budget_v2_full_workbook_rows,2026-03-24T16:45:36+00:00
2023,20260324T164535Z_2026.01.22 US Spa Sales Budget 2026 FINAL.xlsx,10,41,,,,,,,,,,,,,,,,,,,,,,,,,,,,,,,,,,,,,,,,,,,,,,,,,,,,,25037,Equinox Holdings Inc; Ap Communications,Northeast,Emily,2023,Yes,,,,,,,,,,,,,,,,,,,,,,,,,,,,,,,,,,,,,,,,,,,,,,,,,,,,,,,,,,37,2023-08-01 00:00:00,20238,21563.64,,,,,,,,,,,,,,,,,,,,,,,,,,,,,,,,13811.22,,2470.79,606.5,3938.63,0,0,0,0,0,0,0,13811.22,13811.22,16282.009999999998,16888.51,20827.14,,,,,,,,,,,,,,,,,,,,,,,,,,,,,,,,,,,,,,,,,,,,,,,,,,,,,,,us_budget_v2_full_workbook_rows,2026-03-24T16:45:36+00:00
2023,20260324T164535Z_2026.01.22 US Spa Sales Budget 2026 FINAL.xlsx,10,42,,,,,,,,,,,,,,,,,,,,,,,,,,,,,,,,,,,,,,,,,,,,,,,,,,,,,25038,"Lemon & Honey Day Spa; Orange, CA",West,Amy,2023,Yes,,,,,,,,,,,,,,,,,,,,,,,,,,,,,,,,,,,,,,,,,,,,,,,,,,,,,,,,,,38,2023-10-01 00:00:00,202310,7243.37,,,,,,,,,,,,,,,,,,,,,,,,,,,,,,,,,,5204.37,,,0,0,0,0,0,0,0,0,0,5204.37,5204.37,5204.37,,,,,,,,,,,,,,,,,,,,,,,,,,,,,,,,,,,,,,,,,,,,,,,,,,,,,,,us_budget_v2_full_workbook_rows,2026-03-24T16:45:36+00:00
2023,20260324T164535Z_2026.01.22 US Spa Sales Budget 2026 FINAL.xlsx,10,43,,,,,,,,,,,,,,,,,,,,,,,,,,,,,,,,,,,,,,,,,,,,,,,,,,,,,25039,Four Seasons Hotel Austin; DTRS Austin LLC,Central,Emily,2024,No,,,,,,,,,,,,,,,,,,,,,,,,,,,,,,,,,,,,,,,,,,,,,,,,,,,,,,,,,,39,2024-03-01 00:00:00,20243,0,,,,,,,,,,,,,,,,,,,,,,,,,,,,,,,,,,,,,0,0,0,0,0,0,0,0,0,0,0,0,,,,,,,,,,,,,,,,,,,,,,,,,,,,,,,,,,,,,,,,,,,,,,,,,,,,,,,us_budget_v2_full_workbook_rows,2026-03-24T16:45:36+00:00
2023,20260324T164535Z_2026.01.22 US Spa Sales Budget 2026 FINAL.xlsx,10,44,,,,,,,,,,,,,,,,,,,,,,,,,,,,,,,,,,,,,,,,,,,,,,,,,,,,,25040,AMG Investments LLC; Fl,Southeast,Lisa,2023,Yes,,,,,,,,,,,,,,,,,,,,,,,,,,,,,,,,,,,,,,,,,,,,,,,,,,,,,,,,,,40,2023-10-01 00:00:00,202310,6451.14,,,,,,,,,,,,,,,,,,,,,,,,,,,,,,,,,,5949.98,,266.38,0,0,0,0,0,0,0,0,0,5949.98,5949.98,6216.36,,,,,,,,,,,,,,,,,,,,,,,,,,,,,,,,,,,,,,,,,,,,,,,,,,,,,,,us_budget_v2_full_workbook_rows,2026-03-24T16:45:36+00:00
2023,20260324T164535Z_2026.01.22 US Spa Sales Budget 2026 FINAL.xlsx,10,45,,,,,,,,,,,,,,,,,,,,,,,,,,,,,,,,,,,,,,,,,,,,,,,,,,,,,25041,Agata Sokolowska; IL,Central,Emily,2023,No,,,,,,,,,,,,,,,,,,,,,,,,,,,,,,,,,,,,,,,,,,,,,,,,,,,,,,,,,,41,2023-11-01 00:00:00,202311,575.16,,,,,,,,,,,,,,,,,,,,,,,,,,,,,,,,,,,575.16,,0,0,0,0,0,0,0,0,0,0,575.16,575.16,,,,,,,,,,,,,,,,,,,,,,,,,,,,,,,,,,,,,,,,,,,,,,,,,,,,,,,us_budget_v2_full_workbook_rows,2026-03-24T16:45:36+00:00
2023,20260324T164535Z_2026.01.22 US Spa Sales Budget 2026 FINAL.xlsx,10,46,,,,,,,,,,,,,,,,,,,,,,,,,,,,,,,,,,,,,,,,,,,,,,,,,,,,,25042,Eau Spa Palm Beach; Fl,Southeast,Lisa,2023,Yes,,,,,,,,,,,,,,,,,,,,,,,,,,,,,,,,,,,,,,,,,,,,,,,,,,,,,,,,,,42,2023-12-01 00:00:00,202312,24324,,,,,,,,,,,,,,,,,,,,,,,,,,,,,,,,,,,,24324,0,0,0,0,0,0,0,0,0,0,0,24324,,,,,,,,,,,,,,,,,,,,,,,,,,,,,,,,,,,,,,,,,,,,,,,,,,,,,,,us_budget_v2_full_workbook_rows,2026-03-24T16:45:36+00:00
2023,20260324T164535Z_2026.01.22 US Spa Sales Budget 2026 FINAL.xlsx,10,47,,,,,,,,,,,,,,,,,,,,,,,,,,,,,,,,,,,,,,,,,,,,,,,,,,,,,25043,"Jupiter Island Holdings, Inc.; Fl",Southeast,Lisa,2023,Yes,,,,,,,,,,,,,,,,,,,,,,,,,,,,,,,,,,,,,,,,,,,,,,,,,,,,,,,,,,43,2023-12-01 00:00:00,202312,1212,,,,,,,,,,,,,,,,,,,,,,,,,,,,,,,,,,,,1212,0,0,0,0,0,0,0,0,0,0,0,1212,,,,,,,,,,,,,,,,,,,,,,,,,,,,,,,,,,,,,,,,,,,,,,,,,,,,,,,us_budget_v2_full_workbook_rows,2026-03-24T16:45:36+00:00
2023,20260324T164535Z_2026.01.22 US Spa Sales Budget 2026 FINAL.xlsx,10,48,,,,,,,,,,,,,,,,,,,,,,,,,,,,,,,,,,,,,,,,,,,,,,,,,,,,,25044,The Elms Hotel and Spa; Missouri,Central,Emily,2024,No,,,,,,,,,,,,,,,,,,,,,,,,,,,,,,,,,,,,,,,,,,,,,,,,,,,,,,,,,,44,2024-01-01 00:00:00,20241,5613.07,,,,,,,,,,,,,,,,,,,,,,,,,,,,,,,,,,,,,0,0,0,0,0,0,0,0,0,0,0,0,,,,,,,,,,,,,,,,,,,,,,,,,,,,,,,,,,,,,,,,,,,,,,,,,,,,,,,us_budget_v2_full_workbook_rows,2026-03-24T16:45:36+00:00
2023,20260324T164535Z_2026.01.22 US Spa Sales Budget 2026 FINAL.xlsx,10,49,,,,,,,,,,,,,,,,,,,,,,,,,,,,,,,,,,,,,,,,,,,,,,,,,,,,,25045,dba Haven Spa,Northeast,Emily,2024,No,,,,,,,,,,,,,,,,,,,,,,,,,,,,,,,,,,,,,,,,,,,,,,,,,,,,,,,,,,45,2024-02-01 00:00:00,20242,,,,,,,,,,,,,,,,,,,,,,,,,,,,,,,,,,,,,,0,0,0,0,0,0,0,0,0,0,0,0,,,,,,,,,,,,,,,,,,,,,,,,,,,,,,,,,,,,,,,,,,,,,,,,,,,,,,,us_budget_v2_full_workbook_rows,2026-03-24T16:45:36+00:00
2023,20260324T164535Z_2026.01.22 US Spa Sales Budget 2026 FINAL.xlsx,10,50,,,,,,,,,,,,,,,,,,,,,,,,,,,,,,,,,,,,,,,,,,,,,,,,,,,,,25046,"Beverly Wilshire,Four Seasons Hotel, CA",West,Amy,2024,No,,,,,,,,,,,,,,,,,,,,,,,,,,,,,,,,,,,,,,,,,,,,,,,,,,,,,,,,,,,2024-04-01 00:00:00,20244,,,,,,,,,,,,,,,,,,,,,,,,,,,,,,,,,,,,,,0,0,0,0,0,0,0,0,0,0,0,0,,,,,,,,,,,,,,,,,,,,,,,,,,,,,,,,,,,,,,,,,,,,,,,,,,,,,,,us_budget_v2_full_workbook_rows,2026-03-24T16:45:36+00:00
2023,20260324T164535Z_2026.01.22 US Spa Sales Budget 2026 FINAL.xlsx,10,51,,,,,,,,,,,,,,,,,,,,,,,,,,,,,,,,,,,,,,,,,,,,,,,,,,,,,25047,"Four Seasons Resort Orlando,FL",Southeast,Lisa,2024,No,,,,,,,,,,,,,,,,,,,,,,,,,,,,,,,,,,,,,,,,,,,,,,,,,,,,,,,,,,,2024-05-01 00:00:00,20245,,,,,,,,,,,,,,,,,,,,,,,,,,,,,,,,,,,,,,0,0,0,0,0,0,0,0,0,0,0,0,,,,,,,,,,,,,,,,,,,,,,,,,,,,,,,,,,,,,,,,,,,,,,,,,,,,,,,us_budget_v2_full_workbook_rows,2026-03-24T16:45:36+00:00
2023,20260324T164535Z_2026.01.22 US Spa Sales Budget 2026 FINAL.xlsx,10,52,,,,,,,,,,,,,,,,,,,,,,,,,,,,,,,,,,,,,,,,,,,,,,,,,,,,,25049,Four Seasons Baltimore; MD,Northeast,Emily,2024,No,,,,,,,,,,,,,,,,,,,,,,,,,,,,,,,,,,,,,,,,,,,,,,,,,,,,,,,,,,,2024-05-01 00:00:00,20245,,,,,,,,,,,,,,,,,,,,,,,,,,,,,,,,,,,,,,0,0,0,0,0,0,0,0,0,0,0,0,,,,,,,,,,,,,,,,,,,,,,,,,,,,,,,,,,,,,,,,,,,,,,,,,,,,,,,us_budget_v2_full_workbook_rows,2026-03-24T16:45:36+00:00
2023,20260324T164535Z_2026.01.22 US Spa Sales Budget 2026 FINAL.xlsx,10,53,,,,,,,,,,,,,,,,,,,,,,,,,,,,,,,,,,,,,,,,,,,,,,,,,,,,,25050,"Mokara Hotel & Spa, Omni Hotels Management Corp.",Central,Emily,2024,No,,,,,,,,,,,,,,,,,,,,,,,,,,,,,,,,,,,,,,,,,,,,,,,,,,,,,,,,,,,2024-06-01 00:00:00,20246,,,,,,,,,,,,,,,,,,,,,,,,,,,,,,,,,,,,,,0,0,0,0,0,0,0,0,0,0,0,0,,,,,,,,,,,,,,,,,,,,,,,,,,,,,,,,,,,,,,,,,,,,,,,,,,,,,,,us_budget_v2_full_workbook_rows,2026-03-24T16:45:36+00:00
2023,20260324T164535Z_2026.01.22 US Spa Sales Budget 2026 FINAL.xlsx,10,54,,,,,,,,,,,,,,,,,,,,,,,,,,,,,,,,,,,,,,,,,,,,,,,,,,,,,25052,Rosewood Miramar Beach; CA,West,Amy,2024,No,,,,,,,,,,,,,,,,,,,,,,,,,,,,,,,,,,,,,,,,,,,,,,,,,,,,,,,,,,,2024-07-01 00:00:00,20247,,,,,,,,,,,,,,,,,,,,,,,,,,,,,,,,,,,,,,0,0,0,0,0,0,0,0,0,0,0,0,,,,,,,,,,,,,,,,,,,,,,,,,,,,,,,,,,,,,,,,,,,,,,,,,,,,,,,us_budget_v2_full_workbook_rows,2026-03-24T16:45:36+00:00
2023,20260324T164535Z_2026.01.22 US Spa Sales Budget 2026 FINAL.xlsx,10,55,,,,,,,,,,,,,,,,,,,,,,,,,,,,,,,,,,,,,,,,,,,,,,,,,,,,,25053,"Bonnie Frances Skin;Phoenix, AZ",West,Amy,2024,No,,,,,,,,,,,,,,,,,,,,,,,,,,,,,,,,,,,,,,,,,,,,,,,,,,,,,,,,,,,2024-08-01 00:00:00,20248,,,,,,,,,,,,,,,,,,,,,,,,,,,,,,,,,,,,,,0,0,0,0,0,0,0,0,0,0,0,0,,,,,,,,,,,,,,,,,,,,,,,,,,,,,,,,,,,,,,,,,,,,,,,,,,,,,,,us_budget_v2_full_workbook_rows,2026-03-24T16:45:36+00:00
2023,20260324T164535Z_2026.01.22 US Spa Sales Budget 2026 FINAL.xlsx,10,56,,,,,,,,,,,,,,,,,,,,,,,,,,,,,,,,,,,,,,,,,,,,,,,,,,,,,25054,Four Seasons Hotel Nashville; TN,Southeast,Lisa,2024,No,,,,,,,,,,,,,,,,,,,,,,,,,,,,,,,,,,,,,,,,,,,,,,,,,,,,,,,,,,,2024-08-01 00:00:00,20248,,,,,,,,,,,,,,,,,,,,,,,,,,,,,,,,,,,,,,0,0,0,0,0,0,0,0,0,0,0,0,,,,,,,,,,,,,,,,,,,,,,,,,,,,,,,,,,,,,,,,,,,,,,,,,,,,,,,us_budget_v2_full_workbook_rows,2026-03-24T16:45:36+00:00
2023,20260324T164535Z_2026.01.22 US Spa Sales Budget 2026 FINAL.xlsx,10,57,,,,,,,,,,,,,,,,,,,,,,,,,,,,,,,,,,,,,,,,,,,,,,,,,,,,,25055,USREC Banyan Cay Resort LLC,Southeast,Lisa,2024,No,,,,,,,,,,,,,,,,,,,,,,,,,,,,,,,,,,,,,,,,,,,,,,,,,,,,,,,,,,,2024-09-01 00:00:00,20249,,,,,,,,,,,,,,,,,,,,,,,,,,,,,,,,,,,,,,0,0,0,0,0,0,0,0,0,0,0,0,,,,,,,,,,,,,,,,,,,,,,,,,,,,,,,,,,,,,,,,,,,,,,,,,,,,,,,us_budget_v2_full_workbook_rows,2026-03-24T16:45:36+00:00
2023,20260324T164535Z_2026.01.22 US Spa Sales Budget 2026 FINAL.xlsx,10,58,,,,,,,,,,,,,,,,,,,,,,,,,,,,,,,,,,,,,,,,,,,,,,,,,,,,,25056,AMI LLC Bergamos Retreat,Central,Amy,2024,No,,,,,,,,,,,,,,,,,,,,,,,,,,,,,,,,,,,,,,,,,,,,,,,,,,,,,,,,,,,2024-09-01 00:00:00,20249,,,,,,,,,,,,,,,,,,,,,,,,,,,,,,,,,,,,,,0,0,0,0,0,0,0,0,0,0,0,0,,,,,,,,,,,,,,,,,,,,,,,,,,,,,,,,,,,,,,,,,,,,,,,,,,,,,,,us_budget_v2_full_workbook_rows,2026-03-24T16:45:36+00:00
2023,20260324T164535Z_2026.01.22 US Spa Sales Budget 2026 FINAL.xlsx,10,59,,,,,,,,,,,,,,,,,,,,,,,,,,,,,,,,,,,,,,,,,,,,,,,,,,,,,25057,Waldorf Astoria Spa Chicago,Central,Emily,2024,No,,,,,,,,,,,,,,,,,,,,,,,,,,,,,,,,,,,,,,,,,,,,,,,,,,,,,,,,,,,2024-10-01 00:00:00,202410,,,,,,,,,,,,,,,,,,,,,,,,,,,,,,,,,,,,,,0,0,0,0,0,0,0,0,0,0,0,0,,,,,,,,,,,,,,,,,,,,,,,,,,,,,,,,,,,,,,,,,,,,,,,,,,,,,,,us_budget_v2_full_workbook_rows,2026-03-24T16:45:36+00:00
2023,20260324T164535Z_2026.01.22 US Spa Sales Budget 2026 FINAL.xlsx,10,60,,,,,,,,,,,,,,,,,,,,,,,,,,,,,,,,,,,,,,,,,,,,,,,,,,,,,25058,"Five Point Five, Inc.",West,Amy,2024,No,,,,,,,,,,,,,,,,,,,,,,,,,,,,,,,,,,,,,,,,,,,,,,,,,,,,,,,,,,,2024-10-01 00:00:00,202410,,,,,,,,,,,,,,,,,,,,,,,,,,,,,,,,,,,,,,0,0,0,0,0,0,0,0,0,0,0,0,,,,,,,,,,,,,,,,,,,,,,,,,,,,,,,,,,,,,,,,,,,,,,,,,,,,,,,us_budget_v2_full_workbook_rows,2026-03-24T16:45:36+00:00
2023,20260324T164535Z_2026.01.22 US Spa Sales Budget 2026 FINAL.xlsx,10,61,,,,,,,,,,,,,,,,,,,,,,,,,,,,,,,,,,,,,,,,,,,,,,,,,,,,,25059,Red Rock Tivoli Aestetics,West,Amy,2024,No,,,,,,,,,,,,,,,,,,,,,,,,,,,,,,,,,,,,,,,,,,,,,,,,,,,,,,,,,,,2024-12-01 00:00:00,202412,,,,,,,,,,,,,,,,,,,,,,,,,,,,,,,,,,,,,,0,0,0,0,0,0,0,0,0,0,0,0,,,,,,,,,,,,,,,,,,,,,,,,,,,,,,,,,,,,,,,,,,,,,,,,,,,,,,,us_budget_v2_full_workbook_rows,2026-03-24T16:45:36+00:00
2024,20260324T164535Z_2026.01.22 US Spa Sales Budget 2026 FINAL.xlsx,10,11,,,,,,,,,,,,,,,,,,,,,,,,,,,,,,,,,,,,,,,,,,,,,,,,,,,,,25000,West Coast Lifestyles Inc.; CA,West,Amy,2021,Yes,,,,,,,,,,,,,,,,,,,,,,,,,,,,,,,,,,,,,,,,,,,,,,,,,,,,,,,,,,2,2021-07-01 00:00:00,20217,12766.93,,,,,,,,,,,,,,,,,,,,,,,,,,,,,,,,,,,,,,,,,,,,,,,,,,0,738.52,0,0,0,0,0,0,487.4,314,0,0,0,738.52,738.52,738.52,738.52,738.52,738.52,738.52,1225.92,1539.92,1539.92,,,,,,,,,,,,,,,,,,,,,,,,,,,,,,,us_budget_v2_full_workbook_rows,2026-03-24T16:45:36+00:00
2024,20260324T164535Z_2026.01.22 US Spa Sales Budget 2026 FINAL.xlsx,10,12,,,,,,,,,,,,,,,,,,,,,,,,,,,,,,,,,,,,,,,,,,,,,,,,,,,,,25001,Four Seasons Hotel Philadelphia; ; El Paso,Northeast,Emily,2021,Yes,,,,,,,,,,,,,,,,,,,,,,,,,,,,,,,,,,,,,,,,,,,,,,,,,,,,,,,,,,3,2021-05-01 00:00:00,20215,57102.76,,,,,,,,,,,,,,,,,,,,,,,,,,,,,,,,,,,,,,,,,,,,,,,,,0,10090.34,878.25,-2703.67,284.07,8583.39,1630.87,6780.27,287.43,5697,693.25,1459.62,0,10090.34,10968.59,8264.92,8548.99,17132.379999999997,18763.249999999996,25543.519999999997,25830.949999999997,31527.949999999997,32221.199999999997,33680.82,,,,,,,,,,,,,,,,,,,,,,,,,,,,,,,us_budget_v2_full_workbook_rows,2026-03-24T16:45:36+00:00
2024,20260324T164535Z_2026.01.22 US Spa Sales Budget 2026 FINAL.xlsx,10,13,,,,,,,,,,,,,,,,,,,,,,,,,,,,,,,,,,,,,,,,,,,,,,,,,,,,,25002,Porto Vita/Villa Grande Club; Fl,Southeast,Lisa,2021,Yes,,,,,,,,,,,,,,,,,,,,,,,,,,,,,,,,,,,,,,,,,,,,,,,,,,,,,,,,,,4,2021-08-01 00:00:00,20218,24911.8,,,,,,,,,,,,,,,,,,,,,,,,,,,,,,,,,,,,,,,,,,,,,,,,,1546.07,-463.43,733.04,843.43,1336.34,1132.54,0,1555.8,0,3099.48,6182.65,2099.86,1546.07,1082.6399999999999,1815.6799999999998,2659.1099999999997,3995.45,5127.99,5127.99,6683.79,6683.79,9783.27,15965.92,18065.78,,,,,,,,,,,,,,,,,,,,,,,,,,,,,,,us_budget_v2_full_workbook_rows,2026-03-24T16:45:36+00:00
2024,20260324T164535Z_2026.01.22 US Spa Sales Budget 2026 FINAL.xlsx,10,14,,,,,,,,,,,,,,,,,,,,,,,,,,,,,,,,,,,,,,,,,,,,,,,,,,,,,25003,The resort at Longboat Key CLub; Florida,Southeast,Lisa,2021,No,,,,,,,,,,,,,,,,,,,,,,,,,,,,,,,,,,,,,,,,,,,,,,,,,,,,,,,,,,5,2021-09-01 00:00:00,20219,1917.25,,,,,,,,,,,,,,,,,,,,,,,,,,,,,,,,,,,,,,,,,,,,,,,,,,0,0,0,0,0,0,0,0,0,0,0,0,0,0,0,0,0,0,0,0,0,0,0,,,,,,,,,,,,,,,,,,,,,,,,,,,,,,,us_budget_v2_full_workbook_rows,2026-03-24T16:45:36+00:00
2024,20260324T164535Z_2026.01.22 US Spa Sales Budget 2026 FINAL.xlsx,10,15,,,,,,,,,,,,,,,,,,,,,,,,,,,,,,,,,,,,,,,,,,,,,,,,,,,,,25004,Teton Mountain Lodge,West,Amy,2021,Yes,,,,,,,,,,,,,,,,,,,,,,,,,,,,,,,,,,,,,,,,,,,,,,,,,,,,,,,,,,6,2021-09-01 00:00:00,20219,15904.31,,,,,,,,,,,,,,,,,,,,,,,,,,,,,,,,,,,,,,,,,,,,,,,,,3112.25,915.92,435.35,0,0,0,1569.08,0,2437.88,0,2447.08,0,3112.25,4028.17,4463.52,4463.52,4463.52,4463.52,6032.6,6032.6,8470.48,8470.48,10917.56,10917.56,,,,,,,,,,,,,,,,,,,,,,,,,,,,,,,us_budget_v2_full_workbook_rows,2026-03-24T16:45:36+00:00
2024,20260324T164535Z_2026.01.22 US Spa Sales Budget 2026 FINAL.xlsx,10,16,,,,,,,,,,,,,,,,,,,,,,,,,,,,,,,,,,,,,,,,,,,,,,,,,,,,,25008,"Stars Skincare Med Spa, Florida",Southeast,Lisa,2021,Yes,,,,,,,,,,,,,,,,,,,,,,,,,,,,,,,,,,,,,,,,,,,,,,,,,,,,,,,,,,10,2021-12-01 00:00:00,202112,2212.5,,,,,,,,,,,,,,,,,,,,,,,,,,,,,,,,,,,,,,,,,,,,,,,,,,0,0,0,0,0,0,0,0,0,0,0,0,0,0,0,0,0,0,0,0,0,0,0,,,,,,,,,,,,,,,,,,,,,,,,,,,,,,,us_budget_v2_full_workbook_rows,2026-03-24T16:45:36+00:00
2024,20260324T164535Z_2026.01.22 US Spa Sales Budget 2026 FINAL.xlsx,10,17,,,,,,,,,,,,,,,,,,,,,,,,,,,,,,,,,,,,,,,,,,,,,,,,,,,,,25009,Glo Rejuvenation; Oregon,West,Amy,2022,No,,,,,,,,,,,,,,,,,,,,,,,,,,,,,,,,,,,,,,,,,,,,,,,,,,,,,,,,,,11,2022-01-01 00:00:00,20221,32836.49,,,,,,,,,,,,,,,,,,,,,,,,,,,,,,,,,,,,,,,,,,,,,,,,,,0,0,0,0,0,0,0,0,0,0,0,0,0,0,0,0,0,0,0,0,0,0,0,,,,,,,,,,,,,,,,,,,,,,,,,,,,,,,us_budget_v2_full_workbook_rows,2026-03-24T16:45:36+00:00
2024,20260324T164535Z_2026.01.22 US Spa Sales Budget 2026 FINAL.xlsx,10,18,,,,,,,,,,,,,,,,,,,,,,,,,,,,,,,,,,,,,,,,,,,,,,,,,,,,,25010,"Four Seasons Hotel, Fort Lauderdale; FL",Southeast,Lisa,2022,Yes,,,,,,,,,,,,,,,,,,,,,,,,,,,,,,,,,,,,,,,,,,,,,,,,,,,,,,,,,,12,2022-01-01 00:00:00,20221,108983.17,,,,,,,,,,,,,,,,,,,,,,,,,,,,,,,,,,,,,,,,,,,,,,,,,1079,1809.62,8115.5,8378,8550,1307.32,0,5178,4836.24,5419.72,842.92,0,1079,2888.62,11004.119999999999,19382.12,27932.12,29239.44,29239.44,34417.44,39253.68,44673.4,45516.32,45516.32,,,,,,,,,,,,,,,,,,,,,,,,,,,,,,,us_budget_v2_full_workbook_rows,2026-03-24T16:45:36+00:00
2024,20260324T164535Z_2026.01.22 US Spa Sales Budget 2026 FINAL.xlsx,10,19,,,,,,,,,,,,,,,,,,,,,,,,,,,,,,,,,,,,,,,,,,,,,,,,,,,,,25011,D&G Global Inc.; Claire Gobler; CA,West,Amy,2022,No,,,,,,,,,,,,,,,,,,,,,,,,,,,,,,,,,,,,,,,,,,,,,,,,,,,,,,,,,,13,2022-02-01 00:00:00,20222,25713.4,,,,,,,,,,,,,,,,,,,,,,,,,,,,,,,,,,,,,,,,,,,,,,,,,,0,0,0,0,0,0,0,0,0,0,0,0,0,0,0,0,0,0,0,0,0,0,0,,,,,,,,,,,,,,,,,,,,,,,,,,,,,,,us_budget_v2_full_workbook_rows,2026-03-24T16:45:36+00:00
2024,20260324T164535Z_2026.01.22 US Spa Sales Budget 2026 FINAL.xlsx,10,20,,,,,,,,,,,,,,,,,,,,,,,,,,,,,,,,,,,,,,,,,,,,,,,,,,,,,25012,"Rosewood Sense Spa, CA",West,Amy,2022,Yes,,,,,,,,,,,,,,,,,,,,,,,,,,,,,,,,,,,,,,,,,,,,,,,,,,,,,,,,,,14,2022-03-01 00:00:00,20223,268312.63,,,,,,,,,,,,,,,,,,,,,,,,,,,,,,,,,,,,,,,,,,,,,,,,,13260.31,12863.81,13243.83,13221.09,7203,7087.17,10165.5,175.6,12862,11588.44,0,2727.63,13260.31,26124.12,39367.95,52589.03999999999,59792.03999999999,66879.20999999999,77044.70999999999,77220.31,90082.31,101670.75,101670.75,104398.38,,,,,,,,,,,,,,,,,,,,,,,,,,,,,,,us_budget_v2_full_workbook_rows,2026-03-24T16:45:36+00:00
2024,20260324T164535Z_2026.01.22 US Spa Sales Budget 2026 FINAL.xlsx,10,21,,,,,,,,,,,,,,,,,,,,,,,,,,,,,,,,,,,,,,,,,,,,,,,,,,,,,25013,Gurney ´s Inn Resort & Spa LLC; NY,Central,Emily,2022,No,,,,,,,,,,,,,,,,,,,,,,,,,,,,,,,,,,,,,,,,,,,,,,,,,,,,,,,,,,15,2022-03-01 00:00:00,20223,28353.3,,,,,,,,,,,,,,,,,,,,,,,,,,,,,,,,,,,,,,,,,,,,,,,,,,0,0,0,0,0,0,0,0,0,0,0,0,0,0,0,0,0,0,0,0,0,0,0,,,,,,,,,,,,,,,,,,,,,,,,,,,,,,,us_budget_v2_full_workbook_rows,2026-03-24T16:45:36+00:00
2024,20260324T164535Z_2026.01.22 US Spa Sales Budget 2026 FINAL.xlsx,10,22,,,,,,,,,,,,,,,,,,,,,,,,,,,,,,,,,,,,,,,,,,,,,,,,,,,,,25015,Gateway Canyon Resort & Spa; CO,West,Amy,2022,Yes,,,,,,,,,,,,,,,,,,,,,,,,,,,,,,,,,,,,,,,,,,,,,,,,,,,,,,,,,,16,2022-03-01 00:00:00,20223,16589.58,,,,,,,,,,,,,,,,,,,,,,,,,,,,,,,,,,,,,,,,,,,,,,,,,,68.63,556.34,0,0,829.01,0,833.91,0,0,429.43,0,0,68.63,624.97,624.97,624.97,1453.98,1453.98,2287.89,2287.89,2287.89,2717.3199999999997,2717.3199999999997,,,,,,,,,,,,,,,,,,,,,,,,,,,,,,,us_budget_v2_full_workbook_rows,2026-03-24T16:45:36+00:00
2024,20260324T164535Z_2026.01.22 US Spa Sales Budget 2026 FINAL.xlsx,10,23,,,,,,,,,,,,,,,,,,,,,,,,,,,,,,,,,,,,,,,,,,,,,,,,,,,,,25016,"Williams Island POA, Inc.Florida",Southeast,Lisa,2022,Yes,,,,,,,,,,,,,,,,,,,,,,,,,,,,,,,,,,,,,,,,,,,,,,,,,,,,,,,,,,17,2022-04-01 00:00:00,20224,21196.78,,,,,,,,,,,,,,,,,,,,,,,,,,,,,,,,,,,,,,,,,,,,,,,,,2519.5,1444.5,0,1325,0,0,0,996,3599,1582.5,0,0,2519.5,3964,3964,5289,5289,5289,5289,6285,9884,11466.5,11466.5,11466.5,,,,,,,,,,,,,,,,,,,,,,,,,,,,,,,us_budget_v2_full_workbook_rows,2026-03-24T16:45:36+00:00
2024,20260324T164535Z_2026.01.22 US Spa Sales Budget 2026 FINAL.xlsx,10,24,,,,,,,,,,,,,,,,,,,,,,,,,,,,,,,,,,,,,,,,,,,,,,,,,,,,,25018,Iridescent LLC; Big-Bang; Miiami; Paula,Southeast,Lisa,2022,No,,,,,,,,,,,,,,,,,,,,,,,,,,,,,,,,,,,,,,,,,,,,,,,,,,,,,,,,,,18,2022-07-01 00:00:00,20227,8694,,,,,,,,,,,,,,,,,,,,,,,,,,,,,,,,,,,,,,,,,,,,,,,,,,0,0,0,0,0,0,0,0,0,0,0,0,0,0,0,0,0,0,0,0,0,0,0,,,,,,,,,,,,,,,,,,,,,,,,,,,,,,,us_budget_v2_full_workbook_rows,2026-03-24T16:45:36+00:00
2024,20260324T164535Z_2026.01.22 US Spa Sales Budget 2026 FINAL.xlsx,10,25,,,,,,,,,,,,,,,,,,,,,,,,,,,,,,,,,,,,,,,,,,,,,,,,,,,,,25019,Banyan Cay Res.; W Palm Beach; Melissa,Southeast,Lisa,2022,No,,,,,,,,,,,,,,,,,,,,,,,,,,,,,,,,,,,,,,,,,,,,,,,,,,,,,,,,,,19,2022-06-01 00:00:00,20226,3203.8,,,,,,,,,,,,,,,,,,,,,,,,,,,,,,,,,,,,,,,,,,,,,,,,,,0,0,0,0,0,0,0,0,0,0,0,0,0,0,0,0,0,0,0,0,0,0,0,,,,,,,,,,,,,,,,,,,,,,,,,,,,,,,us_budget_v2_full_workbook_rows,2026-03-24T16:45:36+00:00
2024,20260324T164535Z_2026.01.22 US Spa Sales Budget 2026 FINAL.xlsx,10,26,,,,,,,,,,,,,,,,,,,,,,,,,,,,,,,,,,,,,,,,,,,,,,,,,,,,,25020,Faena Hotel Miami Beach; FL,Southeast,Lisa,2022,No,,,,,,,,,,,,,,,,,,,,,,,,,,,,,,,,,,,,,,,,,,,,,,,,,,,,,,,,,,20,2022-07-01 00:00:00,20227,7514.3,,,,,,,,,,,,,,,,,,,,,,,,,,,,,,,,,,,,,,,,,,,,,,,,,,0,0,0,0,0,0,0,0,0,0,0,0,0,0,0,0,0,0,0,0,0,0,0,,,,,,,,,,,,,,,,,,,,,,,,,,,,,,,us_budget_v2_full_workbook_rows,2026-03-24T16:45:36+00:00
2024,20260324T164535Z_2026.01.22 US Spa Sales Budget 2026 FINAL.xlsx,10,27,,,,,,,,,,,,,,,,,,,,,,,,,,,,,,,,,,,,,,,,,,,,,,,,,,,,,25021,TALISKER CLUB; Holly Arndt,Central,Amy,,No,,,,,,,,,,,,,,,,,,,,,,,,,,,,,,,,,,,,,,,,,,,,,,,,,,,,,,,,,,21,,,0,,,,,,,,,,,,,,,,,,,,,,,,,,,,,,,,,,,,,,,,,,,,,,,,,,0,0,0,0,0,0,0,0,0,0,0,0,0,0,0,0,0,0,0,0,0,0,0,,,,,,,,,,,,,,,,,,,,,,,,,,,,,,,us_budget_v2_full_workbook_rows,2026-03-24T16:45:36+00:00
2024,20260324T164535Z_2026.01.22 US Spa Sales Budget 2026 FINAL.xlsx,10,28,,,,,,,,,,,,,,,,,,,,,,,,,,,,,,,,,,,,,,,,,,,,,,,,,,,,,25022,Beating Hearts; Dallas; Lori Feste,Central,Amy,2022,No,,,,,,,,,,,,,,,,,,,,,,,,,,,,,,,,,,,,,,,,,,,,,,,,,,,,,,,,,,22,2022-08-01 00:00:00,20228,2997.3,,,,,,,,,,,,,,,,,,,,,,,,,,,,,,,,,,,,,,,,,,,,,,,,,,0,0,0,0,0,0,0,0,0,0,0,0,0,0,0,0,0,0,0,0,0,0,0,,,,,,,,,,,,,,,,,,,,,,,,,,,,,,,us_budget_v2_full_workbook_rows,2026-03-24T16:45:36+00:00
2024,20260324T164535Z_2026.01.22 US Spa Sales Budget 2026 FINAL.xlsx,10,29,,,,,,,,,,,,,,,,,,,,,,,,,,,,,,,,,,,,,,,,,,,,,,,,,,,,,25023,HLP Hotels LLC DBA Lost Pines; Texas,Central,Amy,2022,No,,,,,,,,,,,,,,,,,,,,,,,,,,,,,,,,,,,,,,,,,,,,,,,,,,,,,,,,,,23,2022-09-01 00:00:00,20229,15579.78,,,,,,,,,,,,,,,,,,,,,,,,,,,,,,,,,,,,,,,,,,,,,,,,,,0,0,0,0,0,0,0,0,0,0,0,0,0,0,0,0,0,0,0,0,0,0,0,,,,,,,,,,,,,,,,,,,,,,,,,,,,,,,us_budget_v2_full_workbook_rows,2026-03-24T16:45:36+00:00
2024,20260324T164535Z_2026.01.22 US Spa Sales Budget 2026 FINAL.xlsx,10,30,,,,,,,,,,,,,,,,,,,,,,,,,,,,,,,,,,,,,,,,,,,,,,,,,,,,,25024,"Mt. Bailey Holdings, LLC; Four Seasons Hotel Atlanta",Southeast,Lisa,2022,Yes,,,,,,,,,,,,,,,,,,,,,,,,,,,,,,,,,,,,,,,,,,,,,,,,,,,,,,,,,,24,2022-10-01 00:00:00,202210,9553.84,,,,,,,,,,,,,,,,,,,,,,,,,,,,,,,,,,,,,,,,,,,,,,,,,,0,0,0,0,0,0,0,0,0,0,0,0,0,0,0,0,0,0,0,0,0,0,0,,,,,,,,,,,,,,,,,,,,,,,,,,,,,,,us_budget_v2_full_workbook_rows,2026-03-24T16:45:36+00:00
2024,20260324T164535Z_2026.01.22 US Spa Sales Budget 2026 FINAL.xlsx,10,31,,,,,,,,,,,,,,,,,,,,,,,,,,,,,,,,,,,,,,,,,,,,,,,,,,,,,25025,"ARCH Amenity Group, Florida",Southeast,Lisa,,No,,,,,,,,,,,,,,,,,,,,,,,,,,,,,,,,,,,,,,,,,,,,,,,,,,,,,,,,,,25,,,0,,,,,,,,,,,,,,,,,,,,,,,,,,,,,,,,,,,,,,,,,,,,,,,,,,0,0,0,0,0,0,0,0,0,0,0,0,0,0,0,0,0,0,0,0,0,0,0,,,,,,,,,,,,,,,,,,,,,,,,,,,,,,,us_budget_v2_full_workbook_rows,2026-03-24T16:45:36+00:00
2024,20260324T164535Z_2026.01.22 US Spa Sales Budget 2026 FINAL.xlsx,10,32,,,,,,,,,,,,,,,,,,,,,,,,,,,,,,,,,,,,,,,,,,,,,,,,,,,,,25026,JW Marriott Miami Turnberry,Southeast,Lisa,2023,Yes,,,,,,,,,,,,,,,,,,,,,,,,,,,,,,,,,,,,,,,,,,,,,,,,,,,,,,,,,,26,2023-01-01 00:00:00,20231,10735.11,,,,,,,,,,,,,,,,,,,,,,,,,,,,,,,,,,,,,,,,,,,,,,,,,,0,0,0,0,3224.75,0,0,0,0,0,0,0,0,0,0,0,3224.75,3224.75,3224.75,3224.75,3224.75,3224.75,3224.75,,,,,,,,,,,,,,,,,,,,,,,,,,,,,,,us_budget_v2_full_workbook_rows,2026-03-24T16:45:36+00:00
2024,20260324T164535Z_2026.01.22 US Spa Sales Budget 2026 FINAL.xlsx,10,33,,,,,,,,,,,,,,,,,,,,,,,,,,,,,,,,,,,,,,,,,,,,,,,,,,,,,25027,San Manuel Entert.; Yaamava Resort; Highland,West,Amy,2022,Yes,,,,,,,,,,,,,,,,,,,,,,,,,,,,,,,,,,,,,,,,,,,,,,,,,,,,,,,,,,27,2022-12-01 00:00:00,202212,76587.88,,,,,,,,,,,,,,,,,,,,,,,,,,,,,,,,,,,,,,,,,,,,,,,,,,14041.85,19306.36,6061.78,2470.96,6754.48,2580,16324.06,13275.44,11157.86,907.92,10847.68,0,14041.85,33348.21,39409.99,41880.95,48635.42999999999,51215.42999999999,67539.48999999999,80814.93,91972.79,92880.70999999999,103728.38999999998,,,,,,,,,,,,,,,,,,,,,,,,,,,,,,,us_budget_v2_full_workbook_rows,2026-03-24T16:45:36+00:00
2024,20260324T164535Z_2026.01.22 US Spa Sales Budget 2026 FINAL.xlsx,10,34,,,,,,,,,,,,,,,,,,,,,,,,,,,,,,,,,,,,,,,,,,,,,,,,,,,,,25028,Jenny Y Yu; MD FACS PLLC,Northeast,Emily,2023,No,,,,,,,,,,,,,,,,,,,,,,,,,,,,,,,,,,,,,,,,,,,,,,,,,,,,,,,,,,28,2023-01-01 00:00:00,20231,2978,,,,,,,,,,,,,,,,,,,,,,,,,,,,,,,,,,,,,,,,,,,,,,,,,,0,0,0,0,0,0,0,0,0,0,0,0,0,0,0,0,0,0,0,0,0,0,0,,,,,,,,,,,,,,,,,,,,,,,,,,,,,,,us_budget_v2_full_workbook_rows,2026-03-24T16:45:36+00:00
2024,20260324T164535Z_2026.01.22 US Spa Sales Budget 2026 FINAL.xlsx,10,35,,,,,,,,,,,,,,,,,,,,,,,,,,,,,,,,,,,,,,,,,,,,,,,,,,,,,25029,Ana Molinari Inc.; FL,Southeast,Lisa,2023,Yes,,,,,,,,,,,,,,,,,,,,,,,,,,,,,,,,,,,,,,,,,,,,,,,,,,,,,,,,,,29,2023-01-01 00:00:00,20231,3872.89,,,,,,,,,,,,,,,,,,,,,,,,,,,,,,,,,,,,,,,,,,,,,,,,,,0,0,0,0,0,3224.51,397.5,2122.36,0,1914.89,0,0,0,0,0,0,0,3224.51,3622.01,5744.370000000001,5744.370000000001,7659.260000000001,7659.260000000001,,,,,,,,,,,,,,,,,,,,,,,,,,,,,,,us_budget_v2_full_workbook_rows,2026-03-24T16:45:36+00:00
2024,20260324T164535Z_2026.01.22 US Spa Sales Budget 2026 FINAL.xlsx,10,36,,,,,,,,,,,,,,,,,,,,,,,,,,,,,,,,,,,,,,,,,,,,,,,,,,,,,25032,Four Seasons Hotel Las Vegas,West,Amy,2023,Yes,,,,,,,,,,,,,,,,,,,,,,,,,,,,,,,,,,,,,,,,,,,,,,,,,,,,,,,,,,32,2023-04-01 00:00:00,20234,43029.09,,,,,,,,,,,,,,,,,,,,,,,,,,,,,,,,,,,,,,,,,,,,,,,,,4246.34,3162.09,4900.87,1887.69,4378.54,4138.6,3923.46,3742.45,5866.05,4237.64,6726.53,2900.02,4246.34,7408.43,12309.3,14196.99,18575.53,22714.129999999997,26637.589999999997,30380.039999999997,36246.09,40483.729999999996,47210.259999999995,50110.27999999999,,,,,,,,,,,,,,,,,,,,,,,,,,,,,,,us_budget_v2_full_workbook_rows,2026-03-24T16:45:36+00:00
2024,20260324T164535Z_2026.01.22 US Spa Sales Budget 2026 FINAL.xlsx,10,37,,,,,,,,,,,,,,,,,,,,,,,,,,,,,,,,,,,,,,,,,,,,,,,,,,,,,25033,Body Works Day Spa; Stewart Manor,Northeast,Emily,2023,No,,,,,,,,,,,,,,,,,,,,,,,,,,,,,,,,,,,,,,,,,,,,,,,,,,,,,,,,,,33,2023-05-01 00:00:00,20235,5424.13,,,,,,,,,,,,,,,,,,,,,,,,,,,,,,,,,,,,,,,,,,,,,,,,,,0,0,0,0,0,0,0,0,0,0,0,0,0,0,0,0,0,0,0,0,0,0,0,,,,,,,,,,,,,,,,,,,,,,,,,,,,,,,us_budget_v2_full_workbook_rows,2026-03-24T16:45:36+00:00
2024,20260324T164535Z_2026.01.22 US Spa Sales Budget 2026 FINAL.xlsx,10,38,,,,,,,,,,,,,,,,,,,,,,,,,,,,,,,,,,,,,,,,,,,,,,,,,,,,,25034,"Live Love Spa; Tustin, CA",Other,Melissa,2023,Yes,,,,,,,,,,,,,,,,,,,,,,,,,,,,,,,,,,,,,,,,,,,,,,,,,,,,,,,,,,34,2023-05-01 00:00:00,20235,494,,,,,,,,,,,,,,,,,,,,,,,,,,,,,,,,,,,,,,,,,,,,,,,,,,0,0,0,0,0,0,0,0,0,0,0,0,0,0,0,0,0,0,0,0,0,0,0,,,,,,,,,,,,,,,,,,,,,,,,,,,,,,,us_budget_v2_full_workbook_rows,2026-03-24T16:45:36+00:00
2024,20260324T164535Z_2026.01.22 US Spa Sales Budget 2026 FINAL.xlsx,10,39,,,,,,,,,,,,,,,,,,,,,,,,,,,,,,,,,,,,,,,,,,,,,,,,,,,,,25035,Rosewood Little Dix Bay; Helen Lugo,Other,Melissa,2023,Yes,,,,,,,,,,,,,,,,,,,,,,,,,,,,,,,,,,,,,,,,,,,,,,,,,,,,,,,,,,35,2023-09-01 00:00:00,20239,22651.16,,,,,,,,,,,,,,,,,,,,,,,,,,,,,,,,,,,,,,,,,,,,,,,,,,0,3417,0,0,0,0,0,0,0,10306.61,0,0,0,3417,3417,3417,3417,3417,3417,3417,3417,13723.61,13723.61,,,,,,,,,,,,,,,,,,,,,,,,,,,,,,,us_budget_v2_full_workbook_rows,2026-03-24T16:45:36+00:00
2024,20260324T164535Z_2026.01.22 US Spa Sales Budget 2026 FINAL.xlsx,10,40,,,,,,,,,,,,,,,,,,,,,,,,,,,,,,,,,,,,,,,,,,,,,,,,,,,,,25036,MacArthur Place; LÁuberge de Sonoma LLC; CA,West,Amy,2023,Yes,,,,,,,,,,,,,,,,,,,,,,,,,,,,,,,,,,,,,,,,,,,,,,,,,,,,,,,,,,36,2023-08-01 00:00:00,20238,5919.87,,,,,,,,,,,,,,,,,,,,,,,,,,,,,,,,,,,,,,,,,,,,,,,,,,0,0,267.52,0,0,0,0,1749.32,0,0,340.74,0,0,0,267.52,267.52,267.52,267.52,267.52,2016.84,2016.84,2016.84,2357.58,,,,,,,,,,,,,,,,,,,,,,,,,,,,,,,us_budget_v2_full_workbook_rows,2026-03-24T16:45:36+00:00
2024,20260324T164535Z_2026.01.22 US Spa Sales Budget 2026 FINAL.xlsx,10,41,,,,,,,,,,,,,,,,,,,,,,,,,,,,,,,,,,,,,,,,,,,,,,,,,,,,,25037,Equinox Holdings Inc; Ap Communications,Northeast,Emily,2023,Yes,,,,,,,,,,,,,,,,,,,,,,,,,,,,,,,,,,,,,,,,,,,,,,,,,,,,,,,,,,37,2023-08-01 00:00:00,20238,21563.64,,,,,,,,,,,,,,,,,,,,,,,,,,,,,,,,,,,,,,,,,,,,,,,,,736.5,910.5,445,740.58,1445,534.08,125,414.48,0,7195.74,1568.91,225.35,736.5,1647,2092,2832.58,4277.58,4811.66,4936.66,5351.139999999999,5351.139999999999,12546.88,14115.789999999999,14341.14,,,,,,,,,,,,,,,,,,,,,,,,,,,,,,,us_budget_v2_full_workbook_rows,2026-03-24T16:45:36+00:00
2024,20260324T164535Z_2026.01.22 US Spa Sales Budget 2026 FINAL.xlsx,10,42,,,,,,,,,,,,,,,,,,,,,,,,,,,,,,,,,,,,,,,,,,,,,,,,,,,,,25038,"Lemon & Honey Day Spa; Orange, CA",West,Amy,2023,Yes,,,,,,,,,,,,,,,,,,,,,,,,,,,,,,,,,,,,,,,,,,,,,,,,,,,,,,,,,,38,2023-10-01 00:00:00,202310,7243.37,,,,,,,,,,,,,,,,,,,,,,,,,,,,,,,,,,,,,,,,,,,,,,,,,2039,2142.19,0,1252.57,613.02,3167.33,4219.91,497.8,1528.3,3578.59,5492.25,4000,2039,4181.1900000000005,4181.1900000000005,5433.76,6046.780000000001,9214.11,13434.02,13931.82,15460.119999999999,19038.71,24530.96,28530.96,,,,,,,,,,,,,,,,,,,,,,,,,,,,,,,us_budget_v2_full_workbook_rows,2026-03-24T16:45:36+00:00
2024,20260324T164535Z_2026.01.22 US Spa Sales Budget 2026 FINAL.xlsx,10,43,,,,,,,,,,,,,,,,,,,,,,,,,,,,,,,,,,,,,,,,,,,,,,,,,,,,,25039,Four Seasons Hotel Austin; DTRS Austin LLC,Central,Emily,2024,Yes,,,,,,,,,,,,,,,,,,,,,,,,,,,,,,,,,,,,,,,,,,,,,,,,,,,,,,,,,,39,2024-03-01 00:00:00,20243,0,,,,,,,,,,,,,,,,,,,,,,,,,,,,,,,,,,,,,,,,,,,,,,,,,0,0,5828.27,1545,0,0,0,0,4118.55,0,3765.5,3153.5,0,0,5828.27,7373.27,7373.27,7373.27,7373.27,7373.27,11491.82,11491.82,15257.32,18410.82,,,,,,,,,,,,,,,,,,,,,,,,,,,,,,,us_budget_v2_full_workbook_rows,2026-03-24T16:45:36+00:00
2024,20260324T164535Z_2026.01.22 US Spa Sales Budget 2026 FINAL.xlsx,10,44,,,,,,,,,,,,,,,,,,,,,,,,,,,,,,,,,,,,,,,,,,,,,,,,,,,,,25040,AMG Investments LLC; Fl,Southeast,Lisa,2023,Yes,,,,,,,,,,,,,,,,,,,,,,,,,,,,,,,,,,,,,,,,,,,,,,,,,,,,,,,,,,40,2023-10-01 00:00:00,202310,6451.14,,,,,,,,,,,,,,,,,,,,,,,,,,,,,,,,,,,,,,,,,,,,,,,,,234.78,0,0,1427.6,711.92,0,0,1205.12,1413.75,322.5,2105.39,0,234.78,234.78,234.78,1662.3799999999999,2374.2999999999997,2374.2999999999997,2374.2999999999997,3579.4199999999996,4993.17,5315.67,7421.0599999999995,7421.0599999999995,,,,,,,,,,,,,,,,,,,,,,,,,,,,,,,us_budget_v2_full_workbook_rows,2026-03-24T16:45:36+00:00
2024,20260324T164535Z_2026.01.22 US Spa Sales Budget 2026 FINAL.xlsx,10,45,,,,,,,,,,,,,,,,,,,,,,,,,,,,,,,,,,,,,,,,,,,,,,,,,,,,,25041,Agata Sokolowska; IL,Central,Emily,2023,No,,,,,,,,,,,,,,,,,,,,,,,,,,,,,,,,,,,,,,,,,,,,,,,,,,,,,,,,,,41,2023-11-01 00:00:00,202311,575.16,,,,,,,,,,,,,,,,,,,,,,,,,,,,,,,,,,,,,,,,,,,,,,,,,,0,0,0,0,0,0,0,0,0,0,0,0,0,0,0,0,0,0,0,0,0,0,0,,,,,,,,,,,,,,,,,,,,,,,,,,,,,,,us_budget_v2_full_workbook_rows,2026-03-24T16:45:36+00:00
2024,20260324T164535Z_2026.01.22 US Spa Sales Budget 2026 FINAL.xlsx,10,46,,,,,,,,,,,,,,,,,,,,,,,,,,,,,,,,,,,,,,,,,,,,,,,,,,,,,25042,Eau Spa Palm Beach; Fl,Southeast,Lisa,2023,Yes,,,,,,,,,,,,,,,,,,,,,,,,,,,,,,,,,,,,,,,,,,,,,,,,,,,,,,,,,,42,2023-12-01 00:00:00,202312,24324,,,,,,,,,,,,,,,,,,,,,,,,,,,,,,,,,,,,,,,,,,,,,,,,,,0,0,8262,0,0,0,0,7753,6893.82,17834.69,5380.26,0,0,0,8262,8262,8262,8262,8262,16015,22908.82,40743.509999999995,46123.77,,,,,,,,,,,,,,,,,,,,,,,,,,,,,,,us_budget_v2_full_workbook_rows,2026-03-24T16:45:36+00:00
2024,20260324T164535Z_2026.01.22 US Spa Sales Budget 2026 FINAL.xlsx,10,47,,,,,,,,,,,,,,,,,,,,,,,,,,,,,,,,,,,,,,,,,,,,,,,,,,,,,25043,"Jupiter Island Holdings, Inc.; Fl",Southeast,Lisa,2023,Yes,,,,,,,,,,,,,,,,,,,,,,,,,,,,,,,,,,,,,,,,,,,,,,,,,,,,,,,,,,43,2023-12-01 00:00:00,202312,1212,,,,,,,,,,,,,,,,,,,,,,,,,,,,,,,,,,,,,,,,,,,,,,,,,,0,0,0,0,0,0,0,0,2916,0,0,0,0,0,0,0,0,0,0,0,2916,2916,2916,,,,,,,,,,,,,,,,,,,,,,,,,,,,,,,us_budget_v2_full_workbook_rows,2026-03-24T16:45:36+00:00
2024,20260324T164535Z_2026.01.22 US Spa Sales Budget 2026 FINAL.xlsx,10,48,,,,,,,,,,,,,,,,,,,,,,,,,,,,,,,,,,,,,,,,,,,,,,,,,,,,,25044,The Elms Hotel and Spa; Missouri,Central,Emily,2024,Yes,,,,,,,,,,,,,,,,,,,,,,,,,,,,,,,,,,,,,,,,,,,,,,,,,,,,,,,,,,44,2024-01-01 00:00:00,20241,5613.07,,,,,,,,,,,,,,,,,,,,,,,,,,,,,,,,,,,,,,,,,,,,,,,,,5613.07,0,0,4054.66,0,0,5837.96,0,4807.04,0,1695.28,1374.72,5613.07,5613.07,5613.07,9667.73,9667.73,9667.73,15505.689999999999,15505.689999999999,20312.73,20312.73,22008.01,23382.73,,,,,,,,,,,,,,,,,,,,,,,,,,,,,,,us_budget_v2_full_workbook_rows,2026-03-24T16:45:36+00:00
2024,20260324T164535Z_2026.01.22 US Spa Sales Budget 2026 FINAL.xlsx,10,49,,,,,,,,,,,,,,,,,,,,,,,,,,,,,,,,,,,,,,,,,,,,,,,,,,,,,25045,dba Haven Spa,Northeast,Emily,2024,Yes,,,,,,,,,,,,,,,,,,,,,,,,,,,,,,,,,,,,,,,,,,,,,,,,,,,,,,,,,,45,2024-02-01 00:00:00,20242,,,,,,,,,,,,,,,,,,,,,,,,,,,,,,,,,,,,,,,,,,,,,,,,,,,8084.29,3001.5,3351.5,0,0,0,3322.5,0,5345.24,0,4000,0,8084.29,11085.79,14437.29,14437.29,14437.29,14437.29,17759.79,17759.79,23105.03,23105.03,27105.03,,,,,,,,,,,,,,,,,,,,,,,,,,,,,,,us_budget_v2_full_workbook_rows,2026-03-24T16:45:36+00:00
2024,20260324T164535Z_2026.01.22 US Spa Sales Budget 2026 FINAL.xlsx,10,50,,,,,,,,,,,,,,,,,,,,,,,,,,,,,,,,,,,,,,,,,,,,,,,,,,,,,25046,"Beverly Wilshire,Four Seasons Hotel, CA",West,Amy,2024,Yes,,,,,,,,,,,,,,,,,,,,,,,,,,,,,,,,,,,,,,,,,,,,,,,,,,,,,,,,,,,2024-04-01 00:00:00,20244,,,,,,,,,,,,,,,,,,,,,,,,,,,,,,,,,,,,,,,,,,,,,,,,,,,,,11898.24,0,0,0,2382,0,160,0,0,0,0,0,11898.24,11898.24,11898.24,11898.24,14280.24,14280.24,14440.24,14440.24,14440.24,,,,,,,,,,,,,,,,,,,,,,,,,,,,,,,us_budget_v2_full_workbook_rows,2026-03-24T16:45:36+00:00
2024,20260324T164535Z_2026.01.22 US Spa Sales Budget 2026 FINAL.xlsx,10,51,,,,,,,,,,,,,,,,,,,,,,,,,,,,,,,,,,,,,,,,,,,,,,,,,,,,,25047,"Four Seasons Resort Orlando,FL",Southeast,Lisa,2024,Yes,,,,,,,,,,,,,,,,,,,,,,,,,,,,,,,,,,,,,,,,,,,,,,,,,,,,,,,,,,,2024-05-01 00:00:00,20245,,,,,,,,,,,,,,,,,,,,,,,,,,,,,,,,,,,,,,,,,,,,,,,,,,,,,,8532.14,4779.15,5850.89,5246.85,4471.9,534.26,7572.04,369.4,0,0,0,0,8532.14,13311.289999999999,19162.18,24409.03,28880.93,29415.19,36987.229999999996,37356.63,,,,,,,,,,,,,,,,,,,,,,,,,,,,,,,us_budget_v2_full_workbook_rows,2026-03-24T16:45:36+00:00
2024,20260324T164535Z_2026.01.22 US Spa Sales Budget 2026 FINAL.xlsx,10,52,,,,,,,,,,,,,,,,,,,,,,,,,,,,,,,,,,,,,,,,,,,,,,,,,,,,,25049,Four Seasons Baltimore; MD,Northeast,Emily,2024,Yes,,,,,,,,,,,,,,,,,,,,,,,,,,,,,,,,,,,,,,,,,,,,,,,,,,,,,,,,,,,2024-05-01 00:00:00,20245,,,,,,,,,,,,,,,,,,,,,,,,,,,,,,,,,,,,,,,,,,,,,,,,,,,,,,5398.5,0,1860.5,0,1996.94,1562.97,1314.99,3619.82,0,0,0,0,5398.5,5398.5,7259,7259,9255.94,10818.91,12133.9,15753.72,,,,,,,,,,,,,,,,,,,,,,,,,,,,,,,us_budget_v2_full_workbook_rows,2026-03-24T16:45:36+00:00
2024,20260324T164535Z_2026.01.22 US Spa Sales Budget 2026 FINAL.xlsx,10,53,,,,,,,,,,,,,,,,,,,,,,,,,,,,,,,,,,,,,,,,,,,,,,,,,,,,,25050,"Mokara Hotel & Spa, Omni Hotels Management Corp.",Central,Emily,2024,Yes,,,,,,,,,,,,,,,,,,,,,,,,,,,,,,,,,,,,,,,,,,,,,,,,,,,,,,,,,,,2024-06-01 00:00:00,20246,,,,,,,,,,,,,,,,,,,,,,,,,,,,,,,,,,,,,,,,,,,,,,,,,,,,,,,8986.55,0,0,0,1932,1224.41,4000,0,0,0,0,0,8986.55,8986.55,8986.55,8986.55,10918.55,12142.96,16142.96,,,,,,,,,,,,,,,,,,,,,,,,,,,,,,,us_budget_v2_full_workbook_rows,2026-03-24T16:45:36+00:00
2024,20260324T164535Z_2026.01.22 US Spa Sales Budget 2026 FINAL.xlsx,10,54,,,,,,,,,,,,,,,,,,,,,,,,,,,,,,,,,,,,,,,,,,,,,,,,,,,,,25052,Rosewood Miramar Beach; CA,West,Amy,2024,Yes,,,,,,,,,,,,,,,,,,,,,,,,,,,,,,,,,,,,,,,,,,,,,,,,,,,,,,,,,,,2024-07-01 00:00:00,20247,,,,,,,,,,,,,,,,,,,,,,,,,,,,,,,,,,,,,,,,,,,,,,,,,,,,,,,,1734,0,0,0,0,4000,0,0,0,0,0,0,1734,1734,1734,1734,1734,5734,,,,,,,,,,,,,,,,,,,,,,,,,,,,,,,us_budget_v2_full_workbook_rows,2026-03-24T16:45:36+00:00
2024,20260324T164535Z_2026.01.22 US Spa Sales Budget 2026 FINAL.xlsx,10,55,,,,,,,,,,,,,,,,,,,,,,,,,,,,,,,,,,,,,,,,,,,,,,,,,,,,,25053,"Bonnie Frances Skin;Phoenix, AZ",West,Amy,2024,Yes,,,,,,,,,,,,,,,,,,,,,,,,,,,,,,,,,,,,,,,,,,,,,,,,,,,,,,,,,,,2024-08-01 00:00:00,20248,,,,,,,,,,,,,,,,,,,,,,,,,,,,,,,,,,,,,,,,,,,,,,,,,,,,,,,,0,3320.71,8928.66,0,0,283.66,0,0,0,0,0,0,0,3320.71,12249.369999999999,12249.369999999999,12249.369999999999,12533.029999999999,,,,,,,,,,,,,,,,,,,,,,,,,,,,,,,us_budget_v2_full_workbook_rows,2026-03-24T16:45:36+00:00
2024,20260324T164535Z_2026.01.22 US Spa Sales Budget 2026 FINAL.xlsx,10,56,,,,,,,,,,,,,,,,,,,,,,,,,,,,,,,,,,,,,,,,,,,,,,,,,,,,,25054,Four Seasons Hotel Nashville; TN,Southeast,Lisa,2024,Yes,,,,,,,,,,,,,,,,,,,,,,,,,,,,,,,,,,,,,,,,,,,,,,,,,,,,,,,,,,,2024-08-01 00:00:00,20248,,,,,,,,,,,,,,,,,,,,,,,,,,,,,,,,,,,,,,,,,,,,,,,,,,,,,,,,0,20268.7,0,2116.82,1709.5,0,0,0,0,0,0,0,0,20268.7,20268.7,22385.52,24095.02,24095.02,,,,,,,,,,,,,,,,,,,,,,,,,,,,,,,us_budget_v2_full_workbook_rows,2026-03-24T16:45:36+00:00
2024,20260324T164535Z_2026.01.22 US Spa Sales Budget 2026 FINAL.xlsx,10,57,,,,,,,,,,,,,,,,,,,,,,,,,,,,,,,,,,,,,,,,,,,,,,,,,,,,,25055,USREC Banyan Cay Resort LLC,Southeast,Lisa,2024,Yes,,,,,,,,,,,,,,,,,,,,,,,,,,,,,,,,,,,,,,,,,,,,,,,,,,,,,,,,,,,2024-09-01 00:00:00,20249,,,,,,,,,,,,,,,,,,,,,,,,,,,,,,,,,,,,,,,,,,,,,,,,,,,,,,,,0,0,8536.4,0,8536.4,248.92,0,0,0,0,0,0,0,0,8536.4,8536.4,17072.8,17321.719999999998,,,,,,,,,,,,,,,,,,,,,,,,,,,,,,,us_budget_v2_full_workbook_rows,2026-03-24T16:45:36+00:00
2024,20260324T164535Z_2026.01.22 US Spa Sales Budget 2026 FINAL.xlsx,10,58,,,,,,,,,,,,,,,,,,,,,,,,,,,,,,,,,,,,,,,,,,,,,,,,,,,,,25056,AMI LLC Bergamos Retreat,Central,Amy,2024,Yes,,,,,,,,,,,,,,,,,,,,,,,,,,,,,,,,,,,,,,,,,,,,,,,,,,,,,,,,,,,2024-09-01 00:00:00,20249,,,,,,,,,,,,,,,,,,,,,,,,,,,,,,,,,,,,,,,,,,,,,,,,,,,,,,,,0,0,17367.74,4704,4599.42,7534.48,0,0,0,0,0,0,0,0,17367.74,22071.74,26671.160000000003,34205.64,,,,,,,,,,,,,,,,,,,,,,,,,,,,,,,us_budget_v2_full_workbook_rows,2026-03-24T16:45:36+00:00
2024,20260324T164535Z_2026.01.22 US Spa Sales Budget 2026 FINAL.xlsx,10,59,,,,,,,,,,,,,,,,,,,,,,,,,,,,,,,,,,,,,,,,,,,,,,,,,,,,,25057,Waldorf Astoria Spa Chicago,Central,Emily,2024,No,,,,,,,,,,,,,,,,,,,,,,,,,,,,,,,,,,,,,,,,,,,,,,,,,,,,,,,,,,,2024-10-01 00:00:00,202410,,,,,,,,,,,,,,,,,,,,,,,,,,,,,,,,,,,,,,,,,,,,,,,,,,,,,,,,0,0,0,1494,0,4000,0,0,0,0,0,0,0,0,0,1494,1494,5494,,,,,,,,,,,,,,,,,,,,,,,,,,,,,,,us_budget_v2_full_workbook_rows,2026-03-24T16:45:36+00:00
2024,20260324T164535Z_2026.01.22 US Spa Sales Budget 2026 FINAL.xlsx,10,60,,,,,,,,,,,,,,,,,,,,,,,,,,,,,,,,,,,,,,,,,,,,,,,,,,,,,25058,"Five Point Five, Inc.",West,Amy,2024,Yes,,,,,,,,,,,,,,,,,,,,,,,,,,,,,,,,,,,,,,,,,,,,,,,,,,,,,,,,,,,2024-10-01 00:00:00,202410,,,,,,,,,,,,,,,,,,,,,,,,,,,,,,,,,,,,,,,,,,,,,,,,,,,,,,,,0,0,0,3131.93,0,1227.56,0,0,0,0,0,0,0,0,0,3131.93,3131.93,4359.49,,,,,,,,,,,,,,,,,,,,,,,,,,,,,,,us_budget_v2_full_workbook_rows,2026-03-24T16:45:36+00:00
2024,20260324T164535Z_2026.01.22 US Spa Sales Budget 2026 FINAL.xlsx,10,61,,,,,,,,,,,,,,,,,,,,,,,,,,,,,,,,,,,,,,,,,,,,,,,,,,,,,25059,Red Rock Tivoli Aestetics,West,Amy,2024,Yes,,,,,,,,,,,,,,,,,,,,,,,,,,,,,,,,,,,,,,,,,,,,,,,,,,,,,,,,,,,2024-12-01 00:00:00,202412,,,,,,,,,,,,,,,,,,,,,,,,,,,,,,,,,,,,,,,,,,,,,,,,,,,,,,,,0,0,0,0,0,2469.97,0,0,0,0,0,0,0,0,0,0,0,2469.97,,,,,,,,,,,,,,,,,,,,,,,,,,,,,,,us_budget_v2_full_workbook_rows,2026-03-24T16:45:36+00:00
2025,20260324T164535Z_2026.01.22 US Spa Sales Budget 2026 FINAL.xlsx,11,12,,,,,,,,,,,,,,,,,,,,,,,,,,,,,,,,,,,,,,,,,,,,,,,,,,,,,25000,West Coast Lifestyles Inc.; CA,West,Amy,2021,Yes,,,,,,,,,,,,,,,,,,,,,,,,,,,,,,,,,,,,,,,,,,,,,,,,,,,,,,,,,,2,2021-07-01 00:00:00,20217,737,,,,,,,,,,,,,,,,,,,,,,,,,,,,,,,,,,,,,,,,,,,,,,,,,,,,,,,,,,,,,,,,,,,,,,,,,737,0,0,0,0,0,0,0,0,0,0,0,737,737,737,737,737,737,737,737,737,737,737,737,,,,,,,us_budget_v2_full_workbook_rows,2026-03-24T16:45:36+00:00
2025,20260324T164535Z_2026.01.22 US Spa Sales Budget 2026 FINAL.xlsx,11,13,,,,,,,,,,,,,,,,,,,,,,,,,,,,,,,,,,,,,,,,,,,,,,,,,,,,,25001,Four Seasons Hotel Philadelphia; ; El Paso,Northeast,Nicole,2021,Yes,,,,,,,,,,,,,,,,,,,,,,,,,,,,,,,,,,,,,,,,,,,,,,,,,,,,,,,,,,3,2021-05-01 00:00:00,20215,26036.49,,,,,,,,,,,,,,,,,,,,,,,,,,,,,,,,,,,,,,,,,,,,,,,,,,,,,,,,,,,,,,,,,,,,,,,,,833.18,262.64,488.31,1396,822.43,5230.64,0,6969,1920.18,2417.8,4004,1692.31,833.18,1095.82,1584.1299999999999,2980.13,3802.56,9033.2,9033.2,16002.2,17922.38,20340.18,24344.18,26036.49,,,,,,,us_budget_v2_full_workbook_rows,2026-03-24T16:45:36+00:00
2025,20260324T164535Z_2026.01.22 US Spa Sales Budget 2026 FINAL.xlsx,11,14,,,,,,,,,,,,,,,,,,,,,,,,,,,,,,,,,,,,,,,,,,,,,,,,,,,,,25002,Porto Vita/Villa Grande Club; Fl,Southeast,Lisa,2021,Yes,,,,,,,,,,,,,,,,,,,,,,,,,,,,,,,,,,,,,,,,,,,,,,,,,,,,,,,,,,4,2021-08-01 00:00:00,20218,25700.67,,,,,,,,,,,,,,,,,,,,,,,,,,,,,,,,,,,,,,,,,,,,,,,,,,,,,,,,,,,,,,,,,,,,,,,,,910.67,2894.2,0,7086.93,1245,2330.64,2045.25,0,4741.24,0,0,4446.74,910.67,3804.87,3804.87,10891.8,12136.8,14467.439999999999,16512.69,16512.69,21253.93,21253.93,21253.93,25700.67,,,,,,,us_budget_v2_full_workbook_rows,2026-03-24T16:45:36+00:00
2025,20260324T164535Z_2026.01.22 US Spa Sales Budget 2026 FINAL.xlsx,11,15,,,,,,,,,,,,,,,,,,,,,,,,,,,,,,,,,,,,,,,,,,,,,,,,,,,,,25003,The resort at Longboat Key CLub; Florida,Southeast,Lisa,2021,No,,,,,,,,,,,,,,,,,,,,,,,,,,,,,,,,,,,,,,,,,,,,,,,,,,,,,,,,,,5,2021-09-01 00:00:00,20219,0,,,,,,,,,,,,,,,,,,,,,,,,,,,,,,,,,,,,,,,,,,,,,,,,,,,,,,,,,,,,,,,,,,,,,,,,,0,0,0,0,0,0,0,0,0,0,0,0,0,0,0,0,0,0,0,0,0,0,0,0,,,,,,,us_budget_v2_full_workbook_rows,2026-03-24T16:45:36+00:00
2025,20260324T164535Z_2026.01.22 US Spa Sales Budget 2026 FINAL.xlsx,11,16,,,,,,,,,,,,,,,,,,,,,,,,,,,,,,,,,,,,,,,,,,,,,,,,,,,,,25004,Teton Mountain Lodge,West,Amy,2021,Yes,,,,,,,,,,,,,,,,,,,,,,,,,,,,,,,,,,,,,,,,,,,,,,,,,,,,,,,,,,6,2021-09-01 00:00:00,20219,6008.52,,,,,,,,,,,,,,,,,,,,,,,,,,,,,,,,,,,,,,,,,,,,,,,,,,,,,,,,,,,,,,,,,,,,,,,,,744.2,539.58,2416.03,0,0,0,0,1430.67,498,0,0,380.04,744.2,1283.7800000000002,3699.8100000000004,3699.8100000000004,3699.8100000000004,3699.8100000000004,3699.8100000000004,5130.4800000000005,5628.4800000000005,5628.4800000000005,5628.4800000000005,6008.52,,,,,,,us_budget_v2_full_workbook_rows,2026-03-24T16:45:36+00:00
2025,20260324T164535Z_2026.01.22 US Spa Sales Budget 2026 FINAL.xlsx,11,17,,,,,,,,,,,,,,,,,,,,,,,,,,,,,,,,,,,,,,,,,,,,,,,,,,,,,25008,"Stars Skincare Med Spa, Florida",Southeast,Lisa,2021,Yes,,,,,,,,,,,,,,,,,,,,,,,,,,,,,,,,,,,,,,,,,,,,,,,,,,,,,,,,,,10,2021-12-01 00:00:00,202112,0,,,,,,,,,,,,,,,,,,,,,,,,,,,,,,,,,,,,,,,,,,,,,,,,,,,,,,,,,,,,,,,,,,,,,,,,,0,0,0,0,0,0,0,0,0,0,0,0,0,0,0,0,0,0,0,0,0,0,0,0,,,,,,,us_budget_v2_full_workbook_rows,2026-03-24T16:45:36+00:00
2025,20260324T164535Z_2026.01.22 US Spa Sales Budget 2026 FINAL.xlsx,11,18,,,,,,,,,,,,,,,,,,,,,,,,,,,,,,,,,,,,,,,,,,,,,,,,,,,,,25009,Glo Rejuvenation; Oregon,West,Amy,2022,No,,,,,,,,,,,,,,,,,,,,,,,,,,,,,,,,,,,,,,,,,,,,,,,,,,,,,,,,,,11,2022-01-01 00:00:00,20221,0,,,,,,,,,,,,,,,,,,,,,,,,,,,,,,,,,,,,,,,,,,,,,,,,,,,,,,,,,,,,,,,,,,,,,,,,,0,0,0,0,0,0,0,0,0,0,0,0,0,0,0,0,0,0,0,0,0,0,0,0,,,,,,,us_budget_v2_full_workbook_rows,2026-03-24T16:45:36+00:00
2025,20260324T164535Z_2026.01.22 US Spa Sales Budget 2026 FINAL.xlsx,11,19,,,,,,,,,,,,,,,,,,,,,,,,,,,,,,,,,,,,,,,,,,,,,,,,,,,,,25010,"Four Seasons Hotel, Fort Lauderdale; FL",Southeast,Lisa,2022,Yes,,,,,,,,,,,,,,,,,,,,,,,,,,,,,,,,,,,,,,,,,,,,,,,,,,,,,,,,,,12,2022-01-01 00:00:00,20221,37341.28,,,,,,,,,,,,,,,,,,,,,,,,,,,,,,,,,,,,,,,,,,,,,,,,,,,,,,,,,,,,,,,,,,,,,,,,,23336.22,-3626.5,455.85,4629.64,0,0,1730.11,0,1494,0,0,9321.96,23336.22,19709.72,20165.57,24795.21,24795.21,24795.21,26525.32,26525.32,28019.32,28019.32,28019.32,37341.28,,,,,,,us_budget_v2_full_workbook_rows,2026-03-24T16:45:36+00:00
2025,20260324T164535Z_2026.01.22 US Spa Sales Budget 2026 FINAL.xlsx,11,20,,,,,,,,,,,,,,,,,,,,,,,,,,,,,,,,,,,,,,,,,,,,,,,,,,,,,25011,D&G Global Inc.; Claire Gobler; CA,West,Amy,2022,No,,,,,,,,,,,,,,,,,,,,,,,,,,,,,,,,,,,,,,,,,,,,,,,,,,,,,,,,,,13,2022-02-01 00:00:00,20222,0,,,,,,,,,,,,,,,,,,,,,,,,,,,,,,,,,,,,,,,,,,,,,,,,,,,,,,,,,,,,,,,,,,,,,,,,,0,0,0,0,0,0,0,0,0,0,0,0,0,0,0,0,0,0,0,0,0,0,0,0,,,,,,,us_budget_v2_full_workbook_rows,2026-03-24T16:45:36+00:00
2025,20260324T164535Z_2026.01.22 US Spa Sales Budget 2026 FINAL.xlsx,11,21,,,,,,,,,,,,,,,,,,,,,,,,,,,,,,,,,,,,,,,,,,,,,,,,,,,,,25012,"Rosewood Sense Spa, CA",West,Amy,2022,Yes,,,,,,,,,,,,,,,,,,,,,,,,,,,,,,,,,,,,,,,,,,,,,,,,,,,,,,,,,,14,2022-03-01 00:00:00,20223,52636.33000000001,,,,,,,,,,,,,,,,,,,,,,,,,,,,,,,,,,,,,,,,,,,,,,,,,,,,,,,,,,,,,,,,,,,,,,,,,0,0,4909.65,13802.76,6354.5,7258.68,10917.54,0,8136.44,1256.76,0,0,0,0,4909.65,18712.41,25066.91,32325.59,43243.130000000005,43243.130000000005,51379.57000000001,52636.33000000001,52636.33000000001,52636.33000000001,,,,,,,us_budget_v2_full_workbook_rows,2026-03-24T16:45:36+00:00
2025,20260324T164535Z_2026.01.22 US Spa Sales Budget 2026 FINAL.xlsx,11,22,,,,,,,,,,,,,,,,,,,,,,,,,,,,,,,,,,,,,,,,,,,,,,,,,,,,,25013,Gurney ´s Inn Resort & Spa LLC; NY,Central,Emily,2022,No,,,,,,,,,,,,,,,,,,,,,,,,,,,,,,,,,,,,,,,,,,,,,,,,,,,,,,,,,,15,2022-03-01 00:00:00,20223,0,,,,,,,,,,,,,,,,,,,,,,,,,,,,,,,,,,,,,,,,,,,,,,,,,,,,,,,,,,,,,,,,,,,,,,,,,0,0,0,0,0,0,0,0,0,0,0,0,0,0,0,0,0,0,0,0,0,0,0,0,,,,,,,us_budget_v2_full_workbook_rows,2026-03-24T16:45:36+00:00
2025,20260324T164535Z_2026.01.22 US Spa Sales Budget 2026 FINAL.xlsx,11,23,,,,,,,,,,,,,,,,,,,,,,,,,,,,,,,,,,,,,,,,,,,,,,,,,,,,,25015,Gateway Canyon Resort & Spa; CO,West,Amy,2022,Yes,,,,,,,,,,,,,,,,,,,,,,,,,,,,,,,,,,,,,,,,,,,,,,,,,,,,,,,,,,16,2022-03-01 00:00:00,20223,1573.68,,,,,,,,,,,,,,,,,,,,,,,,,,,,,,,,,,,,,,,,,,,,,,,,,,,,,,,,,,,,,,,,,,,,,,,,,0,0,0,1035.24,0,538.44,0,0,0,0,0,0,0,0,0,1035.24,1035.24,1573.68,1573.68,1573.68,1573.68,1573.68,1573.68,1573.68,,,,,,,us_budget_v2_full_workbook_rows,2026-03-24T16:45:36+00:00
2025,20260324T164535Z_2026.01.22 US Spa Sales Budget 2026 FINAL.xlsx,11,24,,,,,,,,,,,,,,,,,,,,,,,,,,,,,,,,,,,,,,,,,,,,,,,,,,,,,25016,"Williams Island POA, Inc.Florida",Southeast,Lisa,2022,Yes,,,,,,,,,,,,,,,,,,,,,,,,,,,,,,,,,,,,,,,,,,,,,,,,,,,,,,,,,,17,2022-04-01 00:00:00,20224,3383.2200000000003,,,,,,,,,,,,,,,,,,,,,,,,,,,,,,,,,,,,,,,,,,,,,,,,,,,,,,,,,,,,,,,,,,,,,,,,,1700.92,0,0,0,0,0,0,1682.3,0,0,0,0,1700.92,1700.92,1700.92,1700.92,1700.92,1700.92,1700.92,3383.2200000000003,3383.2200000000003,3383.2200000000003,3383.2200000000003,3383.2200000000003,,,,,,,us_budget_v2_full_workbook_rows,2026-03-24T16:45:36+00:00
2025,20260324T164535Z_2026.01.22 US Spa Sales Budget 2026 FINAL.xlsx,11,25,,,,,,,,,,,,,,,,,,,,,,,,,,,,,,,,,,,,,,,,,,,,,,,,,,,,,25018,Iridescent LLC; Big-Bang; Miiami; Paula,Southeast,Lisa,2022,No,,,,,,,,,,,,,,,,,,,,,,,,,,,,,,,,,,,,,,,,,,,,,,,,,,,,,,,,,,18,2022-07-01 00:00:00,20227,0,,,,,,,,,,,,,,,,,,,,,,,,,,,,,,,,,,,,,,,,,,,,,,,,,,,,,,,,,,,,,,,,,,,,,,,,,0,0,0,0,0,0,0,0,0,0,0,0,0,0,0,0,0,0,0,0,0,0,0,0,,,,,,,us_budget_v2_full_workbook_rows,2026-03-24T16:45:36+00:00
2025,20260324T164535Z_2026.01.22 US Spa Sales Budget 2026 FINAL.xlsx,11,26,,,,,,,,,,,,,,,,,,,,,,,,,,,,,,,,,,,,,,,,,,,,,,,,,,,,,25019,Banyan Cay Res.; W Palm Beach; Melissa,Southeast,Lisa,2022,No,,,,,,,,,,,,,,,,,,,,,,,,,,,,,,,,,,,,,,,,,,,,,,,,,,,,,,,,,,19,2022-06-01 00:00:00,20226,0,,,,,,,,,,,,,,,,,,,,,,,,,,,,,,,,,,,,,,,,,,,,,,,,,,,,,,,,,,,,,,,,,,,,,,,,,0,0,0,0,0,0,0,0,0,0,0,0,0,0,0,0,0,0,0,0,0,0,0,0,,,,,,,us_budget_v2_full_workbook_rows,2026-03-24T16:45:36+00:00
2025,20260324T164535Z_2026.01.22 US Spa Sales Budget 2026 FINAL.xlsx,11,27,,,,,,,,,,,,,,,,,,,,,,,,,,,,,,,,,,,,,,,,,,,,,,,,,,,,,25020,Faena Hotel Miami Beach; FL,Southeast,Lisa,2022,No,,,,,,,,,,,,,,,,,,,,,,,,,,,,,,,,,,,,,,,,,,,,,,,,,,,,,,,,,,20,2022-07-01 00:00:00,20227,0,,,,,,,,,,,,,,,,,,,,,,,,,,,,,,,,,,,,,,,,,,,,,,,,,,,,,,,,,,,,,,,,,,,,,,,,,0,0,0,0,0,0,0,0,0,0,0,0,0,0,0,0,0,0,0,0,0,0,0,0,,,,,,,us_budget_v2_full_workbook_rows,2026-03-24T16:45:36+00:00
2025,20260324T164535Z_2026.01.22 US Spa Sales Budget 2026 FINAL.xlsx,11,28,,,,,,,,,,,,,,,,,,,,,,,,,,,,,,,,,,,,,,,,,,,,,,,,,,,,,25021,TALISKER CLUB; Holly Arndt,Central,Amy,,No,,,,,,,,,,,,,,,,,,,,,,,,,,,,,,,,,,,,,,,,,,,,,,,,,,,,,,,,,,21,,,0,,,,,,,,,,,,,,,,,,,,,,,,,,,,,,,,,,,,,,,,,,,,,,,,,,,,,,,,,,,,,,,,,,,,,,,,,0,0,0,0,0,0,0,0,0,0,0,0,0,0,0,0,0,0,0,0,0,0,0,0,,,,,,,us_budget_v2_full_workbook_rows,2026-03-24T16:45:36+00:00
2025,20260324T164535Z_2026.01.22 US Spa Sales Budget 2026 FINAL.xlsx,11,29,,,,,,,,,,,,,,,,,,,,,,,,,,,,,,,,,,,,,,,,,,,,,,,,,,,,,25022,Beating Hearts; Dallas; Lori Feste,Central,Amy,2022,No,,,,,,,,,,,,,,,,,,,,,,,,,,,,,,,,,,,,,,,,,,,,,,,,,,,,,,,,,,22,2022-08-01 00:00:00,20228,0,,,,,,,,,,,,,,,,,,,,,,,,,,,,,,,,,,,,,,,,,,,,,,,,,,,,,,,,,,,,,,,,,,,,,,,,,0,0,0,0,0,0,0,0,0,0,0,0,0,0,0,0,0,0,0,0,0,0,0,0,,,,,,,us_budget_v2_full_workbook_rows,2026-03-24T16:45:36+00:00
2025,20260324T164535Z_2026.01.22 US Spa Sales Budget 2026 FINAL.xlsx,11,30,,,,,,,,,,,,,,,,,,,,,,,,,,,,,,,,,,,,,,,,,,,,,,,,,,,,,25023,HLP Hotels LLC DBA Lost Pines; Texas,Central,Amy,2022,No,,,,,,,,,,,,,,,,,,,,,,,,,,,,,,,,,,,,,,,,,,,,,,,,,,,,,,,,,,23,2022-09-01 00:00:00,20229,0,,,,,,,,,,,,,,,,,,,,,,,,,,,,,,,,,,,,,,,,,,,,,,,,,,,,,,,,,,,,,,,,,,,,,,,,,0,0,0,0,0,0,0,0,0,0,0,0,0,0,0,0,0,0,0,0,0,0,0,0,,,,,,,us_budget_v2_full_workbook_rows,2026-03-24T16:45:36+00:00
2025,20260324T164535Z_2026.01.22 US Spa Sales Budget 2026 FINAL.xlsx,11,31,,,,,,,,,,,,,,,,,,,,,,,,,,,,,,,,,,,,,,,,,,,,,,,,,,,,,25024,"Mt. Bailey Holdings, LLC; Four Seasons Hotel Atlanta",Southeast,Lisa,2022,Yes,,,,,,,,,,,,,,,,,,,,,,,,,,,,,,,,,,,,,,,,,,,,,,,,,,,,,,,,,,24,2022-10-01 00:00:00,202210,0,,,,,,,,,,,,,,,,,,,,,,,,,,,,,,,,,,,,,,,,,,,,,,,,,,,,,,,,,,,,,,,,,,,,,,,,,0,0,0,0,0,0,0,0,0,0,0,0,0,0,0,0,0,0,0,0,0,0,0,0,,,,,,,us_budget_v2_full_workbook_rows,2026-03-24T16:45:36+00:00
2025,20260324T164535Z_2026.01.22 US Spa Sales Budget 2026 FINAL.xlsx,11,32,,,,,,,,,,,,,,,,,,,,,,,,,,,,,,,,,,,,,,,,,,,,,,,,,,,,,25025,"ARCH Amenity Group, Florida",Southeast,Lisa,,No,,,,,,,,,,,,,,,,,,,,,,,,,,,,,,,,,,,,,,,,,,,,,,,,,,,,,,,,,,25,,,0,,,,,,,,,,,,,,,,,,,,,,,,,,,,,,,,,,,,,,,,,,,,,,,,,,,,,,,,,,,,,,,,,,,,,,,,,0,0,0,0,0,0,0,0,0,0,0,0,0,0,0,0,0,0,0,0,0,0,0,0,,,,,,,us_budget_v2_full_workbook_rows,2026-03-24T16:45:36+00:00
2025,20260324T164535Z_2026.01.22 US Spa Sales Budget 2026 FINAL.xlsx,11,33,,,,,,,,,,,,,,,,,,,,,,,,,,,,,,,,,,,,,,,,,,,,,,,,,,,,,25026,JW Marriott Miami Turnberry,Southeast,Lisa,2023,Yes,,,,,,,,,,,,,,,,,,,,,,,,,,,,,,,,,,,,,,,,,,,,,,,,,,,,,,,,,,26,2023-01-01 00:00:00,20231,3885.2,,,,,,,,,,,,,,,,,,,,,,,,,,,,,,,,,,,,,,,,,,,,,,,,,,,,,,,,,,,,,,,,,,,,,,,,,0,0,0,0,0,3885.2,0,0,0,0,0,0,0,0,0,0,0,3885.2,3885.2,3885.2,3885.2,3885.2,3885.2,3885.2,,,,,,,us_budget_v2_full_workbook_rows,2026-03-24T16:45:36+00:00
2025,20260324T164535Z_2026.01.22 US Spa Sales Budget 2026 FINAL.xlsx,11,34,,,,,,,,,,,,,,,,,,,,,,,,,,,,,,,,,,,,,,,,,,,,,,,,,,,,,25027,San Manuel Entert.; Yaamava Resort; Highland,West,Amy,2022,Yes,,,,,,,,,,,,,,,,,,,,,,,,,,,,,,,,,,,,,,,,,,,,,,,,,,,,,,,,,,27,2022-12-01 00:00:00,202212,113790.06999999999,,,,,,,,,,,,,,,,,,,,,,,,,,,,,,,,,,,,,,,,,,,,,,,,,,,,,,,,,,,,,,,,,,,,,,,,,3142.68,9744.23,6904,23162.12,1765.84,8470.2,737.84,721.16,19549.92,19810.2,12933,6848.88,3142.68,12886.91,19790.91,42953.03,44718.869999999995,53189.06999999999,53926.90999999999,54648.06999999999,74197.98999999999,94008.18999999999,106941.18999999999,113790.06999999999,,,,,,,us_budget_v2_full_workbook_rows,2026-03-24T16:45:36+00:00
2025,20260324T164535Z_2026.01.22 US Spa Sales Budget 2026 FINAL.xlsx,11,35,,,,,,,,,,,,,,,,,,,,,,,,,,,,,,,,,,,,,,,,,,,,,,,,,,,,,25028,Jenny Y Yu; MD FACS PLLC,Northeast,Emily,2023,No,,,,,,,,,,,,,,,,,,,,,,,,,,,,,,,,,,,,,,,,,,,,,,,,,,,,,,,,,,28,2023-01-01 00:00:00,20231,0,,,,,,,,,,,,,,,,,,,,,,,,,,,,,,,,,,,,,,,,,,,,,,,,,,,,,,,,,,,,,,,,,,,,,,,,,0,0,0,0,0,0,0,0,0,0,0,0,0,0,0,0,0,0,0,0,0,0,0,0,,,,,,,us_budget_v2_full_workbook_rows,2026-03-24T16:45:36+00:00
2025,20260324T164535Z_2026.01.22 US Spa Sales Budget 2026 FINAL.xlsx,11,36,,,,,,,,,,,,,,,,,,,,,,,,,,,,,,,,,,,,,,,,,,,,,,,,,,,,,25029,Ana Molinari Inc.; FL,Southeast,Lisa,2023,Yes,,,,,,,,,,,,,,,,,,,,,,,,,,,,,,,,,,,,,,,,,,,,,,,,,,,,,,,,,,29,2023-01-01 00:00:00,20231,4862.18,,,,,,,,,,,,,,,,,,,,,,,,,,,,,,,,,,,,,,,,,,,,,,,,,,,,,,,,,,,,,,,,,,,,,,,,,1904.99,567.5,0,0,0,0,0,934.69,0,0,0,1455,1904.99,2472.49,2472.49,2472.49,2472.49,2472.49,2472.49,3407.18,3407.18,3407.18,3407.18,4862.18,,,,,,,us_budget_v2_full_workbook_rows,2026-03-24T16:45:36+00:00
2025,20260324T164535Z_2026.01.22 US Spa Sales Budget 2026 FINAL.xlsx,11,37,,,,,,,,,,,,,,,,,,,,,,,,,,,,,,,,,,,,,,,,,,,,,,,,,,,,,25032,Four Seasons Hotel Las Vegas,West,Amy,2023,Yes,,,,,,,,,,,,,,,,,,,,,,,,,,,,,,,,,,,,,,,,,,,,,,,,,,,,,,,,,,32,2023-04-01 00:00:00,20234,44420.92999999999,,,,,,,,,,,,,,,,,,,,,,,,,,,,,,,,,,,,,,,,,,,,,,,,,,,,,,,,,,,,,,,,,,,,,,,,,4111,3922.65,3240.77,5702.19,1785.22,3769.48,4283.82,2716.37,2029.23,4757.86,4627.67,3474.67,4111,8033.65,11274.42,16976.61,18761.83,22531.31,26815.13,29531.5,31560.73,36318.59,40946.259999999995,44420.92999999999,,,,,,,us_budget_v2_full_workbook_rows,2026-03-24T16:45:36+00:00
2025,20260324T164535Z_2026.01.22 US Spa Sales Budget 2026 FINAL.xlsx,11,38,,,,,,,,,,,,,,,,,,,,,,,,,,,,,,,,,,,,,,,,,,,,,,,,,,,,,25033,Body Works Day Spa; Stewart Manor,Northeast,Emily,2023,No,,,,,,,,,,,,,,,,,,,,,,,,,,,,,,,,,,,,,,,,,,,,,,,,,,,,,,,,,,33,2023-05-01 00:00:00,20235,0,,,,,,,,,,,,,,,,,,,,,,,,,,,,,,,,,,,,,,,,,,,,,,,,,,,,,,,,,,,,,,,,,,,,,,,,,0,0,0,0,0,0,0,0,0,0,0,0,0,0,0,0,0,0,0,0,0,0,0,0,,,,,,,us_budget_v2_full_workbook_rows,2026-03-24T16:45:36+00:00
2025,20260324T164535Z_2026.01.22 US Spa Sales Budget 2026 FINAL.xlsx,11,39,,,,,,,,,,,,,,,,,,,,,,,,,,,,,,,,,,,,,,,,,,,,,,,,,,,,,25034,"Live Love Spa; Tustin, CA",Other,Melissa,2023,No,,,,,,,,,,,,,,,,,,,,,,,,,,,,,,,,,,,,,,,,,,,,,,,,,,,,,,,,,,34,2023-05-01 00:00:00,20235,0,,,,,,,,,,,,,,,,,,,,,,,,,,,,,,,,,,,,,,,,,,,,,,,,,,,,,,,,,,,,,,,,,,,,,,,,,0,0,0,0,0,0,0,0,0,0,0,0,0,0,0,0,0,0,0,0,0,0,0,0,,,,,,,us_budget_v2_full_workbook_rows,2026-03-24T16:45:36+00:00
2025,20260324T164535Z_2026.01.22 US Spa Sales Budget 2026 FINAL.xlsx,11,40,,,,,,,,,,,,,,,,,,,,,,,,,,,,,,,,,,,,,,,,,,,,,,,,,,,,,25035,Rosewood Little Dix Bay; Helen Lugo,Other,Melissa,2023,Yes,,,,,,,,,,,,,,,,,,,,,,,,,,,,,,,,,,,,,,,,,,,,,,,,,,,,,,,,,,35,2023-09-01 00:00:00,20239,0,,,,,,,,,,,,,,,,,,,,,,,,,,,,,,,,,,,,,,,,,,,,,,,,,,,,,,,,,,,,,,,,,,,,,,,,,0,0,0,0,0,0,0,0,0,0,0,0,0,0,0,0,0,0,0,0,0,0,0,0,,,,,,,us_budget_v2_full_workbook_rows,2026-03-24T16:45:36+00:00
2025,20260324T164535Z_2026.01.22 US Spa Sales Budget 2026 FINAL.xlsx,11,41,,,,,,,,,,,,,,,,,,,,,,,,,,,,,,,,,,,,,,,,,,,,,,,,,,,,,25036,MacArthur Place; LÁuberge de Sonoma LLC; CA,West,Amy,2023,Yes,,,,,,,,,,,,,,,,,,,,,,,,,,,,,,,,,,,,,,,,,,,,,,,,,,,,,,,,,,36,2023-08-01 00:00:00,20238,654.34,,,,,,,,,,,,,,,,,,,,,,,,,,,,,,,,,,,,,,,,,,,,,,,,,,,,,,,,,,,,,,,,,,,,,,,,,0,0,0,654.34,0,0,0,0,0,0,0,0,0,0,0,654.34,654.34,654.34,654.34,654.34,654.34,654.34,654.34,654.34,,,,,,,us_budget_v2_full_workbook_rows,2026-03-24T16:45:36+00:00
2025,20260324T164535Z_2026.01.22 US Spa Sales Budget 2026 FINAL.xlsx,11,42,,,,,,,,,,,,,,,,,,,,,,,,,,,,,,,,,,,,,,,,,,,,,,,,,,,,,25037,Equinox Holdings Inc; Ap Communications,Northeast,Emily,2023,Yes,,,,,,,,,,,,,,,,,,,,,,,,,,,,,,,,,,,,,,,,,,,,,,,,,,,,,,,,,,37,2023-08-01 00:00:00,20238,5249.319999999999,,,,,,,,,,,,,,,,,,,,,,,,,,,,,,,,,,,,,,,,,,,,,,,,,,,,,,,,,,,,,,,,,,,,,,,,,2917.25,1055,327.5,0,83.48,0,0,0,350.15,198.44,0,317.5,2917.25,3972.25,4299.75,4299.75,4383.23,4383.23,4383.23,4383.23,4733.379999999999,4931.819999999999,4931.819999999999,5249.319999999999,,,,,,,us_budget_v2_full_workbook_rows,2026-03-24T16:45:36+00:00
2025,20260324T164535Z_2026.01.22 US Spa Sales Budget 2026 FINAL.xlsx,11,43,,,,,,,,,,,,,,,,,,,,,,,,,,,,,,,,,,,,,,,,,,,,,,,,,,,,,25038,"Lemon & Honey Day Spa; Orange, CA",West,Amy,2023,Yes,,,,,,,,,,,,,,,,,,,,,,,,,,,,,,,,,,,,,,,,,,,,,,,,,,,,,,,,,,38,2023-10-01 00:00:00,202310,13457.210000000001,,,,,,,,,,,,,,,,,,,,,,,,,,,,,,,,,,,,,,,,,,,,,,,,,,,,,,,,,,,,,,,,,,,,,,,,,755.96,1340.71,1486.63,2076.61,885.67,1825.94,825,1174.66,1745.32,642.69,0,698.02,755.96,2096.67,3583.3,5659.91,6545.58,8371.52,9196.52,10371.18,12116.5,12759.19,12759.19,13457.210000000001,,,,,,,us_budget_v2_full_workbook_rows,2026-03-24T16:45:36+00:00
2025,20260324T164535Z_2026.01.22 US Spa Sales Budget 2026 FINAL.xlsx,11,44,,,,,,,,,,,,,,,,,,,,,,,,,,,,,,,,,,,,,,,,,,,,,,,,,,,,,25039,Four Seasons Hotel Austin; DTRS Austin LLC,Central,Emily,2024,Yes,,,,,,,,,,,,,,,,,,,,,,,,,,,,,,,,,,,,,,,,,,,,,,,,,,,,,,,,,,39,2024-03-01 00:00:00,20243,2153.52,,,,,,,,,,,,,,,,,,,,,,,,,,,,,,,,,,,,,,,,,,,,,,,,,,,,,,,,,,,,,,,,,,,,,,,,,555,0,0,0,0,0,0,0,53.16,647.66,266.12,631.58,555,555,555,555,555,555,555,555,608.16,1255.82,1521.94,2153.52,,,,,,,us_budget_v2_full_workbook_rows,2026-03-24T16:45:36+00:00
2025,20260324T164535Z_2026.01.22 US Spa Sales Budget 2026 FINAL.xlsx,11,45,,,,,,,,,,,,,,,,,,,,,,,,,,,,,,,,,,,,,,,,,,,,,,,,,,,,,25040,AMG Investments LLC; Fl,Southeast,Lisa,2023,Yes,,,,,,,,,,,,,,,,,,,,,,,,,,,,,,,,,,,,,,,,,,,,,,,,,,,,,,,,,,40,2023-10-01 00:00:00,202310,9408.99,,,,,,,,,,,,,,,,,,,,,,,,,,,,,,,,,,,,,,,,,,,,,,,,,,,,,,,,,,,,,,,,,,,,,,,,,2500.99,0,1141.04,0,1891.13,0,0,1501.34,0,2374.49,0,0,2500.99,2500.99,3642.0299999999997,3642.0299999999997,5533.16,5533.16,5533.16,7034.5,7034.5,9408.99,9408.99,9408.99,,,,,,,us_budget_v2_full_workbook_rows,2026-03-24T16:45:36+00:00
2025,20260324T164535Z_2026.01.22 US Spa Sales Budget 2026 FINAL.xlsx,11,46,,,,,,,,,,,,,,,,,,,,,,,,,,,,,,,,,,,,,,,,,,,,,,,,,,,,,25041,Agata Sokolowska; IL,Central,Emily,2023,No,,,,,,,,,,,,,,,,,,,,,,,,,,,,,,,,,,,,,,,,,,,,,,,,,,,,,,,,,,41,2023-11-01 00:00:00,202311,0,,,,,,,,,,,,,,,,,,,,,,,,,,,,,,,,,,,,,,,,,,,,,,,,,,,,,,,,,,,,,,,,,,,,,,,,,0,0,0,0,0,0,0,0,0,0,0,0,0,0,0,0,0,0,0,0,0,0,0,0,,,,,,,us_budget_v2_full_workbook_rows,2026-03-24T16:45:36+00:00
2025,20260324T164535Z_2026.01.22 US Spa Sales Budget 2026 FINAL.xlsx,11,47,,,,,,,,,,,,,,,,,,,,,,,,,,,,,,,,,,,,,,,,,,,,,,,,,,,,,25042,Eau Spa Palm Beach; Fl,Southeast,Lisa,2023,Yes,,,,,,,,,,,,,,,,,,,,,,,,,,,,,,,,,,,,,,,,,,,,,,,,,,,,,,,,,,42,2023-12-01 00:00:00,202312,63209.73999999999,,,,,,,,,,,,,,,,,,,,,,,,,,,,,,,,,,,,,,,,,,,,,,,,,,,,,,,,,,,,,,,,,,,,,,,,,2505.9,22244.01,1236.2,10277.22,2187.96,905,6988.92,5225.38,1629.49,3300,6709.66,0,2505.9,24749.91,25986.11,36263.33,38451.29,39356.29,46345.21,51570.59,53200.079999999994,56500.079999999994,63209.73999999999,63209.73999999999,,,,,,,us_budget_v2_full_workbook_rows,2026-03-24T16:45:36+00:00
2025,20260324T164535Z_2026.01.22 US Spa Sales Budget 2026 FINAL.xlsx,11,48,,,,,,,,,,,,,,,,,,,,,,,,,,,,,,,,,,,,,,,,,,,,,,,,,,,,,25043,"Jupiter Island Holdings, Inc.; Fl",Southeast,Lisa,2023,Yes,,,,,,,,,,,,,,,,,,,,,,,,,,,,,,,,,,,,,,,,,,,,,,,,,,,,,,,,,,43,2023-12-01 00:00:00,202312,3635,,,,,,,,,,,,,,,,,,,,,,,,,,,,,,,,,,,,,,,,,,,,,,,,,,,,,,,,,,,,,,,,,,,,,,,,,0,0,1750.5,0,819.5,0,0,0,0,0,1065,0,0,0,1750.5,1750.5,2570,2570,2570,2570,2570,2570,3635,3635,,,,,,,us_budget_v2_full_workbook_rows,2026-03-24T16:45:36+00:00
2025,20260324T164535Z_2026.01.22 US Spa Sales Budget 2026 FINAL.xlsx,11,49,,,,,,,,,,,,,,,,,,,,,,,,,,,,,,,,,,,,,,,,,,,,,,,,,,,,,25044,The Elms Hotel and Spa; Missouri,Central,Emily,2024,Yes,,,,,,,,,,,,,,,,,,,,,,,,,,,,,,,,,,,,,,,,,,,,,,,,,,,,,,,,,,44,2024-01-01 00:00:00,20241,26752.850000000002,,,,,,,,,,,,,,,,,,,,,,,,,,,,,,,,,,,,,,,,,,,,,,,,,,,,,,,,,,,,,,,,,,,,,,,,,1073.68,1565.32,0,3571.83,2524.64,6349.36,0,2324.42,1594.97,3957.02,1981.65,1809.96,1073.68,2639,2639,6210.83,8735.47,15084.829999999998,15084.829999999998,17409.25,19004.22,22961.24,24942.890000000003,26752.850000000002,,,,,,,us_budget_v2_full_workbook_rows,2026-03-24T16:45:36+00:00
2025,20260324T164535Z_2026.01.22 US Spa Sales Budget 2026 FINAL.xlsx,11,50,,,,,,,,,,,,,,,,,,,,,,,,,,,,,,,,,,,,,,,,,,,,,,,,,,,,,25045,dba Haven Spa,Northeast,Emily,2024,Yes,,,,,,,,,,,,,,,,,,,,,,,,,,,,,,,,,,,,,,,,,,,,,,,,,,,,,,,,,,45,2024-02-01 00:00:00,20242,5838.02,,,,,,,,,,,,,,,,,,,,,,,,,,,,,,,,,,,,,,,,,,,,,,,,,,,,,,,,,,,,,,,,,,,,,,,,,0,5838.02,0,0,0,0,0,0,0,0,0,0,0,5838.02,5838.02,5838.02,5838.02,5838.02,5838.02,5838.02,5838.02,5838.02,5838.02,5838.02,,,,,,,us_budget_v2_full_workbook_rows,2026-03-24T16:45:36+00:00
2025,20260324T164535Z_2026.01.22 US Spa Sales Budget 2026 FINAL.xlsx,11,51,,,,,,,,,,,,,,,,,,,,,,,,,,,,,,,,,,,,,,,,,,,,,,,,,,,,,25046,"Beverly Wilshire,Four Seasons Hotel, CA",West,Amy,2024,Yes,,,,,,,,,,,,,,,,,,,,,,,,,,,,,,,,,,,,,,,,,,,,,,,,,,,,,,,,,,,2024-04-01 00:00:00,20244,1551.69,,,,,,,,,,,,,,,,,,,,,,,,,,,,,,,,,,,,,,,,,,,,,,,,,,,,,,,,,,,,,,,,,,,,,,,,,0,0,0,0,0,0,0,0,0,1551.69,0,0,0,0,0,0,0,0,0,0,0,1551.69,1551.69,1551.69,,,,,,,us_budget_v2_full_workbook_rows,2026-03-24T16:45:36+00:00
2025,20260324T164535Z_2026.01.22 US Spa Sales Budget 2026 FINAL.xlsx,11,52,,,,,,,,,,,,,,,,,,,,,,,,,,,,,,,,,,,,,,,,,,,,,,,,,,,,,25047,"Four Seasons Resort Orlando,FL",Southeast,Lisa,2024,Yes,,,,,,,,,,,,,,,,,,,,,,,,,,,,,,,,,,,,,,,,,,,,,,,,,,,,,,,,,,,2024-05-01 00:00:00,20245,29214.710000000003,,,,,,,,,,,,,,,,,,,,,,,,,,,,,,,,,,,,,,,,,,,,,,,,,,,,,,,,,,,,,,,,,,,,,,,,,13441.37,3110.4,0,1742.52,1855.24,0,5024.95,332.01,0,490.72,3217.5,0,13441.37,16551.77,16551.77,18294.29,20149.530000000002,20149.530000000002,25174.480000000003,25506.49,25506.49,25997.210000000003,29214.710000000003,29214.710000000003,,,,,,,us_budget_v2_full_workbook_rows,2026-03-24T16:45:36+00:00
2025,20260324T164535Z_2026.01.22 US Spa Sales Budget 2026 FINAL.xlsx,11,53,,,,,,,,,,,,,,,,,,,,,,,,,,,,,,,,,,,,,,,,,,,,,,,,,,,,,25049,Four Seasons Baltimore; MD,Northeast,Emily,2024,Yes,,,,,,,,,,,,,,,,,,,,,,,,,,,,,,,,,,,,,,,,,,,,,,,,,,,,,,,,,,,2024-05-01 00:00:00,20245,14251.070000000002,,,,,,,,,,,,,,,,,,,,,,,,,,,,,,,,,,,,,,,,,,,,,,,,,,,,,,,,,,,,,,,,,,,,,,,,,0,2102.01,0,681.45,0,452.06,1430,550.93,2871.2,1745,0,4418.42,0,2102.01,2102.01,2783.46,2783.46,3235.52,4665.52,5216.450000000001,8087.650000000001,9832.650000000001,9832.650000000001,14251.070000000002,,,,,,,us_budget_v2_full_workbook_rows,2026-03-24T16:45:36+00:00
2025,20260324T164535Z_2026.01.22 US Spa Sales Budget 2026 FINAL.xlsx,11,54,,,,,,,,,,,,,,,,,,,,,,,,,,,,,,,,,,,,,,,,,,,,,,,,,,,,,25050,"Mokara Hotel & Spa, Omni Hotels Management Corp.",Central,Emily,2024,Yes,,,,,,,,,,,,,,,,,,,,,,,,,,,,,,,,,,,,,,,,,,,,,,,,,,,,,,,,,,,2024-06-01 00:00:00,20246,7207.32,,,,,,,,,,,,,,,,,,,,,,,,,,,,,,,,,,,,,,,,,,,,,,,,,,,,,,,,,,,,,,,,,,,,,,,,,0,750.82,0,0,2704.72,0,0,0,1508,544,375,1324.78,0,750.82,750.82,750.82,3455.54,3455.54,3455.54,3455.54,4963.54,5507.54,5882.54,7207.32,,,,,,,us_budget_v2_full_workbook_rows,2026-03-24T16:45:36+00:00
2025,20260324T164535Z_2026.01.22 US Spa Sales Budget 2026 FINAL.xlsx,11,55,,,,,,,,,,,,,,,,,,,,,,,,,,,,,,,,,,,,,,,,,,,,,,,,,,,,,25052,Rosewood Miramar Beach; CA,West,Amy,2024,Yes,,,,,,,,,,,,,,,,,,,,,,,,,,,,,,,,,,,,,,,,,,,,,,,,,,,,,,,,,,,2024-07-01 00:00:00,20247,0,,,,,,,,,,,,,,,,,,,,,,,,,,,,,,,,,,,,,,,,,,,,,,,,,,,,,,,,,,,,,,,,,,,,,,,,,0,0,0,0,0,0,0,0,0,0,0,0,0,0,0,0,0,0,0,0,0,0,0,0,,,,,,,us_budget_v2_full_workbook_rows,2026-03-24T16:45:36+00:00
2025,20260324T164535Z_2026.01.22 US Spa Sales Budget 2026 FINAL.xlsx,11,56,,,,,,,,,,,,,,,,,,,,,,,,,,,,,,,,,,,,,,,,,,,,,,,,,,,,,25053,"Bonnie Frances Skin;Phoenix, AZ",West,Amy,2024,Yes,,,,,,,,,,,,,,,,,,,,,,,,,,,,,,,,,,,,,,,,,,,,,,,,,,,,,,,,,,,2024-08-01 00:00:00,20248,1846.6399999999999,,,,,,,,,,,,,,,,,,,,,,,,,,,,,,,,,,,,,,,,,,,,,,,,,,,,,,,,,,,,,,,,,,,,,,,,,0,0,0,1232.86,0,613.78,0,0,0,0,0,0,0,0,0,1232.86,1232.86,1846.6399999999999,1846.6399999999999,1846.6399999999999,1846.6399999999999,1846.6399999999999,1846.6399999999999,1846.6399999999999,,,,,,,us_budget_v2_full_workbook_rows,2026-03-24T16:45:36+00:00
2025,20260324T164535Z_2026.01.22 US Spa Sales Budget 2026 FINAL.xlsx,11,57,,,,,,,,,,,,,,,,,,,,,,,,,,,,,,,,,,,,,,,,,,,,,,,,,,,,,25054,Four Seasons Hotel Nashville; TN,Southeast,Lisa,2024,Yes,,,,,,,,,,,,,,,,,,,,,,,,,,,,,,,,,,,,,,,,,,,,,,,,,,,,,,,,,,,2024-08-01 00:00:00,20248,26549.660000000003,,,,,,,,,,,,,,,,,,,,,,,,,,,,,,,,,,,,,,,,,,,,,,,,,,,,,,,,,,,,,,,,,,,,,,,,,0,2904.5,318,401.3,3641,0,4637.68,247.29,3346.9,4093.41,6959.58,0,0,2904.5,3222.5,3623.8,7264.8,7264.8,11902.48,12149.77,15496.67,19590.08,26549.660000000003,26549.660000000003,,,,,,,us_budget_v2_full_workbook_rows,2026-03-24T16:45:36+00:00
2025,20260324T164535Z_2026.01.22 US Spa Sales Budget 2026 FINAL.xlsx,11,58,,,,,,,,,,,,,,,,,,,,,,,,,,,,,,,,,,,,,,,,,,,,,,,,,,,,,25055,USREC Banyan Cay Resort LLC,Southeast,Lisa,2024,Yes,,,,,,,,,,,,,,,,,,,,,,,,,,,,,,,,,,,,,,,,,,,,,,,,,,,,,,,,,,,2024-09-01 00:00:00,20249,3791.52,,,,,,,,,,,,,,,,,,,,,,,,,,,,,,,,,,,,,,,,,,,,,,,,,,,,,,,,,,,,,,,,,,,,,,,,,0,0,0,2486.5,0,0,0,0,1305.02,0,0,0,0,0,0,2486.5,2486.5,2486.5,2486.5,2486.5,3791.52,3791.52,3791.52,3791.52,,,,,,,us_budget_v2_full_workbook_rows,2026-03-24T16:45:36+00:00
2025,20260324T164535Z_2026.01.22 US Spa Sales Budget 2026 FINAL.xlsx,11,59,,,,,,,,,,,,,,,,,,,,,,,,,,,,,,,,,,,,,,,,,,,,,,,,,,,,,25056,AMI LLC Bergamos Retreat,Central,Emily,2024,Yes,,,,,,,,,,,,,,,,,,,,,,,,,,,,,,,,,,,,,,,,,,,,,,,,,,,,,,,,,,,2024-09-01 00:00:00,20249,35149.62,,,,,,,,,,,,,,,,,,,,,,,,,,,,,,,,,,,,,,,,,,,,,,,,,,,,,,,,,,,,,,,,,,,,,,,,,4657.18,5886,0,0,0,5025,5234.86,0,5859,2871.04,1496.04,4120.5,4657.18,10543.18,10543.18,10543.18,10543.18,15568.18,20803.04,20803.04,26662.04,29533.08,31029.120000000003,35149.62,,,,,,,us_budget_v2_full_workbook_rows,2026-03-24T16:45:36+00:00
2025,20260324T164535Z_2026.01.22 US Spa Sales Budget 2026 FINAL.xlsx,11,60,,,,,,,,,,,,,,,,,,,,,,,,,,,,,,,,,,,,,,,,,,,,,,,,,,,,,25057,Waldorf Astoria Spa Chicago,Central,Emily,2024,No,,,,,,,,,,,,,,,,,,,,,,,,,,,,,,,,,,,,,,,,,,,,,,,,,,,,,,,,,,,2024-10-01 00:00:00,202410,0,,,,,,,,,,,,,,,,,,,,,,,,,,,,,,,,,,,,,,,,,,,,,,,,,,,,,,,,,,,,,,,,,,,,,,,,,0,0,0,0,0,0,0,0,0,0,0,0,0,0,0,0,0,0,0,0,0,0,0,0,,,,,,,us_budget_v2_full_workbook_rows,2026-03-24T16:45:36+00:00
2025,20260324T164535Z_2026.01.22 US Spa Sales Budget 2026 FINAL.xlsx,11,61,,,,,,,,,,,,,,,,,,,,,,,,,,,,,,,,,,,,,,,,,,,,,,,,,,,,,25058,"Five Point Five, Inc.",West,Amy,2024,Yes,,,,,,,,,,,,,,,,,,,,,,,,,,,,,,,,,,,,,,,,,,,,,,,,,,,,,,,,,,,2024-10-01 00:00:00,202410,3996,,,,,,,,,,,,,,,,,,,,,,,,,,,,,,,,,,,,,,,,,,,,,,,,,,,,,,,,,,,,,,,,,,,,,,,,,0,641.56,0,1391.72,561,0,0,559.86,0,0,425.5,416.36,0,641.56,641.56,2033.28,2594.2799999999997,2594.2799999999997,2594.2799999999997,3154.14,3154.14,3154.14,3579.64,3996,,,,,,,us_budget_v2_full_workbook_rows,2026-03-24T16:45:36+00:00
2025,20260324T164535Z_2026.01.22 US Spa Sales Budget 2026 FINAL.xlsx,11,62,,,,,,,,,,,,,,,,,,,,,,,,,,,,,,,,,,,,,,,,,,,,,,,,,,,,,25059,Red Rock Tivoli Aestetics,West,Amy,2024,Yes,,,,,,,,,,,,,,,,,,,,,,,,,,,,,,,,,,,,,,,,,,,,,,,,,,,,,,,,,,,2024-12-01 00:00:00,202412,5002.82,,,,,,,,,,,,,,,,,,,,,,,,,,,,,,,,,,,,,,,,,,,,,,,,,,,,,,,,,,,,,,,,,,,,,,,,,2300.86,0,0,1705.94,0,0,0,0,996.02,0,0,0,2300.86,2300.86,2300.86,4006.8,4006.8,4006.8,4006.8,4006.8,5002.82,5002.82,5002.82,5002.82,,,,,,,us_budget_v2_full_workbook_rows,2026-03-24T16:45:36+00:00
2025,20260324T164535Z_2026.01.22 US Spa Sales Budget 2026 FINAL.xlsx,11,63,,,,,,,,,,,,,,,,,,,,,,,,,,,,,,,,,,,,,,,,,,,,,,,,,,,,,25060,Nashville Hospitality/DBA Westin,Southeast,Lisa,2025,Yes,,,,,,,,,,,,,,,,,,,,,,,,,,,,,,,,,,,,,,,,,,,,,,,,,,,,,,,,,,,2025-01-01 00:00:00,20251,10814.48,,,,,,,,,,,,,,,,,,,,,,,,,,,,,,,,,,,,,,,,,,,,,,,,,,,,,,,,,,,,,,,,,,,,,,,,,4921.83,0,200,0,2007.31,2957,0,0,0,0,0,728.34,4921.83,4921.83,5121.83,5121.83,7129.139999999999,10086.14,10086.14,10086.14,10086.14,10086.14,10086.14,10814.48,,,,,,,us_budget_v2_full_workbook_rows,2026-03-24T16:45:36+00:00
2025,20260324T164535Z_2026.01.22 US Spa Sales Budget 2026 FINAL.xlsx,11,64,,,,,,,,,,,,,,,,,,,,,,,,,,,,,,,,,,,,,,,,,,,,,,,,,,,,,25061,Equinox Holdings Inc; Washington DC,Northeast,Emily,2025,Yes,,,,,,,,,,,,,,,,,,,,,,,,,,,,,,,,,,,,,,,,,,,,,,,,,,,,,,,,,,,2025-02-01 00:00:00,20252,6871.790000000001,,,,,,,,,,,,,,,,,,,,,,,,,,,,,,,,,,,,,,,,,,,,,,,,,,,,,,,,,,,,,,,,,,,,,,,,,0,1676.92,3489.25,0,0,0,0,0,392.35,677.79,0,635.48,0,1676.92,5166.17,5166.17,5166.17,5166.17,5166.17,5166.17,5558.52,6236.31,6236.31,6871.790000000001,,,,,,,us_budget_v2_full_workbook_rows,2026-03-24T16:45:36+00:00
2025,20260324T164535Z_2026.01.22 US Spa Sales Budget 2026 FINAL.xlsx,11,65,,,,,,,,,,,,,,,,,,,,,,,,,,,,,,,,,,,,,,,,,,,,,,,,,,,,,25062,Equinox Holdings Inc; SPA Retail Washington DC,Northeast,Emily,2025,Yes,,,,,,,,,,,,,,,,,,,,,,,,,,,,,,,,,,,,,,,,,,,,,,,,,,,,,,,,,,,2025-03-01 00:00:00,20253,3844.76,,,,,,,,,,,,,,,,,,,,,,,,,,,,,,,,,,,,,,,,,,,,,,,,,,,,,,,,,,,,,,,,,,,,,,,,,0,0,1431.8,412.08,0,0,377,0,1016.4,250,0,357.48,0,0,1431.8,1843.8799999999999,1843.8799999999999,1843.8799999999999,2220.88,2220.88,3237.28,3487.28,3487.28,3844.76,,,,,,,us_budget_v2_full_workbook_rows,2026-03-24T16:45:36+00:00
2025,20260324T164535Z_2026.01.22 US Spa Sales Budget 2026 FINAL.xlsx,11,66,,,,,,,,,,,,,,,,,,,,,,,,,,,,,,,,,,,,,,,,,,,,,,,,,,,,,25063,Equinox Holdings Inc; Miami,Southeast,Lisa,2025,Yes,,,,,,,,,,,,,,,,,,,,,,,,,,,,,,,,,,,,,,,,,,,,,,,,,,,,,,,,,,,2025-02-01 00:00:00,20252,7189.44,,,,,,,,,,,,,,,,,,,,,,,,,,,,,,,,,,,,,,,,,,,,,,,,,,,,,,,,,,,,,,,,,,,,,,,,,0,781.38,1368.5,1721.68,413.82,0,0,0,1276.54,530.48,476.36,620.68,0,781.38,2149.88,3871.5600000000004,4285.38,4285.38,4285.38,4285.38,5561.92,6092.4,6568.759999999999,7189.44,,,,,,,us_budget_v2_full_workbook_rows,2026-03-24T16:45:36+00:00
2025,20260324T164535Z_2026.01.22 US Spa Sales Budget 2026 FINAL.xlsx,11,67,,,,,,,,,,,,,,,,,,,,,,,,,,,,,,,,,,,,,,,,,,,,,,,,,,,,,25064,Embracing the Dance of Healing,West,Amy,2025,Yes,,,,,,,,,,,,,,,,,,,,,,,,,,,,,,,,,,,,,,,,,,,,,,,,,,,,,,,,,,,2025-03-01 00:00:00,20253,2111.76,,,,,,,,,,,,,,,,,,,,,,,,,,,,,,,,,,,,,,,,,,,,,,,,,,,,,,,,,,,,,,,,,,,,,,,,,0,0,1640.9,0,0,0,0,470.86,0,0,0,0,0,0,1640.9,1640.9,1640.9,1640.9,1640.9,2111.76,2111.76,2111.76,2111.76,2111.76,,,,,,,us_budget_v2_full_workbook_rows,2026-03-24T16:45:36+00:00
2025,20260324T164535Z_2026.01.22 US Spa Sales Budget 2026 FINAL.xlsx,11,68,,,,,,,,,,,,,,,,,,,,,,,,,,,,,,,,,,,,,,,,,,,,,,,,,,,,,25065,"Cupid Lift Inc., West Hollywood",West,Amy,2025,Yes,,,,,,,,,,,,,,,,,,,,,,,,,,,,,,,,,,,,,,,,,,,,,,,,,,,,,,,,,,,2025-04-01 00:00:00,20254,4155,,,,,,,,,,,,,,,,,,,,,,,,,,,,,,,,,,,,,,,,,,,,,,,,,,,,,,,,,,,,,,,,,,,,,,,,,0,0,0,2205,1950,0,0,0,0,0,0,0,0,0,0,2205,4155,4155,4155,4155,4155,4155,4155,4155,,,,,,,us_budget_v2_full_workbook_rows,2026-03-24T16:45:36+00:00
2025,20260324T164535Z_2026.01.22 US Spa Sales Budget 2026 FINAL.xlsx,11,69,,,,,,,,,,,,,,,,,,,,,,,,,,,,,,,,,,,,,,,,,,,,,,,,,,,,,25066,ARIA Resort & Casino; Las Vegas,West,Amy,2025,Yes,,,,,,,,,,,,,,,,,,,,,,,,,,,,,,,,,,,,,,,,,,,,,,,,,,,,,,,,,,,2025-05-01 00:00:00,20255,20154.800000000003,,,,,,,,,,,,,,,,,,,,,,,,,,,,,,,,,,,,,,,,,,,,,,,,,,,,,,,,,,,,,,,,,,,,,,,,,0,0,0,0,16619.72,0,0,0,3535.08,0,0,0,0,0,0,0,16619.72,16619.72,16619.72,16619.72,20154.800000000003,20154.800000000003,20154.800000000003,20154.800000000003,,,,,,,us_budget_v2_full_workbook_rows,2026-03-24T16:45:36+00:00
2025,20260324T164535Z_2026.01.22 US Spa Sales Budget 2026 FINAL.xlsx,11,70,,,,,,,,,,,,,,,,,,,,,,,,,,,,,,,,,,,,,,,,,,,,,,,,,,,,,25067,"The Ritz-Carlton, Half Moon Bay LLC",West,Amy,2025,Yes,,,,,,,,,,,,,,,,,,,,,,,,,,,,,,,,,,,,,,,,,,,,,,,,,,,,,,,,,,,2025-05-01 00:00:00,20255,25962.32,,,,,,,,,,,,,,,,,,,,,,,,,,,,,,,,,,,,,,,,,,,,,,,,,,,,,,,,,,,,,,,,,,,,,,,,,0,0,0,0,19698.06,0,0,728.3,1507.62,2653,0,1375.34,0,0,0,0,19698.06,19698.06,19698.06,20426.36,21933.98,24586.98,24586.98,25962.32,,,,,,,us_budget_v2_full_workbook_rows,2026-03-24T16:45:36+00:00
2025,20260324T164535Z_2026.01.22 US Spa Sales Budget 2026 FINAL.xlsx,11,71,,,,,,,,,,,,,,,,,,,,,,,,,,,,,,,,,,,,,,,,,,,,,,,,,,,,,25068,321 Skin Glow LLC,Central,Emily,2025,Yes,,,,,,,,,,,,,,,,,,,,,,,,,,,,,,,,,,,,,,,,,,,,,,,,,,,,,,,,,,,2025-06-01 00:00:00,20256,9538,,,,,,,,,,,,,,,,,,,,,,,,,,,,,,,,,,,,,,,,,,,,,,,,,,,,,,,,,,,,,,,,,,,,,,,,,0,0,0,0,0,9538,0,0,0,0,0,0,0,0,0,0,0,9538,9538,9538,9538,9538,9538,9538,,,,,,,us_budget_v2_full_workbook_rows,2026-03-24T16:45:36+00:00
2025,20260324T164535Z_2026.01.22 US Spa Sales Budget 2026 FINAL.xlsx,11,72,,,,,,,,,,,,,,,,,,,,,,,,,,,,,,,,,,,,,,,,,,,,,,,,,,,,,25069,Simply Bliss SkinCare LLC,Southeast,Lisa,2025,Yes,,,,,,,,,,,,,,,,,,,,,,,,,,,,,,,,,,,,,,,,,,,,,,,,,,,,,,,,,,,2025-06-01 00:00:00,20256,343,,,,,,,,,,,,,,,,,,,,,,,,,,,,,,,,,,,,,,,,,,,,,,,,,,,,,,,,,,,,,,,,,,,,,,,,,0,0,0,0,0,343,0,0,0,0,0,0,0,0,0,0,0,343,343,343,343,343,343,343,,,,,,,us_budget_v2_full_workbook_rows,2026-03-24T16:45:36+00:00
2025,20260324T164535Z_2026.01.22 US Spa Sales Budget 2026 FINAL.xlsx,11,73,,,,,,,,,,,,,,,,,,,,,,,,,,,,,,,,,,,,,,,,,,,,,,,,,,,,,25070,Renaissance Hotel Partners LLC,Northeast,Emily,2025,Yes,,,,,,,,,,,,,,,,,,,,,,,,,,,,,,,,,,,,,,,,,,,,,,,,,,,,,,,,,,,2025-07-01 00:00:00,20257,19760,,,,,,,,,,,,,,,,,,,,,,,,,,,,,,,,,,,,,,,,,,,,,,,,,,,,,,,,,,,,,,,,,,,,,,,,,0,0,0,0,0,0,19760,0,0,0,0,0,0,0,0,0,0,0,19760,19760,19760,19760,19760,19760,,,,,,,us_budget_v2_full_workbook_rows,2026-03-24T16:45:36+00:00
2025,20260324T164535Z_2026.01.22 US Spa Sales Budget 2026 FINAL.xlsx,11,74,,,,,,,,,,,,,,,,,,,,,,,,,,,,,,,,,,,,,,,,,,,,,,,,,,,,,25071,Nerdium LLC; Texas,Central,Emily,2025,Yes,,,,,,,,,,,,,,,,,,,,,,,,,,,,,,,,,,,,,,,,,,,,,,,,,,,,,,,,,,,2025-07-01 00:00:00,20257,5488.99,,,,,,,,,,,,,,,,,,,,,,,,,,,,,,,,,,,,,,,,,,,,,,,,,,,,,,,,,,,,,,,,,,,,,,,,,0,0,0,0,0,0,4179.33,0,1309.66,0,0,0,0,0,0,0,0,0,4179.33,4179.33,5488.99,5488.99,5488.99,5488.99,,,,,,,us_budget_v2_full_workbook_rows,2026-03-24T16:45:36+00:00
2025,20260324T164535Z_2026.01.22 US Spa Sales Budget 2026 FINAL.xlsx,11,75,,,,,,,,,,,,,,,,,,,,,,,,,,,,,,,,,,,,,,,,,,,,,,,,,,,,,25072,Balboa Bay Club Ventures LLC,West,Amy,2025,Yes,,,,,,,,,,,,,,,,,,,,,,,,,,,,,,,,,,,,,,,,,,,,,,,,,,,,,,,,,,,2025-07-01 00:00:00,20257,8683.91,,,,,,,,,,,,,,,,,,,,,,,,,,,,,,,,,,,,,,,,,,,,,,,,,,,,,,,,,,,,,,,,,,,,,,,,,0,0,0,0,0,0,4861,0,2561.41,0,0,1261.5,0,0,0,0,0,0,4861,4861,7422.41,7422.41,7422.41,8683.91,,,,,,,us_budget_v2_full_workbook_rows,2026-03-24T16:45:36+00:00
2025,20260324T164535Z_2026.01.22 US Spa Sales Budget 2026 FINAL.xlsx,11,76,,,,,,,,,,,,,,,,,,,,,,,,,,,,,,,,,,,,,,,,,,,,,,,,,,,,,25073,Mario Tricoci Hair Salons & Day Spas,Central,Emily,2025,Yes,,,,,,,,,,,,,,,,,,,,,,,,,,,,,,,,,,,,,,,,,,,,,,,,,,,,,,,,,,,2025-10-01 00:00:00,202510,8904,,,,,,,,,,,,,,,,,,,,,,,,,,,,,,,,,,,,,,,,,,,,,,,,,,,,,,,,,,,,,,,,,,,,,,,,,0,0,0,0,0,0,0,0,0,8904,0,0,0,0,0,0,0,0,0,0,0,8904,8904,8904,,,,,,,us_budget_v2_full_workbook_rows,2026-03-24T16:45:36+00:00
2025,20260324T164535Z_2026.01.22 US Spa Sales Budget 2026 FINAL.xlsx,11,77,,,,,,,,,,,,,,,,,,,,,,,,,,,,,,,,,,,,,,,,,,,,,,,,,,,,,25074,"Houstonian Campus, LLC",Central,Emily,2025,Yes,,,,,,,,,,,,,,,,,,,,,,,,,,,,,,,,,,,,,,,,,,,,,,,,,,,,,,,,,,,2025-10-01 00:00:00,202510,6178.28,,,,,,,,,,,,,,,,,,,,,,,,,,,,,,,,,,,,,,,,,,,,,,,,,,,,,,,,,,,,,,,,,,,,,,,,,0,0,0,0,0,0,0,0,0,6178.28,0,0,0,0,0,0,0,0,0,0,0,6178.28,6178.28,6178.28,,,,,,,us_budget_v2_full_workbook_rows,2026-03-24T16:45:36+00:00
2025,20260324T164535Z_2026.01.22 US Spa Sales Budget 2026 FINAL.xlsx,11,78,,,,,,,,,,,,,,,,,,,,,,,,,,,,,,,,,,,,,,,,,,,,,,,,,,,,,25075,Wyndham Grand Rio Mar Hotel,Other,Melissa,2025,Yes,,,,,,,,,,,,,,,,,,,,,,,,,,,,,,,,,,,,,,,,,,,,,,,,,,,,,,,,,,,2025-10-01 00:00:00,202510,14403.8,,,,,,,,,,,,,,,,,,,,,,,,,,,,,,,,,,,,,,,,,,,,,,,,,,,,,,,,,,,,,,,,,,,,,,,,,0,0,0,0,0,0,0,0,0,14403.8,0,0,,0,0,0,0,0,0,0,0,14403.8,14403.8,14403.8,,,,,,,us_budget_v2_full_workbook_rows,2026-03-24T16:45:36+00:00
2025,20260324T164535Z_2026.01.22 US Spa Sales Budget 2026 FINAL.xlsx,11,79,,,,,,,,,,,,,,,,,,,,,,,,,,,,,,,,,,,,,,,,,,,,,,,,,,,,,25076,Costa d' Este Beach Resort & Spa,Other,Melissa,2025,Yes,,,,,,,,,,,,,,,,,,,,,,,,,,,,,,,,,,,,,,,,,,,,,,,,,,,,,,,,,,,2025-12-01 00:00:00,202512,3193.01,,,,,,,,,,,,,,,,,,,,,,,,,,,,,,,,,,,,,,,,,,,,,,,,,,,,,,,,,,,,,,,,,,,,,,,,,0,0,0,0,0,0,0,0,0,0,0,3193.01,,0,0,0,0,0,0,0,0,0,0,3193.01,,,,,,,us_budget_v2_full_workbook_rows,2026-03-24T16:45:36+00:00
2025B,20260324T164535Z_2026.01.22 US Spa Sales Budget 2026 FINAL.xlsx,10,11,,,,,,,,,,,,,,,,,,,,,,,,,,,,,,,,,,,,,,,,,,,,,,,,,,,,,25000,West Coast Lifestyles Inc.; CA,West,Amy,2021,Yes,,,,,,,,,,,,,,,,,,,,,,,,,,,,,,,,,,,,,,,,,,,,,,,,,,,,,,,,,,2,2021-07-01 00:00:00,20217,12766.93,,,,,,,,,,,,,,,,,,,,,,,,,,,,,,,,,,,,,,,,,,,,,,,,,,,,,,,,,,,,,,,,,,,,,,,,,120,105.00000000000001,150,135,135,120,120,75,135,165,135,105.00000000000001,120,225,375,510,645,765,885,960,1095,1260,1395,1500,,,,,,,us_budget_v2_full_workbook_rows,2026-03-24T16:45:36+00:00
2025B,20260324T164535Z_2026.01.22 US Spa Sales Budget 2026 FINAL.xlsx,10,12,,,,,,,,,,,,,,,,,,,,,,,,,,,,,,,,,,,,,,,,,,,,,,,,,,,,,25001,Four Seasons Hotel Philadelphia; ; El Paso,Northeast,Emily,2021,Yes,,,,,,,,,,,,,,,,,,,,,,,,,,,,,,,,,,,,,,,,,,,,,,,,,,,,,,,,,,3,2021-05-01 00:00:00,20215,57102.76,,,,,,,,,,,,,,,,,,,,,,,,,,,,,,,,,,,,,,,,,,,,,,,,,,,,,,,,,,,,,,,,,,,,,,,,,3200,2800.0000000000005,4000,3600,3600,3200,3200,2000,3600,4400,3600,2800.0000000000005,3200,6000,10000,13600,17200,20400,23600,25600,29200,33600,37200,40000,,,,,,,us_budget_v2_full_workbook_rows,2026-03-24T16:45:36+00:00
2025B,20260324T164535Z_2026.01.22 US Spa Sales Budget 2026 FINAL.xlsx,10,13,,,,,,,,,,,,,,,,,,,,,,,,,,,,,,,,,,,,,,,,,,,,,,,,,,,,,25002,Porto Vita/Villa Grande Club; Fl,Southeast,Lisa,2021,Yes,,,,,,,,,,,,,,,,,,,,,,,,,,,,,,,,,,,,,,,,,,,,,,,,,,,,,,,,,,4,2021-08-01 00:00:00,20218,24911.8,,,,,,,,,,,,,,,,,,,,,,,,,,,,,,,,,,,,,,,,,,,,,,,,,,,,,,,,,,,,,,,,,,,,,,,,,1600,1400.0000000000002,2000,1800,1800,1600,1600,1000,1800,2200,1800,1400.0000000000002,1600,3000,5000,6800,8600,10200,11800,12800,14600,16800,18600,20000,,,,,,,us_budget_v2_full_workbook_rows,2026-03-24T16:45:36+00:00
2025B,20260324T164535Z_2026.01.22 US Spa Sales Budget 2026 FINAL.xlsx,10,14,,,,,,,,,,,,,,,,,,,,,,,,,,,,,,,,,,,,,,,,,,,,,,,,,,,,,25003,The resort at Longboat Key CLub; Florida,Southeast,Lisa,2021,No,,,,,,,,,,,,,,,,,,,,,,,,,,,,,,,,,,,,,,,,,,,,,,,,,,,,,,,,,,5,2021-09-01 00:00:00,20219,1917.25,,,,,,,,,,,,,,,,,,,,,,,,,,,,,,,,,,,,,,,,,,,,,,,,,,,,,,,,,,,,,,,,,,,,,,,,,0,0,0,0,0,0,0,0,0,0,0,0,0,0,0,0,0,0,0,0,0,0,0,0,,,,,,,us_budget_v2_full_workbook_rows,2026-03-24T16:45:36+00:00
2025B,20260324T164535Z_2026.01.22 US Spa Sales Budget 2026 FINAL.xlsx,10,15,,,,,,,,,,,,,,,,,,,,,,,,,,,,,,,,,,,,,,,,,,,,,,,,,,,,,25004,Teton Mountain Lodge,West,Amy,2021,Yes,,,,,,,,,,,,,,,,,,,,,,,,,,,,,,,,,,,,,,,,,,,,,,,,,,,,,,,,,,6,2021-09-01 00:00:00,20219,15904.31,,,,,,,,,,,,,,,,,,,,,,,,,,,,,,,,,,,,,,,,,,,,,,,,,,,,,,,,,,,,,,,,,,,,,,,,,960,840.0000000000001,1200,1080,1080,960,960,600,1080,1320,1080,840.0000000000001,960,1800,3000,4080,5160,6120,7080,7680,8760,10080,11160,12000,,,,,,,us_budget_v2_full_workbook_rows,2026-03-24T16:45:36+00:00
2025B,20260324T164535Z_2026.01.22 US Spa Sales Budget 2026 FINAL.xlsx,10,16,,,,,,,,,,,,,,,,,,,,,,,,,,,,,,,,,,,,,,,,,,,,,,,,,,,,,25008,"Stars Skincare Med Spa, Florida",Southeast,Lisa,2021,Yes,,,,,,,,,,,,,,,,,,,,,,,,,,,,,,,,,,,,,,,,,,,,,,,,,,,,,,,,,,10,2021-12-01 00:00:00,202112,2212.5,,,,,,,,,,,,,,,,,,,,,,,,,,,,,,,,,,,,,,,,,,,,,,,,,,,,,,,,,,,,,,,,,,,,,,,,,0,0,0,0,0,0,0,0,0,0,0,0,0,0,0,0,0,0,0,0,0,0,0,0,,,,,,,us_budget_v2_full_workbook_rows,2026-03-24T16:45:36+00:00
2025B,20260324T164535Z_2026.01.22 US Spa Sales Budget 2026 FINAL.xlsx,10,17,,,,,,,,,,,,,,,,,,,,,,,,,,,,,,,,,,,,,,,,,,,,,,,,,,,,,25009,Glo Rejuvenation; Oregon,West,Amy,2022,No,,,,,,,,,,,,,,,,,,,,,,,,,,,,,,,,,,,,,,,,,,,,,,,,,,,,,,,,,,11,2022-01-01 00:00:00,20221,32836.49,,,,,,,,,,,,,,,,,,,,,,,,,,,,,,,,,,,,,,,,,,,,,,,,,,,,,,,,,,,,,,,,,,,,,,,,,0,0,0,0,0,0,0,0,0,0,0,0,0,0,0,0,0,0,0,0,0,0,0,0,,,,,,,us_budget_v2_full_workbook_rows,2026-03-24T16:45:36+00:00
2025B,20260324T164535Z_2026.01.22 US Spa Sales Budget 2026 FINAL.xlsx,10,18,,,,,,,,,,,,,,,,,,,,,,,,,,,,,,,,,,,,,,,,,,,,,,,,,,,,,25010,"Four Seasons Hotel, Fort Lauderdale; FL",Southeast,Lisa,2022,Yes,,,,,,,,,,,,,,,,,,,,,,,,,,,,,,,,,,,,,,,,,,,,,,,,,,,,,,,,,,12,2022-01-01 00:00:00,20221,108983.17,,,,,,,,,,,,,,,,,,,,,,,,,,,,,,,,,,,,,,,,,,,,,,,,,,,,,,,,,,,,,,,,,,,,,,,,,4000,3500.0000000000005,5000,4500,4500,4000,4000,2500,4500,5500,4500,3500.0000000000005,4000,7500,12500,17000,21500,25500,29500,32000,36500,42000,46500,50000,,,,,,,us_budget_v2_full_workbook_rows,2026-03-24T16:45:36+00:00
2025B,20260324T164535Z_2026.01.22 US Spa Sales Budget 2026 FINAL.xlsx,10,19,,,,,,,,,,,,,,,,,,,,,,,,,,,,,,,,,,,,,,,,,,,,,,,,,,,,,25011,D&G Global Inc.; Claire Gobler; CA,West,Amy,2022,No,,,,,,,,,,,,,,,,,,,,,,,,,,,,,,,,,,,,,,,,,,,,,,,,,,,,,,,,,,13,2022-02-01 00:00:00,20222,25713.4,,,,,,,,,,,,,,,,,,,,,,,,,,,,,,,,,,,,,,,,,,,,,,,,,,,,,,,,,,,,,,,,,,,,,,,,,0,0,0,0,0,0,0,0,0,0,0,0,0,0,0,0,0,0,0,0,0,0,0,0,,,,,,,us_budget_v2_full_workbook_rows,2026-03-24T16:45:36+00:00
2025B,20260324T164535Z_2026.01.22 US Spa Sales Budget 2026 FINAL.xlsx,10,20,,,,,,,,,,,,,,,,,,,,,,,,,,,,,,,,,,,,,,,,,,,,,,,,,,,,,25012,"Rosewood Sense Spa, CA",West,Amy,2022,Yes,,,,,,,,,,,,,,,,,,,,,,,,,,,,,,,,,,,,,,,,,,,,,,,,,,,,,,,,,,14,2022-03-01 00:00:00,20223,268312.63,,,,,,,,,,,,,,,,,,,,,,,,,,,,,,,,,,,,,,,,,,,,,,,,,,,,,,,,,,,,,,,,,,,,,,,,,9600,8400,12000,10800,10800,9600,9600,6000,10800,13200,10800,8400,9600,18000,30000,40800,51600,61200,70800,76800,87600,100800,111600,120000,,,,,,,us_budget_v2_full_workbook_rows,2026-03-24T16:45:36+00:00
2025B,20260324T164535Z_2026.01.22 US Spa Sales Budget 2026 FINAL.xlsx,10,21,,,,,,,,,,,,,,,,,,,,,,,,,,,,,,,,,,,,,,,,,,,,,,,,,,,,,25013,Gurney ´s Inn Resort & Spa LLC; NY,Central,Emily,2022,No,,,,,,,,,,,,,,,,,,,,,,,,,,,,,,,,,,,,,,,,,,,,,,,,,,,,,,,,,,15,2022-03-01 00:00:00,20223,28353.3,,,,,,,,,,,,,,,,,,,,,,,,,,,,,,,,,,,,,,,,,,,,,,,,,,,,,,,,,,,,,,,,,,,,,,,,,0,0,0,0,0,0,0,0,0,0,0,0,0,0,0,0,0,0,0,0,0,0,0,0,,,,,,,us_budget_v2_full_workbook_rows,2026-03-24T16:45:36+00:00
2025B,20260324T164535Z_2026.01.22 US Spa Sales Budget 2026 FINAL.xlsx,10,22,,,,,,,,,,,,,,,,,,,,,,,,,,,,,,,,,,,,,,,,,,,,,,,,,,,,,25015,Gateway Canyon Resort & Spa; CO,West,Amy,2022,Yes,,,,,,,,,,,,,,,,,,,,,,,,,,,,,,,,,,,,,,,,,,,,,,,,,,,,,,,,,,16,2022-03-01 00:00:00,20223,16589.58,,,,,,,,,,,,,,,,,,,,,,,,,,,,,,,,,,,,,,,,,,,,,,,,,,,,,,,,,,,,,,,,,,,,,,,,,240,210.00000000000003,300,270,270,240,240,150,270,330,270,210.00000000000003,240,450,750,1020,1290,1530,1770,1920,2190,2520,2790,3000,,,,,,,us_budget_v2_full_workbook_rows,2026-03-24T16:45:36+00:00
2025B,20260324T164535Z_2026.01.22 US Spa Sales Budget 2026 FINAL.xlsx,10,23,,,,,,,,,,,,,,,,,,,,,,,,,,,,,,,,,,,,,,,,,,,,,,,,,,,,,25016,"Williams Island POA, Inc.Florida",Southeast,Lisa,2022,Yes,,,,,,,,,,,,,,,,,,,,,,,,,,,,,,,,,,,,,,,,,,,,,,,,,,,,,,,,,,17,2022-04-01 00:00:00,20224,21196.78,,,,,,,,,,,,,,,,,,,,,,,,,,,,,,,,,,,,,,,,,,,,,,,,,,,,,,,,,,,,,,,,,,,,,,,,,960,840.0000000000001,1200,1080,1080,960,960,600,1080,1320,1080,840.0000000000001,960,1800,3000,4080,5160,6120,7080,7680,8760,10080,11160,12000,,,,,,,us_budget_v2_full_workbook_rows,2026-03-24T16:45:36+00:00
2025B,20260324T164535Z_2026.01.22 US Spa Sales Budget 2026 FINAL.xlsx,10,24,,,,,,,,,,,,,,,,,,,,,,,,,,,,,,,,,,,,,,,,,,,,,,,,,,,,,25018,Iridescent LLC; Big-Bang; Miiami; Paula,Southeast,Lisa,2022,No,,,,,,,,,,,,,,,,,,,,,,,,,,,,,,,,,,,,,,,,,,,,,,,,,,,,,,,,,,18,2022-07-01 00:00:00,20227,8694,,,,,,,,,,,,,,,,,,,,,,,,,,,,,,,,,,,,,,,,,,,,,,,,,,,,,,,,,,,,,,,,,,,,,,,,,0,0,0,0,0,0,0,0,0,0,0,0,0,0,0,0,0,0,0,0,0,0,0,0,,,,,,,us_budget_v2_full_workbook_rows,2026-03-24T16:45:36+00:00
2025B,20260324T164535Z_2026.01.22 US Spa Sales Budget 2026 FINAL.xlsx,10,25,,,,,,,,,,,,,,,,,,,,,,,,,,,,,,,,,,,,,,,,,,,,,,,,,,,,,25019,Banyan Cay Res.; W Palm Beach; Melissa,Southeast,Lisa,2022,No,,,,,,,,,,,,,,,,,,,,,,,,,,,,,,,,,,,,,,,,,,,,,,,,,,,,,,,,,,19,2022-06-01 00:00:00,20226,3203.8,,,,,,,,,,,,,,,,,,,,,,,,,,,,,,,,,,,,,,,,,,,,,,,,,,,,,,,,,,,,,,,,,,,,,,,,,0,0,0,0,0,0,0,0,0,0,0,0,0,0,0,0,0,0,0,0,0,0,0,0,,,,,,,us_budget_v2_full_workbook_rows,2026-03-24T16:45:36+00:00
2025B,20260324T164535Z_2026.01.22 US Spa Sales Budget 2026 FINAL.xlsx,10,26,,,,,,,,,,,,,,,,,,,,,,,,,,,,,,,,,,,,,,,,,,,,,,,,,,,,,25020,Faena Hotel Miami Beach; FL,Southeast,Lisa,2022,No,,,,,,,,,,,,,,,,,,,,,,,,,,,,,,,,,,,,,,,,,,,,,,,,,,,,,,,,,,20,2022-07-01 00:00:00,20227,7514.3,,,,,,,,,,,,,,,,,,,,,,,,,,,,,,,,,,,,,,,,,,,,,,,,,,,,,,,,,,,,,,,,,,,,,,,,,0,0,0,0,0,0,0,0,0,0,0,0,0,0,0,0,0,0,0,0,0,0,0,0,,,,,,,us_budget_v2_full_workbook_rows,2026-03-24T16:45:36+00:00
2025B,20260324T164535Z_2026.01.22 US Spa Sales Budget 2026 FINAL.xlsx,10,27,,,,,,,,,,,,,,,,,,,,,,,,,,,,,,,,,,,,,,,,,,,,,,,,,,,,,25021,TALISKER CLUB; Holly Arndt,Central,Amy,,No,,,,,,,,,,,,,,,,,,,,,,,,,,,,,,,,,,,,,,,,,,,,,,,,,,,,,,,,,,21,,,0,,,,,,,,,,,,,,,,,,,,,,,,,,,,,,,,,,,,,,,,,,,,,,,,,,,,,,,,,,,,,,,,,,,,,,,,,0,0,0,0,0,0,0,0,0,0,0,0,0,0,0,0,0,0,0,0,0,0,0,0,,,,,,,us_budget_v2_full_workbook_rows,2026-03-24T16:45:36+00:00
2025B,20260324T164535Z_2026.01.22 US Spa Sales Budget 2026 FINAL.xlsx,10,28,,,,,,,,,,,,,,,,,,,,,,,,,,,,,,,,,,,,,,,,,,,,,,,,,,,,,25022,Beating Hearts; Dallas; Lori Feste,Central,Amy,2022,No,,,,,,,,,,,,,,,,,,,,,,,,,,,,,,,,,,,,,,,,,,,,,,,,,,,,,,,,,,22,2022-08-01 00:00:00,20228,2997.3,,,,,,,,,,,,,,,,,,,,,,,,,,,,,,,,,,,,,,,,,,,,,,,,,,,,,,,,,,,,,,,,,,,,,,,,,0,0,0,0,0,0,0,0,0,0,0,0,0,0,0,0,0,0,0,0,0,0,0,0,,,,,,,us_budget_v2_full_workbook_rows,2026-03-24T16:45:36+00:00
2025B,20260324T164535Z_2026.01.22 US Spa Sales Budget 2026 FINAL.xlsx,10,29,,,,,,,,,,,,,,,,,,,,,,,,,,,,,,,,,,,,,,,,,,,,,,,,,,,,,25023,HLP Hotels LLC DBA Lost Pines; Texas,Central,Amy,2022,No,,,,,,,,,,,,,,,,,,,,,,,,,,,,,,,,,,,,,,,,,,,,,,,,,,,,,,,,,,23,2022-09-01 00:00:00,20229,15579.78,,,,,,,,,,,,,,,,,,,,,,,,,,,,,,,,,,,,,,,,,,,,,,,,,,,,,,,,,,,,,,,,,,,,,,,,,0,0,0,0,0,0,0,0,0,0,0,0,0,0,0,0,0,0,0,0,0,0,0,0,,,,,,,us_budget_v2_full_workbook_rows,2026-03-24T16:45:36+00:00
2025B,20260324T164535Z_2026.01.22 US Spa Sales Budget 2026 FINAL.xlsx,10,30,,,,,,,,,,,,,,,,,,,,,,,,,,,,,,,,,,,,,,,,,,,,,,,,,,,,,25024,"Mt. Bailey Holdings, LLC; Four Seasons Hotel Atlanta",Southeast,Lisa,2022,Yes,,,,,,,,,,,,,,,,,,,,,,,,,,,,,,,,,,,,,,,,,,,,,,,,,,,,,,,,,,24,2022-10-01 00:00:00,202210,9553.84,,,,,,,,,,,,,,,,,,,,,,,,,,,,,,,,,,,,,,,,,,,,,,,,,,,,,,,,,,,,,,,,,,,,,,,,,0,0,0,0,0,0,0,0,0,0,0,0,0,0,0,0,0,0,0,0,0,0,0,0,,,,,,,us_budget_v2_full_workbook_rows,2026-03-24T16:45:36+00:00
2025B,20260324T164535Z_2026.01.22 US Spa Sales Budget 2026 FINAL.xlsx,10,31,,,,,,,,,,,,,,,,,,,,,,,,,,,,,,,,,,,,,,,,,,,,,,,,,,,,,25025,"ARCH Amenity Group, Florida",Southeast,Lisa,,No,,,,,,,,,,,,,,,,,,,,,,,,,,,,,,,,,,,,,,,,,,,,,,,,,,,,,,,,,,25,,,0,,,,,,,,,,,,,,,,,,,,,,,,,,,,,,,,,,,,,,,,,,,,,,,,,,,,,,,,,,,,,,,,,,,,,,,,,0,0,0,0,0,0,0,0,0,0,0,0,0,0,0,0,0,0,0,0,0,0,0,0,,,,,,,us_budget_v2_full_workbook_rows,2026-03-24T16:45:36+00:00
2025B,20260324T164535Z_2026.01.22 US Spa Sales Budget 2026 FINAL.xlsx,10,32,,,,,,,,,,,,,,,,,,,,,,,,,,,,,,,,,,,,,,,,,,,,,,,,,,,,,25026,JW Marriott Miami Turnberry,Southeast,Lisa,2023,Yes,,,,,,,,,,,,,,,,,,,,,,,,,,,,,,,,,,,,,,,,,,,,,,,,,,,,,,,,,,26,2023-01-01 00:00:00,20231,10735.11,,,,,,,,,,,,,,,,,,,,,,,,,,,,,,,,,,,,,,,,,,,,,,,,,,,,,,,,,,,,,,,,,,,,,,,,,400,350.00000000000006,500,450,450,400,400,250,450,550,450,350.00000000000006,400,750,1250,1700,2150,2550,2950,3200,3650,4200,4650,5000,,,,,,,us_budget_v2_full_workbook_rows,2026-03-24T16:45:36+00:00
2025B,20260324T164535Z_2026.01.22 US Spa Sales Budget 2026 FINAL.xlsx,10,33,,,,,,,,,,,,,,,,,,,,,,,,,,,,,,,,,,,,,,,,,,,,,,,,,,,,,25027,San Manuel Entert.; Yaamava Resort; Highland,West,Amy,2022,Yes,,,,,,,,,,,,,,,,,,,,,,,,,,,,,,,,,,,,,,,,,,,,,,,,,,,,,,,,,,27,2022-12-01 00:00:00,202212,76587.88,,,,,,,,,,,,,,,,,,,,,,,,,,,,,,,,,,,,,,,,,,,,,,,,,,,,,,,,,,,,,,,,,,,,,,,,,9200,8050.000000000001,11500,10350,10350,9200,9200,5750,10350,12650,10350,8050.000000000001,9200,17250,28750,39100,49450,58650,67850,73600,83950,96600,106950,115000,,,,,,,us_budget_v2_full_workbook_rows,2026-03-24T16:45:36+00:00
2025B,20260324T164535Z_2026.01.22 US Spa Sales Budget 2026 FINAL.xlsx,10,34,,,,,,,,,,,,,,,,,,,,,,,,,,,,,,,,,,,,,,,,,,,,,,,,,,,,,25028,Jenny Y Yu; MD FACS PLLC,Northeast,Emily,2023,No,,,,,,,,,,,,,,,,,,,,,,,,,,,,,,,,,,,,,,,,,,,,,,,,,,,,,,,,,,28,2023-01-01 00:00:00,20231,2978,,,,,,,,,,,,,,,,,,,,,,,,,,,,,,,,,,,,,,,,,,,,,,,,,,,,,,,,,,,,,,,,,,,,,,,,,0,0,0,0,0,0,0,0,0,0,0,0,0,0,0,0,0,0,0,0,0,0,0,0,,,,,,,us_budget_v2_full_workbook_rows,2026-03-24T16:45:36+00:00
2025B,20260324T164535Z_2026.01.22 US Spa Sales Budget 2026 FINAL.xlsx,10,35,,,,,,,,,,,,,,,,,,,,,,,,,,,,,,,,,,,,,,,,,,,,,,,,,,,,,25029,Ana Molinari Inc.; FL,Southeast,Lisa,2023,Yes,,,,,,,,,,,,,,,,,,,,,,,,,,,,,,,,,,,,,,,,,,,,,,,,,,,,,,,,,,29,2023-01-01 00:00:00,20231,3872.89,,,,,,,,,,,,,,,,,,,,,,,,,,,,,,,,,,,,,,,,,,,,,,,,,,,,,,,,,,,,,,,,,,,,,,,,,640,560,800,720,720,640,640,400,720,880,720,560,640,1200,2000,2720,3440,4080,4720,5120,5840,6720,7440,8000,,,,,,,us_budget_v2_full_workbook_rows,2026-03-24T16:45:36+00:00
2025B,20260324T164535Z_2026.01.22 US Spa Sales Budget 2026 FINAL.xlsx,10,36,,,,,,,,,,,,,,,,,,,,,,,,,,,,,,,,,,,,,,,,,,,,,,,,,,,,,25032,Four Seasons Hotel Las Vegas,West,Amy,2023,Yes,,,,,,,,,,,,,,,,,,,,,,,,,,,,,,,,,,,,,,,,,,,,,,,,,,,,,,,,,,32,2023-04-01 00:00:00,20234,43029.09,,,,,,,,,,,,,,,,,,,,,,,,,,,,,,,,,,,,,,,,,,,,,,,,,,,,,,,,,,,,,,,,,,,,,,,,,4400,3850.0000000000005,5500,4950,4950,4400,4400,2750,4950,6050,4950,3850.0000000000005,4400,8250,13750,18700,23650,28050,32450,35200,40150,46200,51150,55000,,,,,,,us_budget_v2_full_workbook_rows,2026-03-24T16:45:36+00:00
2025B,20260324T164535Z_2026.01.22 US Spa Sales Budget 2026 FINAL.xlsx,10,37,,,,,,,,,,,,,,,,,,,,,,,,,,,,,,,,,,,,,,,,,,,,,,,,,,,,,25033,Body Works Day Spa; Stewart Manor,Northeast,Emily,2023,No,,,,,,,,,,,,,,,,,,,,,,,,,,,,,,,,,,,,,,,,,,,,,,,,,,,,,,,,,,33,2023-05-01 00:00:00,20235,5424.13,,,,,,,,,,,,,,,,,,,,,,,,,,,,,,,,,,,,,,,,,,,,,,,,,,,,,,,,,,,,,,,,,,,,,,,,,0,0,0,0,0,0,0,0,0,0,0,0,0,0,0,0,0,0,0,0,0,0,0,0,,,,,,,us_budget_v2_full_workbook_rows,2026-03-24T16:45:36+00:00
2025B,20260324T164535Z_2026.01.22 US Spa Sales Budget 2026 FINAL.xlsx,10,38,,,,,,,,,,,,,,,,,,,,,,,,,,,,,,,,,,,,,,,,,,,,,,,,,,,,,25034,"Live Love Spa; Tustin, CA",Other,Melissa,2023,Yes,,,,,,,,,,,,,,,,,,,,,,,,,,,,,,,,,,,,,,,,,,,,,,,,,,,,,,,,,,34,2023-05-01 00:00:00,20235,494,,,,,,,,,,,,,,,,,,,,,,,,,,,,,,,,,,,,,,,,,,,,,,,,,,,,,,,,,,,,,,,,,,,,,,,,,0,0,0,0,0,0,0,0,0,0,0,0,0,0,0,0,0,0,0,0,0,0,0,0,,,,,,,us_budget_v2_full_workbook_rows,2026-03-24T16:45:36+00:00
2025B,20260324T164535Z_2026.01.22 US Spa Sales Budget 2026 FINAL.xlsx,10,39,,,,,,,,,,,,,,,,,,,,,,,,,,,,,,,,,,,,,,,,,,,,,,,,,,,,,25035,Rosewood Little Dix Bay; Helen Lugo,Other,Melissa,2023,Yes,,,,,,,,,,,,,,,,,,,,,,,,,,,,,,,,,,,,,,,,,,,,,,,,,,,,,,,,,,35,2023-09-01 00:00:00,20239,22651.16,,,,,,,,,,,,,,,,,,,,,,,,,,,,,,,,,,,,,,,,,,,,,,,,,,,,,,,,,,,,,,,,,,,,,,,,,1200,1050,1500,1350,1350,1200,1200,750,1350,1650,1350,1050,1200,2250,3750,5100,6450,7650,8850,9600,10950,12600,13950,15000,,,,,,,us_budget_v2_full_workbook_rows,2026-03-24T16:45:36+00:00
2025B,20260324T164535Z_2026.01.22 US Spa Sales Budget 2026 FINAL.xlsx,10,40,,,,,,,,,,,,,,,,,,,,,,,,,,,,,,,,,,,,,,,,,,,,,,,,,,,,,25036,MacArthur Place; LÁuberge de Sonoma LLC; CA,West,Amy,2023,Yes,,,,,,,,,,,,,,,,,,,,,,,,,,,,,,,,,,,,,,,,,,,,,,,,,,,,,,,,,,36,2023-08-01 00:00:00,20238,5919.87,,,,,,,,,,,,,,,,,,,,,,,,,,,,,,,,,,,,,,,,,,,,,,,,,,,,,,,,,,,,,,,,,,,,,,,,,400,350.00000000000006,500,450,450,400,400,250,450,550,450,350.00000000000006,400,750,1250,1700,2150,2550,2950,3200,3650,4200,4650,5000,,,,,,,us_budget_v2_full_workbook_rows,2026-03-24T16:45:36+00:00
2025B,20260324T164535Z_2026.01.22 US Spa Sales Budget 2026 FINAL.xlsx,10,41,,,,,,,,,,,,,,,,,,,,,,,,,,,,,,,,,,,,,,,,,,,,,,,,,,,,,25037,Equinox Holdings Inc; Ap Communications,Northeast,Emily,2023,Yes,,,,,,,,,,,,,,,,,,,,,,,,,,,,,,,,,,,,,,,,,,,,,,,,,,,,,,,,,,37,2023-08-01 00:00:00,20238,21563.64,,,,,,,,,,,,,,,,,,,,,,,,,,,,,,,,,,,,,,,,,,,,,,,,,,,,,,,,,,,,,,,,,,,,,,,,,1280,1120,1600,1440,1440,1280,1280,800,1440,1760,1440,1120,1280,2400,4000,5440,6880,8160,9440,10240,11680,13440,14880,16000,,,,,,,us_budget_v2_full_workbook_rows,2026-03-24T16:45:36+00:00
2025B,20260324T164535Z_2026.01.22 US Spa Sales Budget 2026 FINAL.xlsx,10,42,,,,,,,,,,,,,,,,,,,,,,,,,,,,,,,,,,,,,,,,,,,,,,,,,,,,,25038,"Lemon & Honey Day Spa; Orange, CA",West,Amy,2023,Yes,,,,,,,,,,,,,,,,,,,,,,,,,,,,,,,,,,,,,,,,,,,,,,,,,,,,,,,,,,38,2023-10-01 00:00:00,202310,7243.37,,,,,,,,,,,,,,,,,,,,,,,,,,,,,,,,,,,,,,,,,,,,,,,,,,,,,,,,,,,,,,,,,,,,,,,,,2080,1820.0000000000002,2600,2340,2340,2080,2080,1300,2340,2860,2340,1820.0000000000002,2080,3900,6500,8840,11180,13260,15340,16640,18980,21840,24180,26000,,,,,,,us_budget_v2_full_workbook_rows,2026-03-24T16:45:36+00:00
2025B,20260324T164535Z_2026.01.22 US Spa Sales Budget 2026 FINAL.xlsx,10,43,,,,,,,,,,,,,,,,,,,,,,,,,,,,,,,,,,,,,,,,,,,,,,,,,,,,,25039,Four Seasons Hotel Austin; DTRS Austin LLC,Central,Emily,2024,Yes,,,,,,,,,,,,,,,,,,,,,,,,,,,,,,,,,,,,,,,,,,,,,,,,,,,,,,,,,,39,2024-03-01 00:00:00,20243,0,,,,,,,,,,,,,,,,,,,,,,,,,,,,,,,,,,,,,,,,,,,,,,,,,,,,,,,,,,,,,,,,,,,,,,,,,1280,1120,1600,1440,1440,1280,1280,800,1440,1760,1440,1120,1280,2400,4000,5440,6880,8160,9440,10240,11680,13440,14880,16000,,,,,,,us_budget_v2_full_workbook_rows,2026-03-24T16:45:36+00:00
2025B,20260324T164535Z_2026.01.22 US Spa Sales Budget 2026 FINAL.xlsx,10,44,,,,,,,,,,,,,,,,,,,,,,,,,,,,,,,,,,,,,,,,,,,,,,,,,,,,,25040,AMG Investments LLC; Fl,Southeast,Lisa,2023,Yes,,,,,,,,,,,,,,,,,,,,,,,,,,,,,,,,,,,,,,,,,,,,,,,,,,,,,,,,,,40,2023-10-01 00:00:00,202310,6451.14,,,,,,,,,,,,,,,,,,,,,,,,,,,,,,,,,,,,,,,,,,,,,,,,,,,,,,,,,,,,,,,,,,,,,,,,,640,560,800,720,720,640,640,400,720,880,720,560,640,1200,2000,2720,3440,4080,4720,5120,5840,6720,7440,8000,,,,,,,us_budget_v2_full_workbook_rows,2026-03-24T16:45:36+00:00
2025B,20260324T164535Z_2026.01.22 US Spa Sales Budget 2026 FINAL.xlsx,10,45,,,,,,,,,,,,,,,,,,,,,,,,,,,,,,,,,,,,,,,,,,,,,,,,,,,,,25041,Agata Sokolowska; IL,Central,Emily,2023,No,,,,,,,,,,,,,,,,,,,,,,,,,,,,,,,,,,,,,,,,,,,,,,,,,,,,,,,,,,41,2023-11-01 00:00:00,202311,575.16,,,,,,,,,,,,,,,,,,,,,,,,,,,,,,,,,,,,,,,,,,,,,,,,,,,,,,,,,,,,,,,,,,,,,,,,,0,0,0,0,0,0,0,0,0,0,0,0,0,0,0,0,0,0,0,0,0,0,0,0,,,,,,,us_budget_v2_full_workbook_rows,2026-03-24T16:45:36+00:00
2025B,20260324T164535Z_2026.01.22 US Spa Sales Budget 2026 FINAL.xlsx,10,46,,,,,,,,,,,,,,,,,,,,,,,,,,,,,,,,,,,,,,,,,,,,,,,,,,,,,25042,Eau Spa Palm Beach; Fl,Southeast,Lisa,2023,Yes,,,,,,,,,,,,,,,,,,,,,,,,,,,,,,,,,,,,,,,,,,,,,,,,,,,,,,,,,,42,2023-12-01 00:00:00,202312,24324,,,,,,,,,,,,,,,,,,,,,,,,,,,,,,,,,,,,,,,,,,,,,,,,,,,,,,,,,,,,,,,,,,,,,,,,,4000,3500.0000000000005,5000,4500,4500,4000,4000,2500,4500,5500,4500,3500.0000000000005,4000,7500,12500,17000,21500,25500,29500,32000,36500,42000,46500,50000,,,,,,,us_budget_v2_full_workbook_rows,2026-03-24T16:45:36+00:00
2025B,20260324T164535Z_2026.01.22 US Spa Sales Budget 2026 FINAL.xlsx,10,47,,,,,,,,,,,,,,,,,,,,,,,,,,,,,,,,,,,,,,,,,,,,,,,,,,,,,25043,"Jupiter Island Holdings, Inc.; Fl",Southeast,Lisa,2023,Yes,,,,,,,,,,,,,,,,,,,,,,,,,,,,,,,,,,,,,,,,,,,,,,,,,,,,,,,,,,43,2023-12-01 00:00:00,202312,1212,,,,,,,,,,,,,,,,,,,,,,,,,,,,,,,,,,,,,,,,,,,,,,,,,,,,,,,,,,,,,,,,,,,,,,,,,240,210.00000000000003,300,270,270,240,240,150,270,330,270,210.00000000000003,240,450,750,1020,1290,1530,1770,1920,2190,2520,2790,3000,,,,,,,us_budget_v2_full_workbook_rows,2026-03-24T16:45:36+00:00
2025B,20260324T164535Z_2026.01.22 US Spa Sales Budget 2026 FINAL.xlsx,10,48,,,,,,,,,,,,,,,,,,,,,,,,,,,,,,,,,,,,,,,,,,,,,,,,,,,,,25044,The Elms Hotel and Spa; Missouri,Central,Emily,2024,Yes,,,,,,,,,,,,,,,,,,,,,,,,,,,,,,,,,,,,,,,,,,,,,,,,,,,,,,,,,,44,2024-01-01 00:00:00,20241,5613.07,,,,,,,,,,,,,,,,,,,,,,,,,,,,,,,,,,,,,,,,,,,,,,,,,,,,,,,,,,,,,,,,,,,,,,,,,2000,1750.0000000000002,2500,2250,2250,2000,2000,1250,2250,2750,2250,1750.0000000000002,2000,3750,6250,8500,10750,12750,14750,16000,18250,21000,23250,25000,,,,,,,us_budget_v2_full_workbook_rows,2026-03-24T16:45:36+00:00
2025B,20260324T164535Z_2026.01.22 US Spa Sales Budget 2026 FINAL.xlsx,10,49,,,,,,,,,,,,,,,,,,,,,,,,,,,,,,,,,,,,,,,,,,,,,,,,,,,,,25045,dba Haven Spa,Northeast,Emily,2024,Yes,,,,,,,,,,,,,,,,,,,,,,,,,,,,,,,,,,,,,,,,,,,,,,,,,,,,,,,,,,45,2024-02-01 00:00:00,20242,,,,,,,,,,,,,,,,,,,,,,,,,,,,,,,,,,,,,,,,,,,,,,,,,,,,,,,,,,,,,,,,,,,,,,,,,,2000,1750.0000000000002,2500,2250,2250,2000,2000,1250,2250,2750,2250,1750.0000000000002,2000,3750,6250,8500,10750,12750,14750,16000,18250,21000,23250,25000,,,,,,,us_budget_v2_full_workbook_rows,2026-03-24T16:45:36+00:00
2025B,20260324T164535Z_2026.01.22 US Spa Sales Budget 2026 FINAL.xlsx,10,50,,,,,,,,,,,,,,,,,,,,,,,,,,,,,,,,,,,,,,,,,,,,,,,,,,,,,25046,"Beverly Wilshire,Four Seasons Hotel, CA",West,Amy,2024,Yes,,,,,,,,,,,,,,,,,,,,,,,,,,,,,,,,,,,,,,,,,,,,,,,,,,,,,,,,,,,2024-04-01 00:00:00,20244,,,,,,,,,,,,,,,,,,,,,,,,,,,,,,,,,,,,,,,,,,,,,,,,,,,,,,,,,,,,,,,,,,,,,,,,,,1280,1120,1600,1440,1440,1280,1280,800,1440,1760,1440,1120,1280,2400,4000,5440,6880,8160,9440,10240,11680,13440,14880,16000,,,,,,,us_budget_v2_full_workbook_rows,2026-03-24T16:45:36+00:00
2025B,20260324T164535Z_2026.01.22 US Spa Sales Budget 2026 FINAL.xlsx,10,51,,,,,,,,,,,,,,,,,,,,,,,,,,,,,,,,,,,,,,,,,,,,,,,,,,,,,25047,"Four Seasons Resort Orlando,FL",Southeast,Lisa,2024,Yes,,,,,,,,,,,,,,,,,,,,,,,,,,,,,,,,,,,,,,,,,,,,,,,,,,,,,,,,,,,2024-05-01 00:00:00,20245,,,,,,,,,,,,,,,,,,,,,,,,,,,,,,,,,,,,,,,,,,,,,,,,,,,,,,,,,,,,,,,,,,,,,,,,,,3600,3150.0000000000005,4500,4050,4050,3600,3600,2250,4050,4950,4050,3150.0000000000005,3600,6750,11250,15300,19350,22950,26550,28800,32850,37800,41850,45000,,,,,,,us_budget_v2_full_workbook_rows,2026-03-24T16:45:36+00:00
2025B,20260324T164535Z_2026.01.22 US Spa Sales Budget 2026 FINAL.xlsx,10,52,,,,,,,,,,,,,,,,,,,,,,,,,,,,,,,,,,,,,,,,,,,,,,,,,,,,,25049,Four Seasons Baltimore; MD,Northeast,Emily,2024,Yes,,,,,,,,,,,,,,,,,,,,,,,,,,,,,,,,,,,,,,,,,,,,,,,,,,,,,,,,,,,2024-05-01 00:00:00,20245,,,,,,,,,,,,,,,,,,,,,,,,,,,,,,,,,,,,,,,,,,,,,,,,,,,,,,,,,,,,,,,,,,,,,,,,,,1440,1260.0000000000002,1800,1620,1620,1440,1440,900,1620,1980,1620,1260.0000000000002,1440,2700,4500,6120,7740,9180,10620,11520,13140,15120,16740,18000,,,,,,,us_budget_v2_full_workbook_rows,2026-03-24T16:45:36+00:00
2025B,20260324T164535Z_2026.01.22 US Spa Sales Budget 2026 FINAL.xlsx,10,53,,,,,,,,,,,,,,,,,,,,,,,,,,,,,,,,,,,,,,,,,,,,,,,,,,,,,25050,"Mokara Hotel & Spa, Omni Hotels Management Corp.",Central,Emily,2024,Yes,,,,,,,,,,,,,,,,,,,,,,,,,,,,,,,,,,,,,,,,,,,,,,,,,,,,,,,,,,,2024-06-01 00:00:00,20246,,,,,,,,,,,,,,,,,,,,,,,,,,,,,,,,,,,,,,,,,,,,,,,,,,,,,,,,,,,,,,,,,,,,,,,,,,1280,1120,1600,1440,1440,1280,1280,800,1440,1760,1440,1120,1280,2400,4000,5440,6880,8160,9440,10240,11680,13440,14880,16000,,,,,,,us_budget_v2_full_workbook_rows,2026-03-24T16:45:36+00:00
2025B,20260324T164535Z_2026.01.22 US Spa Sales Budget 2026 FINAL.xlsx,10,54,,,,,,,,,,,,,,,,,,,,,,,,,,,,,,,,,,,,,,,,,,,,,,,,,,,,,25052,Rosewood Miramar Beach; CA,West,Amy,2024,Yes,,,,,,,,,,,,,,,,,,,,,,,,,,,,,,,,,,,,,,,,,,,,,,,,,,,,,,,,,,,2024-07-01 00:00:00,20247,,,,,,,,,,,,,,,,,,,,,,,,,,,,,,,,,,,,,,,,,,,,,,,,,,,,,,,,,,,,,,,,,,,,,,,,,,400,350.00000000000006,500,450,450,400,400,250,450,550,450,350.00000000000006,400,750,1250,1700,2150,2550,2950,3200,3650,4200,4650,5000,,,,,,,us_budget_v2_full_workbook_rows,2026-03-24T16:45:36+00:00
2025B,20260324T164535Z_2026.01.22 US Spa Sales Budget 2026 FINAL.xlsx,10,55,,,,,,,,,,,,,,,,,,,,,,,,,,,,,,,,,,,,,,,,,,,,,,,,,,,,,25053,"Bonnie Frances Skin;Phoenix, AZ",West,Amy,2024,Yes,,,,,,,,,,,,,,,,,,,,,,,,,,,,,,,,,,,,,,,,,,,,,,,,,,,,,,,,,,,2024-08-01 00:00:00,20248,,,,,,,,,,,,,,,,,,,,,,,,,,,,,,,,,,,,,,,,,,,,,,,,,,,,,,,,,,,,,,,,,,,,,,,,,,960,840.0000000000001,1200,1080,1080,960,960,600,1080,1320,1080,840.0000000000001,960,1800,3000,4080,5160,6120,7080,7680,8760,10080,11160,12000,,,,,,,us_budget_v2_full_workbook_rows,2026-03-24T16:45:36+00:00
2025B,20260324T164535Z_2026.01.22 US Spa Sales Budget 2026 FINAL.xlsx,10,56,,,,,,,,,,,,,,,,,,,,,,,,,,,,,,,,,,,,,,,,,,,,,,,,,,,,,25054,Four Seasons Hotel Nashville; TN,Southeast,Lisa,2024,Yes,,,,,,,,,,,,,,,,,,,,,,,,,,,,,,,,,,,,,,,,,,,,,,,,,,,,,,,,,,,2024-08-01 00:00:00,20248,,,,,,,,,,,,,,,,,,,,,,,,,,,,,,,,,,,,,,,,,,,,,,,,,,,,,,,,,,,,,,,,,,,,,,,,,,2000,1750.0000000000002,2500,2250,2250,2000,2000,1250,2250,2750,2250,1750.0000000000002,2000,3750,6250,8500,10750,12750,14750,16000,18250,21000,23250,25000,,,,,,,us_budget_v2_full_workbook_rows,2026-03-24T16:45:36+00:00
2025B,20260324T164535Z_2026.01.22 US Spa Sales Budget 2026 FINAL.xlsx,10,57,,,,,,,,,,,,,,,,,,,,,,,,,,,,,,,,,,,,,,,,,,,,,,,,,,,,,25055,USREC Banyan Cay Resort LLC,Southeast,Lisa,2024,Yes,,,,,,,,,,,,,,,,,,,,,,,,,,,,,,,,,,,,,,,,,,,,,,,,,,,,,,,,,,,2024-09-01 00:00:00,20249,,,,,,,,,,,,,,,,,,,,,,,,,,,,,,,,,,,,,,,,,,,,,,,,,,,,,,,,,,,,,,,,,,,,,,,,,,960,840.0000000000001,1200,1080,1080,960,960,600,1080,1320,1080,840.0000000000001,960,1800,3000,4080,5160,6120,7080,7680,8760,10080,11160,12000,,,,,,,us_budget_v2_full_workbook_rows,2026-03-24T16:45:36+00:00
2025B,20260324T164535Z_2026.01.22 US Spa Sales Budget 2026 FINAL.xlsx,10,58,,,,,,,,,,,,,,,,,,,,,,,,,,,,,,,,,,,,,,,,,,,,,,,,,,,,,25056,AMI LLC Bergamos Retreat,Central,Amy,2024,Yes,,,,,,,,,,,,,,,,,,,,,,,,,,,,,,,,,,,,,,,,,,,,,,,,,,,,,,,,,,,2024-09-01 00:00:00,20249,,,,,,,,,,,,,,,,,,,,,,,,,,,,,,,,,,,,,,,,,,,,,,,,,,,,,,,,,,,,,,,,,,,,,,,,,,4000,3500.0000000000005,5000,4500,4500,4000,4000,2500,4500,5500,4500,3500.0000000000005,4000,7500,12500,17000,21500,25500,29500,32000,36500,42000,46500,50000,,,,,,,us_budget_v2_full_workbook_rows,2026-03-24T16:45:36+00:00
2025B,20260324T164535Z_2026.01.22 US Spa Sales Budget 2026 FINAL.xlsx,10,59,,,,,,,,,,,,,,,,,,,,,,,,,,,,,,,,,,,,,,,,,,,,,,,,,,,,,25057,Waldorf Astoria Spa Chicago,Central,Emily,2024,No,,,,,,,,,,,,,,,,,,,,,,,,,,,,,,,,,,,,,,,,,,,,,,,,,,,,,,,,,,,2024-10-01 00:00:00,202410,,,,,,,,,,,,,,,,,,,,,,,,,,,,,,,,,,,,,,,,,,,,,,,,,,,,,,,,,,,,,,,,,,,,,,,,,,800,700.0000000000001,1000,900,900,800,800,500,900,1100,900,700.0000000000001,800,1500,2500,3400,4300,5100,5900,6400,7300,8400,9300,10000,,,,,,,us_budget_v2_full_workbook_rows,2026-03-24T16:45:36+00:00
2025B,20260324T164535Z_2026.01.22 US Spa Sales Budget 2026 FINAL.xlsx,10,60,,,,,,,,,,,,,,,,,,,,,,,,,,,,,,,,,,,,,,,,,,,,,,,,,,,,,25058,"Five Point Five, Inc.",West,Amy,2024,Yes,,,,,,,,,,,,,,,,,,,,,,,,,,,,,,,,,,,,,,,,,,,,,,,,,,,,,,,,,,,2024-10-01 00:00:00,202410,,,,,,,,,,,,,,,,,,,,,,,,,,,,,,,,,,,,,,,,,,,,,,,,,,,,,,,,,,,,,,,,,,,,,,,,,,960,840.0000000000001,1200,1080,1080,960,960,600,1080,1320,1080,840.0000000000001,960,1800,3000,4080,5160,6120,7080,7680,8760,10080,11160,12000,,,,,,,us_budget_v2_full_workbook_rows,2026-03-24T16:45:36+00:00
2025B,20260324T164535Z_2026.01.22 US Spa Sales Budget 2026 FINAL.xlsx,10,61,,,,,,,,,,,,,,,,,,,,,,,,,,,,,,,,,,,,,,,,,,,,,,,,,,,,,25059,Red Rock Tivoli Aestetics,West,Amy,2024,Yes,,,,,,,,,,,,,,,,,,,,,,,,,,,,,,,,,,,,,,,,,,,,,,,,,,,,,,,,,,,2024-12-01 00:00:00,202412,,,,,,,,,,,,,,,,,,,,,,,,,,,,,,,,,,,,,,,,,,,,,,,,,,,,,,,,,,,,,,,,,,,,,,,,,,960,840.0000000000001,1200,1080,1080,960,960,600,1080,1320,1080,840.0000000000001,960,1800,3000,4080,5160,6120,7080,7680,8760,10080,11160,12000,,,,,,,us_budget_v2_full_workbook_rows,2026-03-24T16:45:36+00:00
2025B,20260324T164535Z_2026.01.22 US Spa Sales Budget 2026 FINAL.xlsx,10,62,,,,,,,,,,,,,,,,,,,,,,,,,,,,,,,,,,,,,,,,,,,,,,,,,,,,,NKD25,New Customers - Amy,,,2025,,,,,,,,,,,,,,,,,,,,,,,,,,,,,,,,,,,,,,,,,,,,,,,,,,,,,,,,,,,20,West,NKD25,,,,,,,,,,,,,,,,,,,,,,,,,,,,,,,,,,,,,,,,,,,,,,,,,,,,,,,,,,,,,,,,,,,,,,,,,,0,4500,9000,9000,13500,13500,18000,13500,27000,27000,27000,18000,0,4500,13500,22500,36000,49500,67500,81000,108000,135000,162000,180000,,,,,,,us_budget_v2_full_workbook_rows,2026-03-24T16:45:36+00:00
2025B,20260324T164535Z_2026.01.22 US Spa Sales Budget 2026 FINAL.xlsx,10,63,,,,,,,,,,,,,,,,,,,,,,,,,,,,,,,,,,,,,,,,,,,,,,,,,,,,,NKD25,New Customers - Lisa,,,2025,,,,,,,,,,,,,,,,,,,,,,,,,,,,,,,,,,,,,,,,,,,,,,,,,,,,,,,,,,,20,Southeast,NKD25,,,,,,,,,,,,,,,,,,,,,,,,,,,,,,,,,,,,,,,,,,,,,,,,,,,,,,,,,,,,,,,,,,,,,,,,,,0,4500,9000,9000,13500,13500,18000,13500,27000,27000,27000,18000,0,4500,13500,22500,36000,49500,67500,81000,108000,135000,162000,180000,,,,,,,us_budget_v2_full_workbook_rows,2026-03-24T16:45:36+00:00
2025B,20260324T164535Z_2026.01.22 US Spa Sales Budget 2026 FINAL.xlsx,10,64,,,,,,,,,,,,,,,,,,,,,,,,,,,,,,,,,,,,,,,,,,,,,,,,,,,,,NKD25,New Customers - Bridget,,,2025,,,,,,,,,,,,,,,,,,,,,,,,,,,,,,,,,,,,,,,,,,,,,,,,,,,,,,,,,,,20,Northeast,NKD25,,,,,,,,,,,,,,,,,,,,,,,,,,,,,,,,,,,,,,,,,,,,,,,,,,,,,,,,,,,,,,,,,,,,,,,,,,0,4500,9000,9000,13500,13500,18000,13500,27000,27000,27000,18000,0,4500,13500,22500,36000,49500,67500,81000,108000,135000,162000,180000,,,,,,,us_budget_v2_full_workbook_rows,2026-03-24T16:45:36+00:00
2025B,20260324T164535Z_2026.01.22 US Spa Sales Budget 2026 FINAL.xlsx,10,65,,,,,,,,,,,,,,,,,,,,,,,,,,,,,,,,,,,,,,,,,,,,,,,,,,,,,NKD25,New Customers - Other,,,2025,,,,,,,,,,,,,,,,,,,,,,,,,,,,,,,,,,,,,,,,,,,,,,,,,,,,,,,,,,,10,Other,NKD25,,,,,,,,,,,,,,,,,,,,,,,,,,,,,,,,,,,,,,,,,,,,,,,,,,,,,,,,,,,,,,,,,,,,,,,,,,0,2250,4500,4500,6750,6750,9000,6750,13500,13500,13500,9000,0,2250,6750,11250,18000,24750,33750,40500,54000,67500,81000,90000,,,,,,,us_budget_v2_full_workbook_rows,2026-03-24T16:45:36+00:00
2025 budget doc,20260324T164535Z_2026.01.22 US Spa Sales Budget 2026 FINAL.xlsx,9,10,,,,,,,885.0,,,,,,,,,,,,,,,,,,,,,,,,,,,,,,,,,,,,,,,,,,,,CC,,,West Coast Lifestyles Inc.; CA,West,,,,,,,,,,,,,,,,,,1500,,,,,,,,,,,,,,25000,5749.65,7017.28,1539.92,,,,,,,,,,,,,,,,,,,,,,,,,,,,,,,,,,,,,,,,,,,,,,,,,,,,,,,,,,,,,,,,,,,,,,,,,,,,,,,,,,,,,,,,,,,,,,,,,,,,,,120,105.00000000000001,150,135,135,120,120,75,135,165,135,105.00000000000001,,,,,,,,,,,,,Amy,2021,2021-07-01 00:00:00,-0.0259234245934854,,,us_budget_v2_full_workbook_rows,2026-03-24T16:45:36+00:00
2025 budget doc,20260324T164535Z_2026.01.22 US Spa Sales Budget 2026 FINAL.xlsx,9,11,,,,,,,23600.0,,,,,,,,,,,,,,,,,,,,,,,,,,,,,,,,,,,,,,,,,,,,AB,,,Four Seasons Hotel Philadelphia; PA,Northeast,,,,,,,,,,,,,,,,,,40000,,,,,,,,,,,,,,25001,32357.19,24745.57,37422.38,,,,,,,,,,,,,,,,,,,,,,,,,,,,,,,,,,,,,,,,,,,,,,,,,,,,,,,,,,,,,,,,,,,,,,,,,,,,,,,,,,,,,,,,,,,,,,,,,,,,,,3200,2800.0000000000005,4000,3600,3600,3200,3200,2000,3600,4400,3600,2800.0000000000005,,,,,,,,,,,,,Bridget,2021,2021-05-01 00:00:00,0.06887910389451446,,,us_budget_v2_full_workbook_rows,2026-03-24T16:45:36+00:00
2025 budget doc,20260324T164535Z_2026.01.22 US Spa Sales Budget 2026 FINAL.xlsx,9,12,,,,,,,11800.0,,,,,,,,,,,,,,,,,,,,,,,,,,,,,,,,,,,,,,,,,,,,BC,,,Porto Vita/Villa Grande Club; Fl,Southeast,,,,,,,,,,,,,,,,,,20000,,,,,,,,,,,,,,25002,16004.09,7361.64,19142.78,,,,,,,,,,,,,,,,,,,,,,,,,,,,,,,,,,,,,,,,,,,,,,,,,,,,,,,,,,,,,,,,,,,,,,,,,,,,,,,,,,,,,,,,,,,,,,,,,,,,,,1600,1400.0000000000002,2000,1800,1800,1600,1600,1000,1800,2200,1800,1400.0000000000002,,,,,,,,,,,,,Lisa,2021,2021-08-01 00:00:00,0.04478032971177659,,,us_budget_v2_full_workbook_rows,2026-03-24T16:45:36+00:00
2025 budget doc,20260324T164535Z_2026.01.22 US Spa Sales Budget 2026 FINAL.xlsx,9,13,,,,,,,7080.0,,,,,,,,,,,,,,,,,,,,,,,,,,,,,,,,,,,,,,,,,,,,BC,,,Teton Mountain Lodge,West,,,,,,,,,,,,,,,,,,12000,,,,,,,,,,,,,,25004,5634.0,7158.06,10917.56,,,,,,,,,,,,,,,,,,,,,,,,,,,,,,,,,,,,,,,,,,,,,,,,,,,,,,,,,,,,,,,,,,,,,,,,,,,,,,,,,,,,,,,,,,,,,,,,,,,,,,960,840.0000000000001,1200,1080,1080,960,960,600,1080,1320,1080,840.0000000000001,,,,,,,,,,,,,Amy,2021,2021-09-01 00:00:00,0.09914669578184143,,,us_budget_v2_full_workbook_rows,2026-03-24T16:45:36+00:00
2025 budget doc,20260324T164535Z_2026.01.22 US Spa Sales Budget 2026 FINAL.xlsx,9,14,,,,,,,0.0,,,,,,,,,,,,,,,,,,,,,,,,,,,,,,,,,,,,,,,,,,,,CC,,,"Stars Skincare Med Spa, Florida",Southeast,,,,,,,,,,,,,,,,,,0,,,,,,,,,,,,,,25008,1083.0,1129.5,0.0,,,,,,,,,,,,,,,,,,,,,,,,,,,,,,,,,,,,,,,,,,,,,,,,,,,,,,,,,,,,,,,,,,,,,,,,,,,,,,,,,,,,,,,,,,,,,,,,,,,,,,0,0,0,0,0,0,0,0,0,0,0,0,,,,,,,,,,,,,Lisa,2021,2021-12-01 00:00:00,,,,us_budget_v2_full_workbook_rows,2026-03-24T16:45:36+00:00
2025 budget doc,20260324T164535Z_2026.01.22 US Spa Sales Budget 2026 FINAL.xlsx,9,15,,,,,,,29500.0,,,,,,,,,,,,,,,,,,,,,,,,,,,,,,,,,,,,,,,,,,,,AA,,,"Four Seasons Hotel, Fort Lauderdale; FL",Southeast,,,,,,,,,,,,,,,,,,50000,,,,,,,,,,,,,,25010,54627.81,53276.36,45516.32,,,,,,,,,,,,,,,,,,,,,,,,,,,,,,,,,,,,,,,,,,,,,,,,,,,,,,,,,,,,,,,,,,,,,,,,,,,,,,,,,,,,,,,,,,,,,,,,,,,,,,4000,3500.0000000000005,5000,4500,4500,4000,4000,2500,4500,5500,4500,3500.0000000000005,,,,,,,,,,,,,Lisa,2022,2022-01-01 00:00:00,0.09850708493129501,,,us_budget_v2_full_workbook_rows,2026-03-24T16:45:36+00:00
2025 budget doc,20260324T164535Z_2026.01.22 US Spa Sales Budget 2026 FINAL.xlsx,9,16,,,,,,,70800.0,,,,,,,,,,,,,,,,,,,,,,,,,,,,,,,,,,,,,,,,,,,,AA,,,"Rosewood Sense Spa, CA",West,,,,,,,,,,,,,,,,,,120000,,,,,,,,,,,,,,25012,127800.66,127251.66,104398.38,,,,,,,,,,,,,,,,,,,,,,,,,,,,,,,,,,,,,,,,,,,,,,,,,,,,,,,,,,,,,,,,,,,,,,,,,,,,,,,,,,,,,,,,,,,,,,,,,,,,,,9600,8400,12000,10800,10800,9600,9600,6000,10800,13200,10800,8400,,,,,,,,,,,,,Amy,2022,2022-03-01 00:00:00,0.1494431235427216,,,us_budget_v2_full_workbook_rows,2026-03-24T16:45:36+00:00
2025 budget doc,20260324T164535Z_2026.01.22 US Spa Sales Budget 2026 FINAL.xlsx,9,17,,,,,,,1770.0,,,,,,,,,,,,,,,,,,,,,,,,,,,,,,,,,,,,,,,,,,,,CC,,,Gateway Canyon Resort & Spa; CO,West,,,,,,,,,,,,,,,,,,3000,,,,,,,,,,,,,,25015,9631.1,6958.48,2717.32,,,,,,,,,,,,,,,,,,,,,,,,,,,,,,,,,,,,,,,,,,,,,,,,,,,,,,,,,,,,,,,,,,,,,,,,,,,,,,,,,,,,,,,,,,,,,,,,,,,,,,240,210.00000000000003,300,270,270,240,240,150,270,330,270,210.00000000000003,,,,,,,,,,,,,Amy,2022,2022-03-01 00:00:00,0.10402896972016529,,,us_budget_v2_full_workbook_rows,2026-03-24T16:45:36+00:00
2025 budget doc,20260324T164535Z_2026.01.22 US Spa Sales Budget 2026 FINAL.xlsx,9,18,,,,,,,7080.0,,,,,,,,,,,,,,,,,,,,,,,,,,,,,,,,,,,,,,,,,,,,BC,,,"Williams Island POA, Inc.Florida",Southeast,,,,,,,,,,,,,,,,,,12000,,,,,,,,,,,,,,25016,11106.15,7571.13,11466.5,,,,,,,,,,,,,,,,,,,,,,,,,,,,,,,,,,,,,,,,,,,,,,,,,,,,,,,,,,,,,,,,,,,,,,,,,,,,,,,,,,,,,,,,,,,,,,,,,,,,,,960,840.0000000000001,1200,1080,1080,960,960,600,1080,1320,1080,840.0000000000001,,,,,,,,,,,,,Lisa,2022,2022-04-01 00:00:00,0.04652683905289323,,,us_budget_v2_full_workbook_rows,2026-03-24T16:45:36+00:00
2025 budget doc,20260324T164535Z_2026.01.22 US Spa Sales Budget 2026 FINAL.xlsx,9,19,,,,,,,0.0,,,,,,,,,,,,,,,,,,,,,,,,,,,,,,,,,,,,,,,,,,,,CC,,,"Mt. Bailey Holdings, LLC; Four Seasons Hotel Atlanta",Southeast,,,,,,,,,,,,,,,,,,0,,,,,,,,,,,,,,25024,7009.6,2544.24,0.0,,,,,,,,,,,,,,,,,,,,,,,,,,,,,,,,,,,,,,,,,,,,,,,,,,,,,,,,,,,,,,,,,,,,,,,,,,,,,,,,,,,,,,,,,,,,,,,,,,,,,,0,0,0,0,0,0,0,0,0,0,0,0,,,,,,,,,,,,,Lisa,2022,2022-10-01 00:00:00,,,,us_budget_v2_full_workbook_rows,2026-03-24T16:45:36+00:00
2025 budget doc,20260324T164535Z_2026.01.22 US Spa Sales Budget 2026 FINAL.xlsx,9,20,,,,,,,2950.0,,,,,,,,,,,,,,,,,,,,,,,,,,,,,,,,,,,,,,,,,,,,CB,,,JW Marriott Miami Turnberry,Southeast,,,,,,,,,,,,,,,,,,5000,,,,,,,,,,,,,,25026,0.0,10735.11,3224.75,,,,,,,,,,,,,,,,,,,,,,,,,,,,,,,,,,,,,,,,,,,,,,,,,,,,,,,,,,,,,,,,,,,,,,,,,,,,,,,,,,,,,,,,,,,,,,,,,,,,,,400,350.00000000000006,500,450,450,400,400,250,450,550,450,350.00000000000006,,,,,,,,,,,,,Lisa,2023,2023-01-01 00:00:00,0.5505077913016514,,,us_budget_v2_full_workbook_rows,2026-03-24T16:45:36+00:00
2025 budget doc,20260324T164535Z_2026.01.22 US Spa Sales Budget 2026 FINAL.xlsx,9,21,,,,,,,67850.0,,,,,,,,,,,,,,,,,,,,,,,,,,,,,,,,,,,,,,,,,,,,AA,,,San Manuel Entert.; Yaamava Resort; Highland,West,,,,,,,,,,,,,,,,,,115000,,,,,,,,,,,,,,25027,19362.58,57225.3,107107.55,,,,,,,,,,,,,,,,,,,,,,,,,,,,,,,,,,,,,,,,,,,,,,,,,,,,,,,,,,,,,,,,,,,,,,,,,,,,,,,,,,,,,,,,,,,,,,,,,,,,,,9200,8050.000000000001,11500,10350,10350,9200,9200,5750,10350,12650,10350,8050.000000000001,,,,,,,,,,,,,Amy,2022,2022-12-01 00:00:00,0.07368714903851314,,,us_budget_v2_full_workbook_rows,2026-03-24T16:45:36+00:00
2025 budget doc,20260324T164535Z_2026.01.22 US Spa Sales Budget 2026 FINAL.xlsx,9,22,,,,,,,4720.0,,,,,,,,,,,,,,,,,,,,,,,,,,,,,,,,,,,,,,,,,,,,BC,,,Ana Molinari Inc.; FL,Southeast,,,,,,,,,,,,,,,,,,8000,,,,,,,,,,,,,,25029,0.0,3872.89,7659.26,,,,,,,,,,,,,,,,,,,,,,,,,,,,,,,,,,,,,,,,,,,,,,,,,,,,,,,,,,,,,,,,,,,,,,,,,,,,,,,,,,,,,,,,,,,,,,,,,,,,,,640,560,800,720,720,640,640,400,720,880,720,560,,,,,,,,,,,,,Lisa,2023,2023-01-01 00:00:00,0.044487326451902565,,,us_budget_v2_full_workbook_rows,2026-03-24T16:45:36+00:00
2025 budget doc,20260324T164535Z_2026.01.22 US Spa Sales Budget 2026 FINAL.xlsx,9,23,,,,,,,32450.0,,,,,,,,,,,,,,,,,,,,,,,,,,,,,,,,,,,,,,,,,,,,AA,,,Four Seasons Hotel Las Vegas,West,,,,,,,,,,,,,,,,,,55000,,,,,,,,,,,,,,25032,0.0,38782.75,50110.28,,,,,,,,,,,,,,,,,,,,,,,,,,,,,,,,,,,,,,,,,,,,,,,,,,,,,,,,,,,,,,,,,,,,,,,,,,,,,,,,,,,,,,,,,,,,,,,,,,,,,,4400,3850.0000000000005,5500,4950,4950,4400,4400,2750,4950,6050,4950,3850.0000000000005,,,,,,,,,,,,,Amy,2023,2023-04-01 00:00:00,0.09757917936199911,,,us_budget_v2_full_workbook_rows,2026-03-24T16:45:36+00:00
2025 budget doc,20260324T164535Z_2026.01.22 US Spa Sales Budget 2026 FINAL.xlsx,9,24,,,,,,,0.0,,,,,,,,,,,,,,,,,,,,,,,,,,,,,,,,,,,,,,,,,,,,CA,,,"Live Love Spa; Tustin, CA",West,,,,,,,,,,,,,,,,,,0,,,,,,,,,,,,,,25034,0.0,494.0,0.0,,,,,,,,,,,,,,,,,,,,,,,,,,,,,,,,,,,,,,,,,,,,,,,,,,,,,,,,,,,,,,,,,,,,,,,,,,,,,,,,,,,,,,,,,,,,,,,,,,,,,,0,0,0,0,0,0,0,0,0,0,0,0,,,,,,,,,,,,,Amy,2023,2023-05-01 00:00:00,,,,us_budget_v2_full_workbook_rows,2026-03-24T16:45:36+00:00
2025 budget doc,20260324T164535Z_2026.01.22 US Spa Sales Budget 2026 FINAL.xlsx,9,25,,,,,,,8850.0,,,,,,,,,,,,,,,,,,,,,,,,,,,,,,,,,,,,,,,,,,,,BB,,,Rosewood Little Dix Bay; Helen Lugo,Other,,,,,,,,,,,,,,,,,,15000,,,,,,,,,,,,,,25035,0.0,22651.16,13723.61,,,,,,,,,,,,,,,,,,,,,,,,,,,,,,,,,,,,,,,,,,,,,,,,,,,,,,,,,,,,,,,,,,,,,,,,,,,,,,,,,,,,,,,,,,,,,,,,,,,,,,1200,1050,1500,1350,1350,1200,1200,750,1350,1650,1350,1050,,,,,,,,,,,,,Melissa,2023,2023-09-01 00:00:00,0.09300686918383705,,,us_budget_v2_full_workbook_rows,2026-03-24T16:45:36+00:00
2025 budget doc,20260324T164535Z_2026.01.22 US Spa Sales Budget 2026 FINAL.xlsx,9,26,,,,,,,2950.0,,,,,,,,,,,,,,,,,,,,,,,,,,,,,,,,,,,,,,,,,,,,CC,,,MacArthur Place; LÁuberge de Sonoma LLC; CA,West,,,,,,,,,,,,,,,,,,5000,,,,,,,,,,,,,,25036,0.0,5919.87,2357.58,,,,,,,,,,,,,,,,,,,,,,,,,,,,,,,,,,,,,,,,,,,,,,,,,,,,,,,,,,,,,,,,,,,,,,,,,,,,,,,,,,,,,,,,,,,,,,,,,,,,,,400,350.00000000000006,500,450,450,400,400,250,450,550,450,350.00000000000006,,,,,,,,,,,,,Amy,2023,2023-08-01 00:00:00,1.120818805724514,,,us_budget_v2_full_workbook_rows,2026-03-24T16:45:36+00:00
2025 budget doc,20260324T164535Z_2026.01.22 US Spa Sales Budget 2026 FINAL.xlsx,9,27,,,,,,,9440.0,,,,,,,,,,,,,,,,,,,,,,,,,,,,,,,,,,,,,,,,,,,,BA,,,Equinox Holdings Inc; Boston,Northeast,,,,,,,,,,,,,,,,,,16000,,,,,,,,,,,,,,25037,0.0,20827.14,14341.14,,,,,,,,,,,,,,,,,,,,,,,,,,,,,,,,,,,,,,,,,,,,,,,,,,,,,,,,,,,,,,,,,,,,,,,,,,,,,,,,,,,,,,,,,,,,,,,,,,,,,,1280,1120,1600,1440,1440,1280,1280,800,1440,1760,1440,1120,,,,,,,,,,,,,Bridget,2023,2023-08-01 00:00:00,0.11567141803231817,,,us_budget_v2_full_workbook_rows,2026-03-24T16:45:36+00:00
2025 budget doc,20260324T164535Z_2026.01.22 US Spa Sales Budget 2026 FINAL.xlsx,9,28,,,,,,,0.0,,,,,,,,,,,,,,,,,,,,,,,,,,,,,,,,,,,,,,,,,,,,CC,,,Equinox Holdings Inc; Washington,Northeast,,,,,,,,,,,,,,,,,,0,,,,,,,,,,,,,,25037-2,0.0,0.0,0.0,,,,,,,,,,,,,,,,,,,,,,,,,,,,,,,,,,,,,,,,,,,,,,,,,,,,,,,,,,,,,,,,,,,,,,,,,,,,,,,,,,,,,,,,,,,,,,,,,,,,,,0,0,0,0,0,0,0,0,0,0,0,0,,,,,,,,,,,,,Bridget,2023,2023-08-01 00:00:00,,,,us_budget_v2_full_workbook_rows,2026-03-24T16:45:36+00:00
2025 budget doc,20260324T164535Z_2026.01.22 US Spa Sales Budget 2026 FINAL.xlsx,9,29,,,,,,,15340.0,,,,,,,,,,,,,,,,,,,,,,,,,,,,,,,,,,,,,,,,,,,,AB,,,"Lemon & Honey Day Spa; Orange, CA",West,,,,,,,,,,,,,,,,,,26000,,,,,,,,,,,,,,25038,0.0,5204.37,24530.96,,,,,,,,,,,,,,,,,,,,,,,,,,,,,,,,,,,,,,,,,,,,,,,,,,,,,,,,,,,,,,,,,,,,,,,,,,,,,,,,,,,,,,,,,,,,,,,,,,,,,,2080,1820.0000000000002,2600,2340,2340,2080,2080,1300,2340,2860,2340,1820.0000000000002,,,,,,,,,,,,,Amy,2023,2023-10-01 00:00:00,0.05988514106255938,,,us_budget_v2_full_workbook_rows,2026-03-24T16:45:36+00:00
2025 budget doc,20260324T164535Z_2026.01.22 US Spa Sales Budget 2026 FINAL.xlsx,9,30,,,,,,,9440.0,,,,,,,,,,,,,,,,,,,,,,,,,,,,,,,,,,,,,,,,,,,,NKD24,,,Four Seasons Hotel Austin; DTRS Austin LLC,West,,,,,,,,,,,,,,,,,,16000,,,,,,,,,,,,,,25039,0.0,0.0,14645.32,,,,,,,,,,,,,,,,,,,,,,,,,,,,,,,,,,,,,,,,,,,,,,,,,,,,,,,,,,,,,,,,,,,,,,,,,,,,,,,,,,,,,,,,,,,,,,,,,,,,,,1280,1120,1600,1440,1440,1280,1280,800,1440,1760,1440,1120,,,,,,,,,,,,,Amy,2024,2024-03-01 00:00:00,0.09249917379749983,,,us_budget_v2_full_workbook_rows,2026-03-24T16:45:36+00:00
2025 budget doc,20260324T164535Z_2026.01.22 US Spa Sales Budget 2026 FINAL.xlsx,9,31,,,,,,,4720.0,,,,,,,,,,,,,,,,,,,,,,,,,,,,,,,,,,,,,,,,,,,,BB,,,AMG Investments LLC; Fl,Southeast,,,,,,,,,,,,,,,,,,8000,,,,,,,,,,,,,,25040,0.0,6216.36,7421.06,,,,,,,,,,,,,,,,,,,,,,,,,,,,,,,,,,,,,,,,,,,,,,,,,,,,,,,,,,,,,,,,,,,,,,,,,,,,,,,,,,,,,,,,,,,,,,,,,,,,,,640,560,800,720,720,640,640,400,720,880,720,560,,,,,,,,,,,,,Lisa,2023,2023-10-01 00:00:00,0.07801311402953215,,,us_budget_v2_full_workbook_rows,2026-03-24T16:45:36+00:00
2025 budget doc,20260324T164535Z_2026.01.22 US Spa Sales Budget 2026 FINAL.xlsx,9,32,,,,,,,29500.0,,,,,,,,,,,,,,,,,,,,,,,,,,,,,,,,,,,,,,,,,,,,AA,,,Eau Spa Palm Beach; Fl,Southeast,,,,,,,,,,,,,,,,,,50000,,,,,,,,,,,,,,25042,0.0,24324.0,46694.01,,,,,,,,,,,,,,,,,,,,,,,,,,,,,,,,,,,,,,,,,,,,,,,,,,,,,,,,,,,,,,,,,,,,,,,,,,,,,,,,,,,,,,,,,,,,,,,,,,,,,,4000,3500.0000000000005,5000,4500,4500,4000,4000,2500,4500,5500,4500,3500.0000000000005,,,,,,,,,,,,,Lisa,2023,2023-12-01 00:00:00,0.07080115843552526,,,us_budget_v2_full_workbook_rows,2026-03-24T16:45:36+00:00
2025 budget doc,20260324T164535Z_2026.01.22 US Spa Sales Budget 2026 FINAL.xlsx,9,33,,,,,,,1770.0,,,,,,,,,,,,,,,,,,,,,,,,,,,,,,,,,,,,,,,,,,,,CC,,,"Jupiter Island Holdings, Inc.; Fl",Southeast,,,,,,,,,,,,,,,,,,3000,,,,,,,,,,,,,,25043,0.0,1212.0,2916.0,,,,,,,,,,,,,,,,,,,,,,,,,,,,,,,,,,,,,,,,,,,,,,,,,,,,,,,,,,,,,,,,,,,,,,,,,,,,,,,,,,,,,,,,,,,,,,,,,,,,,,240,210.00000000000003,300,270,270,240,240,150,270,330,270,210.00000000000003,,,,,,,,,,,,,Lisa,2023,2023-12-01 00:00:00,0.028806584362139898,,,us_budget_v2_full_workbook_rows,2026-03-24T16:45:36+00:00
2025 budget doc,20260324T164535Z_2026.01.22 US Spa Sales Budget 2026 FINAL.xlsx,9,34,,,,,,,14750.0,,,,,,,,,,,,,,,,,,,,,,,,,,,,,,,,,,,,,,,,,,,,NKD24,,,The Elms Hotel and Spa; Missouri,Northeast,,,,,,,,,,,,,,,,,,25000,,,,,,,,,,,,,,25044,0.0,0.0,23382.73,,,,,,,,,,,,,,,,,,,,,,,,,,,,,,,,,,,,,,,,,,,,,,,,,,,,,,,,,,,,,,,,,,,,,,,,,,,,,,,,,,,,,,,,,,,,,,,,,,,,,,2000,1750.0000000000002,2500,2250,2250,2000,2000,1250,2250,2750,2250,1750.0000000000002,,,,,,,,,,,,,Bridget,2024,2024-01-01 00:00:00,0.06916514880854385,,,us_budget_v2_full_workbook_rows,2026-03-24T16:45:36+00:00
2025 budget doc,20260324T164535Z_2026.01.22 US Spa Sales Budget 2026 FINAL.xlsx,9,35,,,,,,,14750.0,,,,,,,,,,,,,,,,,,,,,,,,,,,,,,,,,,,,,,,,,,,,NKD24,,,dba Haven Spa,Northeast,,,,,,,,,,,,,,,,,,25000,,,,,,,,,,,,,,25045,0.0,0.0,23105.03,,,,,,,,,,,,,,,,,,,,,,,,,,,,,,,,,,,,,,,,,,,,,,,,,,,,,,,,,,,,,,,,,,,,,,,,,,,,,,,,,,,,,,,,,,,,,,,,,,,,,,2000,1750.0000000000002,2500,2250,2250,2000,2000,1250,2250,2750,2250,1750.0000000000002,,,,,,,,,,,,,Bridget,2024,2024-02-01 00:00:00,0.08201547455251101,,,us_budget_v2_full_workbook_rows,2026-03-24T16:45:36+00:00
2025 budget doc,20260324T164535Z_2026.01.22 US Spa Sales Budget 2026 FINAL.xlsx,9,36,,,,,,,9440.0,,,,,,,,,,,,,,,,,,,,,,,,,,,,,,,,,,,,,,,,,,,,NKD24,,,"Beverly Wilshire,Four Seasons Hotel, CA",West,,,,,,,,,,,,,,,,,,16000,,,,,,,,,,,,,,25046,0.0,0.0,14440.24,,,,,,,,,,,,,,,,,,,,,,,,,,,,,,,,,,,,,,,,,,,,,,,,,,,,,,,,,,,,,,,,,,,,,,,,,,,,,,,,,,,,,,,,,,,,,,,,,,,,,,1280,1120,1600,1440,1440,1280,1280,800,1440,1760,1440,1120,,,,,,,,,,,,,Amy,2024,2024-04-01 00:00:00,0.1080148252383617,,,us_budget_v2_full_workbook_rows,2026-03-24T16:45:36+00:00
2025 budget doc,20260324T164535Z_2026.01.22 US Spa Sales Budget 2026 FINAL.xlsx,9,37,,,,,,,26550.0,,,,,,,,,,,,,,,,,,,,,,,,,,,,,,,,,,,,,,,,,,,,NKD24,,,"Four Seasons Resort Orlando,FL",Southeast,,,,,,,,,,,,,,,,,,45000,,,,,,,,,,,,,,25047,0.0,0.0,37356.63,,,,,,,,,,,,,,,,,,,,,,,,,,,,,,,,,,,,,,,,,,,,,,,,,,,,,,,,,,,,,,,,,,,,,,,,,,,,,,,,,,,,,,,,,,,,,,,,,,,,,,3600,3150.0000000000005,4500,4050,4050,3600,3600,2250,4050,4950,4050,3150.0000000000005,,,,,,,,,,,,,Lisa,2024,2024-05-01 00:00:00,0.204605447547062,,,us_budget_v2_full_workbook_rows,2026-03-24T16:45:36+00:00
2025 budget doc,20260324T164535Z_2026.01.22 US Spa Sales Budget 2026 FINAL.xlsx,9,38,,,,,,,10620.0,,,,,,,,,,,,,,,,,,,,,,,,,,,,,,,,,,,,,,,,,,,,NKD24,,,Four Seasons Baltimore; MD,Northeast,,,,,,,,,,,,,,,,,,18000,,,,,,,,,,,,,,25049,0.0,0.0,15753.72,,,,,,,,,,,,,,,,,,,,,,,,,,,,,,,,,,,,,,,,,,,,,,,,,,,,,,,,,,,,,,,,,,,,,,,,,,,,,,,,,,,,,,,,,,,,,,,,,,,,,,1440,1260.0000000000002,1800,1620,1620,1440,1440,900,1620,1980,1620,1260.0000000000002,,,,,,,,,,,,,Bridget,2024,2024-05-01 00:00:00,0.14258727462466014,,,us_budget_v2_full_workbook_rows,2026-03-24T16:45:36+00:00
2025 budget doc,20260324T164535Z_2026.01.22 US Spa Sales Budget 2026 FINAL.xlsx,9,39,,,,,,,9440.0,,,,,,,,,,,,,,,,,,,,,,,,,,,,,,,,,,,,,,,,,,,,NKD24,,,"Mokara Hotel & Spa, Omni Hotels Management Corp.",West,,,,,,,,,,,,,,,,,,16000,,,,,,,,,,,,,,25050,0.0,0.0,12142.96,,,,,,,,,,,,,,,,,,,,,,,,,,,,,,,,,,,,,,,,,,,,,,,,,,,,,,,,,,,,,,,,,,,,,,,,,,,,,,,,,,,,,,,,,,,,,,,,,,,,,,1280,1120,1600,1440,1440,1280,1280,800,1440,1760,1440,1120,,,,,,,,,,,,,Amy,2024,2024-06-01 00:00:00,0.3176358976723963,,,us_budget_v2_full_workbook_rows,2026-03-24T16:45:36+00:00
2025 budget doc,20260324T164535Z_2026.01.22 US Spa Sales Budget 2026 FINAL.xlsx,9,40,,,,,,,2950.0,,,,,,,,,,,,,,,,,,,,,,,,,,,,,,,,,,,,,,,,,,,,NKD24,,,Rosewood Miramar Beach; CA,West,,,,,,,,,,,,,,,,,,5000,,,,,,,,,,,,,,25052,0.0,0.0,1734.0,,,,,,,,,,,,,,,,,,,,,,,,,,,,,,,,,,,,,,,,,,,,,,,,,,,,,,,,,,,,,,,,,,,,,,,,,,,,,,,,,,,,,,,,,,,,,,,,,,,,,,400,350.00000000000006,500,450,450,400,400,250,450,550,450,350.00000000000006,,,,,,,,,,,,,Amy,2024,2024-07-01 00:00:00,1.883506343713956,,,us_budget_v2_full_workbook_rows,2026-03-24T16:45:36+00:00
2025 budget doc,20260324T164535Z_2026.01.22 US Spa Sales Budget 2026 FINAL.xlsx,9,41,,,,,,,7080.0,,,,,,,,,,,,,,,,,,,,,,,,,,,,,,,,,,,,,,,,,,,,NKD24,,,"Bonnie Frances Skin;Phoenix, AZ",West,,,,,,,,,,,,,,,,,,12000,,,,,,,,,,,,,,25053,0.0,0.0,8196.53,,,,,,,,,,,,,,,,,,,,,,,,,,,,,,,,,,,,,,,,,,,,,,,,,,,,,,,,,,,,,,,,,,,,,,,,,,,,,,,,,,,,,,,,,,,,,,,,,,,,,,960,840.0000000000001,1200,1080,1080,960,960,600,1080,1320,1080,840.0000000000001,,,,,,,,,,,,,Amy,2024,2024-08-01 00:00:00,0.4640341705575406,,,us_budget_v2_full_workbook_rows,2026-03-24T16:45:36+00:00
2025 budget doc,20260324T164535Z_2026.01.22 US Spa Sales Budget 2026 FINAL.xlsx,9,42,,,,,,,14750.0,,,,,,,,,,,,,,,,,,,,,,,,,,,,,,,,,,,,,,,,,,,,NKD24,,,Four Seasons Hotel Nashville; TN,Southeast,,,,,,,,,,,,,,,,,,25000,,,,,,,,,,,,,,25054,0.0,0.0,17876.19,,,,,,,,,,,,,,,,,,,,,,,,,,,,,,,,,,,,,,,,,,,,,,,,,,,,,,,,,,,,,,,,,,,,,,,,,,,,,,,,,,,,,,,,,,,,,,,,,,,,,,2000,1750.0000000000002,2500,2250,2250,2000,2000,1250,2250,2750,2250,1750.0000000000002,,,,,,,,,,,,,Lisa,2024,2024-08-01 00:00:00,0.39850829511210173,,,us_budget_v2_full_workbook_rows,2026-03-24T16:45:36+00:00
2025 budget doc,20260324T164535Z_2026.01.22 US Spa Sales Budget 2026 FINAL.xlsx,9,43,,,,,,,7080.0,,,,,,,,,,,,,,,,,,,,,,,,,,,,,,,,,,,,,,,,,,,,NKD24,,,USREC Banyan Cay Resort LLC,Southeast,,,,,,,,,,,,,,,,,,12000,,,,,,,,,,,,,,25055,0.0,0.0,8785.32,,,,,,,,,,,,,,,,,,,,,,,,,,,,,,,,,,,,,,,,,,,,,,,,,,,,,,,,,,,,,,,,,,,,,,,,,,,,,,,,,,,,,,,,,,,,,,,,,,,,,,960,840.0000000000001,1200,1080,1080,960,960,600,1080,1320,1080,840.0000000000001,,,,,,,,,,,,,Lisa,2024,2024-09-01 00:00:00,0.36591495813470654,,,us_budget_v2_full_workbook_rows,2026-03-24T16:45:36+00:00
2025 budget doc,20260324T164535Z_2026.01.22 US Spa Sales Budget 2026 FINAL.xlsx,9,44,,,,,,,29500.0,,,,,,,,,,,,,,,,,,,,,,,,,,,,,,,,,,,,,,,,,,,,NKD24,,,AMI LLC Bergamos Retreat,West,,,,,,,,,,,,,,,,,,50000,,,,,,,,,,,,,,25056,0.0,0.0,34205.64,,,,,,,,,,,,,,,,,,,,,,,,,,,,,,,,,,,,,,,,,,,,,,,,,,,,,,,,,,,,,,,,,,,,,,,,,,,,,,,,,,,,,,,,,,,,,,,,,,,,,,4000,3500.0000000000005,5000,4500,4500,4000,4000,2500,4500,5500,4500,3500.0000000000005,,,,,,,,,,,,,Amy,2024,2024-09-01 00:00:00,0.46174724402174605,,,us_budget_v2_full_workbook_rows,2026-03-24T16:45:36+00:00
2025 budget doc,20260324T164535Z_2026.01.22 US Spa Sales Budget 2026 FINAL.xlsx,9,45,,,,,,,5900.0,,,,,,,,,,,,,,,,,,,,,,,,,,,,,,,,,,,,,,,,,,,,NKD24,,,Waldorf Astoria Spa Chicago,Other,,,,,,,,,,,,,,,,,,10000,,,,,,,,,,,,,,25057,0.0,0.0,0.0,,,,,,,,,,,,,,,,,,,,,,,,,,,,,,,,,,,,,,,,,,,,,,,,,,,,,,,,,,,,,,,,,,,,,,,,,,,,,,,,,,,,,,,,,,,,,,,,,,,,,,800,700.0000000000001,1000,900,900,800,800,500,900,1100,900,700.0000000000001,,,,,,,,,,,,,Melissa,2024,2024-10-01 00:00:00,,,,us_budget_v2_full_workbook_rows,2026-03-24T16:45:36+00:00
2025 budget doc,20260324T164535Z_2026.01.22 US Spa Sales Budget 2026 FINAL.xlsx,9,46,,,,,,,7080.0,,,,,,,,,,,,,,,,,,,,,,,,,,,,,,,,,,,,,,,,,,,,NKD24,,,"Five Point Five, Inc.",West,,,,,,,,,,,,,,,,,,12000,,,,,,,,,,,,,,25058,0.0,0.0,4359.49,,,,,,,,,,,,,,,,,,,,,,,,,,,,,,,,,,,,,,,,,,,,,,,,,,,,,,,,,,,,,,,,,,,,,,,,,,,,,,,,,,,,,,,,,,,,,,,,,,,,,,960,840.0000000000001,1200,1080,1080,960,960,600,1080,1320,1080,840.0000000000001,,,,,,,,,,,,,Amy,2024,2024-10-01 00:00:00,1.7526155582419047,,,us_budget_v2_full_workbook_rows,2026-03-24T16:45:36+00:00
2025 budget doc,20260324T164535Z_2026.01.22 US Spa Sales Budget 2026 FINAL.xlsx,9,47,,,,,,,7080.0,,,,,,,,,,,,,,,,,,,,,,,,,,,,,,,,,,,,,,,,,,,,NKD24,,,Red Rock Tivoli Aestetics,Other,,,,,,,,,,,,,,,,,,12000,,,,,,,,,,,,,,25059,0.0,0.0,2469.97,,,,,,,,,,,,,,,,,,,,,,,,,,,,,,,,,,,,,,,,,,,,,,,,,,,,,,,,,,,,,,,,,,,,,,,,,,,,,,,,,,,,,,,,,,,,,,,,,,,,,,960,840.0000000000001,1200,1080,1080,960,960,600,1080,1320,1080,840.0000000000001,,,,,,,,,,,,,Melissa,2024,2024-12-01 00:00:00,3.858358603545793,,,us_budget_v2_full_workbook_rows,2026-03-24T16:45:36+00:00
2025 budget doc,20260324T164535Z_2026.01.22 US Spa Sales Budget 2026 FINAL.xlsx,9,48,,,,,,,0.0,,,,,,,,,,,,,,,,,,,,,,,,,,,,,,,,,,,,,,,,,,,,,,,,,,,,,,,,,,,,,,,,,,,,,,,,,,,,,,,,,,,,,,,,,,,,,,,,,,,,,,,,,,,,,,,,,,,,,,,,,,,,,,,,,,,,,,,,,,,,,,,,,,,,,,,,,,,,,,,,,,,,,,,,,,,,,,,,,,,,,,,,,,,,,,,,,,,,,,,,,,,,,,,,,,,,,,,us_budget_v2_full_workbook_rows,2026-03-24T16:45:36+00:00
2025 budget doc,20260324T164535Z_2026.01.22 US Spa Sales Budget 2026 FINAL.xlsx,9,49,,,,,,,106200.0,,,,,,,,,,,,,,,,,,,,,,,,,,,,,,,,,,,,,,,,,,,,NKD25,,,New Customers - Amy,West,,,,,,,,,,,,,,,,,,180000,,,,,,,,,,,,,,NKD25,0.0,0.0,0.0,,,,,,,,,,,,,,,,,,,,,,,,,,,,,,,,,,,,,,,,,,,,,,,,,,,,,,,,,,,,,,,,,,,,,,,,,,,,,,,,,,,,,,,,,,,,,,,,,,,,,,14400,12600.000000000002,18000,16200,16200,14400,14400,9000,16200,19800,16200,12600.000000000002,,,,,,,,,,,,,Amy,,,,,,us_budget_v2_full_workbook_rows,2026-03-24T16:45:36+00:00
2025 budget doc,20260324T164535Z_2026.01.22 US Spa Sales Budget 2026 FINAL.xlsx,9,50,,,,,,,106200.0,,,,,,,,,,,,,,,,,,,,,,,,,,,,,,,,,,,,,,,,,,,,NKD25,,,New Customers - Lisa,Southeast,,,,,,,,,,,,,,,,,,180000,,,,,,,,,,,,,,NKD25,0.0,0.0,0.0,,,,,,,,,,,,,,,,,,,,,,,,,,,,,,,,,,,,,,,,,,,,,,,,,,,,,,,,,,,,,,,,,,,,,,,,,,,,,,,,,,,,,,,,,,,,,,,,,,,,,,14400,12600.000000000002,18000,16200,16200,14400,14400,9000,16200,19800,16200,12600.000000000002,,,,,,,,,,,,,Lisa,,,,,,us_budget_v2_full_workbook_rows,2026-03-24T16:45:36+00:00
2025 budget doc,20260324T164535Z_2026.01.22 US Spa Sales Budget 2026 FINAL.xlsx,9,51,,,,,,,18000.0,,,,,,,,,,,,,,,,,,,,,,,,,,,,,,,,,,,,,,,,,,,,NKD25,,,New Customers - Nicole,Northeast,,,,,,,,,,,,,,,,,,100000,,,,,,,,,,,,,,NKD25,0.0,0.0,0.0,,,,,,,,,,,,,,,,,,,,,,,,,,,,,,,,,,,,,,,,,,,,,,,,,,,,,,,,,,,,,,,,,,,,,,,,,,,,,,,,,,,,,,,,,,,,,,,,,,,,,,,,,,4500,4500,9000,12000,15000,17000,18000,20000,,,,,,,,,,,,,Nicole,,,,,,us_budget_v2_full_workbook_rows,2026-03-24T16:45:36+00:00
2025 budget doc,20260324T164535Z_2026.01.22 US Spa Sales Budget 2026 FINAL.xlsx,9,52,,,,,,,18000.0,,,,,,,,,,,,,,,,,,,,,,,,,,,,,,,,,,,,,,,,,,,,NKD25,,,New Customers - Emily,Central,,,,,,,,,,,,,,,,,,100000,,,,,,,,,,,,,,NKD25,,,,,,,,,,,,,,,,,,,,,,,,,,,,,,,,,,,,,,,,,,,,,,,,,,,,,,,,,,,,,,,,,,,,,,,,,,,,,,,,,,,,,,,,,,,,,,,,,,,,,,,,,,,,,4500,4500,9000,12000,15000,17000,18000,20000,,,,,,,,,,,,,Emily,,,,,,us_budget_v2_full_workbook_rows,2026-03-24T16:45:36+00:00
2025 budget doc,20260324T164535Z_2026.01.22 US Spa Sales Budget 2026 FINAL.xlsx,9,53,,,,,,,53100.0,,,,,,,,,,,,,,,,,,,,,,,,,,,,,,,,,,,,,,,,,,,,NKD25,,,New Customers - Other,Other,,,,,,,,,,,,,,,,,,90000,,,,,,,,,,,,,,NKD25,0.0,0.0,0.0,,,,,,,,,,,,,,,,,,,,,,,,,,,,,,,,,,,,,,,,,,,,,,,,,,,,,,,,,,,,,,,,,,,,,,,,,,,,,,,,,,,,,,,,,,,,,,,,,,,,,,7200,6300.000000000001,9000,8100,8100,7200,7200,4500,8100,9900,8100,6300.000000000001,,,,,,,,,,,,,Melissa,,,,,,us_budget_v2_full_workbook_rows,2026-03-24T16:45:36+00:00
2025 budget doc,20260324T164535Z_2026.01.22 US Spa Sales Budget 2026 FINAL.xlsx,9,54,,,,,,,0.0,,,,,,,,,,,,,,,,,,,,,,,,,,,,,,,,,,,,,,,,,,,,,,,,,,,,,,,,,,,,,,,,,,,,,,,,,,,,,,,,,,,,,,,,,,,,,,,,,,,,,,,,,,,,,,,,,,,,,,,,,,,,,,,,,,,,,,,,,,,,,,,,,,,,,,,,,,,,,,,,,,,,,,,,,,,,,,,,,,,,,,,,,,,,,,,,,,,,,,,,,,,,,,,,,,,,,,,us_budget_v2_full_workbook_rows,2026-03-24T16:45:36+00:00
2025 budget doc,20260324T164535Z_2026.01.22 US Spa Sales Budget 2026 FINAL.xlsx,9,55,,,,,,,14750.0,,,,,,,,,,,,,,,,,,,,,,,,,,,,,,,,,,,,,,,,,,,,,,,Saks.com LLC; NY (Web orders),Retail,,,,,,,,,,,,,,,,,,25000,,,,,,,,,,,,,,25030,,,24726.0,,,,,,,,,,,,,,,,,,,,,,,,,,,,,,,,,,,,,,,,,,,,,,,,,,,,,,,,,,,,,,,,,,,,,,,,,,,,,,,,,,,,,,,,,,,,,,,,,,,,,,2000,1750.0000000000002,2500,2250,2250,2000,2000,1250,2250,2750,2250,1750.0000000000002,,,,,,,,,,,,,Retail,,,,,,us_budget_v2_full_workbook_rows,2026-03-24T16:45:36+00:00
2025 budget doc,20260324T164535Z_2026.01.22 US Spa Sales Budget 2026 FINAL.xlsx,9,56,,,,,,,0.0,,,,,,,,,,,,,,,,,,,,,,,,,,,,,,,,,,,,,,,,,,,,,,,"Saks & Co. LLC, NY (Palm Dessert B&M)",Retail,,,,,,,,,,,,,,,,,,,,,,,,,,,,,,,,25031,,,0.0,,,,,,,,,,,,,,,,,,,,,,,,,,,,,,,,,,,,,,,,,,,,,,,,,,,,,,,,,,,,,,,,,,,,,,,,,,,,,,,,,,,,,,,,,,,,,,,,,,,,,,0,0,0,0,0,0,0,0,0,0,0,0,,,,,,,,,,,,,Retail,,,,,,us_budget_v2_full_workbook_rows,2026-03-24T16:45:36+00:00
2025 budget doc,20260324T164535Z_2026.01.22 US Spa Sales Budget 2026 FINAL.xlsx,9,57,,,,,,,5900.0,,,,,,,,,,,,,,,,,,,,,,,,,,,,,,,,,,,,,,,,,,,,,,,Luisa via Roma Group; New York,Retail,,,,,,,,,,,,,,,,,,10000,,,,,,,,,,,,,,25048,,,2254.22,,,,,,,,,,,,,,,,,,,,,,,,,,,,,,,,,,,,,,,,,,,,,,,,,,,,,,,,,,,,,,,,,,,,,,,,,,,,,,,,,,,,,,,,,,,,,,,,,,,,,,800,700.0000000000001,1000,900,900,800,800,500,900,1100,900,700.0000000000001,,,,,,,,,,,,,Retail,,,,,,us_budget_v2_full_workbook_rows,2026-03-24T16:45:36+00:00
2025 budget doc,20260324T164535Z_2026.01.22 US Spa Sales Budget 2026 FINAL.xlsx,9,58,,,,,,,14750.0,,,,,,,,,,,,,,,,,,,,,,,,,,,,,,,,,,,,,,,,,,,,,,,Rennai Royalmount; Canada,Retail,,,,,,,,,,,,,,,,,,25000,,,,,,,,,,,,,,25051,,,18016.32,,,,,,,,,,,,,,,,,,,,,,,,,,,,,,,,,,,,,,,,,,,,,,,,,,,,,,,,,,,,,,,,,,,,,,,,,,,,,,,,,,,,,,,,,,,,,,,,,,,,,,2000,1750.0000000000002,2500,2250,2250,2000,2000,1250,2250,2750,2250,1750.0000000000002,,,,,,,,,,,,,Retail,,,,,,us_budget_v2_full_workbook_rows,2026-03-24T16:45:36+00:00
List,20260324T164535Z_2026.01.22 US Spa Sales Budget 2026 FINAL.xlsx,1,2,,,,,,,,,,,,,,,,,,,,,,,,,,,,,,,,,,,,,,,,,,,,,,,,,,,,,,,,,,,,,,,,,,,,,,,,,,,,,,,,,,,,,,,,,,,,,,,,,,,,,,,,,,,,,,,,,,,,,,,,,,,,,,,,,,,,,,,,,,,,,,,,,,,,,,,,,,,,,,,,,,,,,,,,,,,,,,,,,,,,,,,,,,,,,,,,,,,,,,,,,,,,,,,,,,,,,,,,,,,,No,Maintain,us_budget_v2_full_workbook_rows,2026-03-24T16:45:36+00:00
List,20260324T164535Z_2026.01.22 US Spa Sales Budget 2026 FINAL.xlsx,1,3,,,,,,,,,,,,,,,,,,,,,,,,,,,,,,,,,,,,,,,,,,,,,,,,,,,,,,,,,,,,,,,,,,,,,,,,,,,,,,,,,,,,,,,,,,,,,,,,,,,,,,,,,,,,,,,,,,,,,,,,,,,,,,,,,,,,,,,,,,,,,,,,,,,,,,,,,,,,,,,,,,,,,,,,,,,,,,,,,,,,,,,,,,,,,,,,,,,,,,,,,,,,,,,,,,,,,,,,,,,,,Lose,us_budget_v2_full_workbook_rows,2026-03-24T16:45:36+00:00
